Id,Designation,Size,CategoryType,SubCategory,Material,Comment,G,h,b,tw,tf,r,d,cw/tw,cf/tf,C,N,n,m2/m1,m2/T,Iy,Iz,iy,iz,Wely,Welz,Wply,Wplz,U,X,Iw,IT,A,e0,r1,r2,cy,cz,Iu,Iv,iu,iv,φa min,φa max,Tan α,φa,d/t,Wt,c/t
,356x406x634 UC,,H,UK,Steel,-,633.9,474.6,424,47.6,77,15.2,290.2,6.1,2.25,26,200,94,2.52,3.98,275000,98100,18.4,11,11600,4630,14200,7110,0.843,5.46,38.8,13700,808,,,,,,,,,,,,,,,,
,356x406x551 UC,,H,UK,Steel,-,551,455.6,418.5,42.1,67.5,15.2,290.2,6.89,2.56,23,200,84,2.47,4.48,227000,82700,18,10.9,9960,3950,12100,6060,0.841,6.05,31.1,9240,702,,,,,,,,,,,,,,,,
,356x406x467 UC,,H,UK,Steel,-,467,436.6,412.2,35.8,58,15.2,290.2,8.11,2.98,20,200,74,2.42,5.18,183000,67800,17.5,10.7,8380,3290,10000,5030,0.839,6.86,24.3,5810,595,,,,,,,,,,,,,,,,
,356x406x393 UC,,H,UK,Steel,-,393,419,407,30.6,49.2,15.2,290.2,9.48,3.52,17,200,66,2.38,6.06,147000,55400,17.1,10.5,7000,2720,8220,4150,0.837,7.86,18.9,3550,501,,,,,,,,,,,,,,,,
,356x406x340 UC,,H,UK,Steel,-,339.9,406.4,403,26.6,42.9,15.2,290.2,10.9,4.03,15,200,60,2.35,6.91,123000,46900,16.8,10.4,6030,2330,7000,3540,0.836,8.85,15.5,2340,433,,,,,,,,,,,,,,,,
,356x406x287 UC,,H,UK,Steel,-,287.1,393.6,399,22.6,36.5,15.2,290.2,12.8,4.74,13,200,52,2.31,8.05,99900,38700,16.5,10.3,5070,1940,5810,2950,0.835,10.2,12.3,1440,366,,,,,,,,,,,,,,,,
,356x406x235 UC,,H,UK,Steel,-,235.1,381,394.8,18.4,30.2,15.2,290.2,15.8,5.73,11,200,46,2.28,9.7,79100,31000,16.3,10.2,4150,1570,4690,2380,0.834,12.1,9.54,812,299,,,,,,,,,,,,,,,,
,356x368x202 UC,,H,UK,Steel,-,201.9,374.6,374.7,16.5,27,15.2,290.2,17.6,6.07,10,190,44,2.19,10.8,66300,23700,16.1,9.6,3540,1260,3970,1920,0.844,13.4,7.16,558,257,,,,,,,,,,,,,,,,
,356x368x177 UC,,H,UK,Steel,-,177,368.2,372.6,14.4,23.8,15.2,290.2,20.2,6.89,9,190,40,2.17,12.3,57100,20500,15.9,9.54,3100,1100,3460,1670,0.844,15,6.09,381,226,,,,,,,,,,,,,,,,
,356x368x153 UC,,H,UK,Steel,-,152.9,362,370.5,12.3,20.7,15.2,290.2,23.6,7.92,8,190,36,2.16,14.1,48600,17600,15.8,9.49,2680,948,2960,1430,0.844,17,5.11,251,195,,,,,,,,,,,,,,,,
,356x368x129 UC,,H,UK,Steel,-,129,355.6,368.6,10.4,17.5,15.2,290.2,27.9,9.37,7,190,34,2.14,16.6,40200,14600,15.6,9.43,2260,793,2480,1200,0.844,19.9,4.18,153,164,,,,,,,,,,,,,,,,
,305x305x283 UC,,H,UK,Steel,-,282.9,365.3,322.2,26.8,44.1,15.2,246.7,9.21,3,15,158,60,1.94,6.86,78900,24600,14.8,8.27,4320,1530,5110,2340,0.855,7.65,6.35,2030,360,,,,,,,,,,,,,,,,
,305x305x240 UC,,H,UK,Steel,-,240,352.5,318.4,23,37.7,15.2,246.7,10.7,3.51,14,158,54,1.91,7.96,64200,20300,14.5,8.15,3640,1280,4250,1950,0.854,8.74,5.03,1270,306,,,,,,,,,,,,,,,,
,305x305x198 UC,,H,UK,Steel,-,198.1,339.9,305.3,19.1,31.4,15.2,246.7,12.9,4.22,12,158,48,1.87,9.44,50900,16300,14.2,8.04,3000,1040,3440,1580,0.854,10.2,3.88,734,252,,,,,,,,,,,,,,,,
,305x305x158 UC,,H,UK,Steel,-,158.1,327.1,311.2,15.8,25,15.2,246.7,15.6,5.3,10,158,42,1.84,11.6,38700,12600,13.9,7.9,2370,808,2680,1230,0.851,12.5,2.87,378,201,,,,,,,,,,,,,,,,
,305x305x137 UC,,H,UK,Steel,-,136.9,320.5,309.2,13.8,21.7,15.2,246.7,17.9,6.11,9,158,38,1.82,13.3,32800,10700,13.7,7.83,2050,692,2300,1050,0.851,14.2,2.39,249,174,,,,,,,,,,,,,,,,
,305x305x118 UC,,H,UK,Steel,-,117.9,314.5,307.4,12,18.7,15.2,246.7,20.6,7.09,8,158,34,1.81,15.4,27700,9060,13.6,7.77,1760,589,1960,895,0.85,16.2,1.98,161,150,,,,,,,,,,,,,,,,
,305x305x97 UC,,H,UK,Steel,-,96.9,307.9,305.3,9.9,15.4,15.2,246.7,24.9,8.6,7,158,32,1.79,18.5,22200,7310,13.4,7.69,1450,479,1590,726,0.85,19.3,1.56,91.2,123,,,,,,,,,,,,,,,,
,254x254x167 UC,,H,UK,Steel,-,167.1,289.1,265.2,19.2,31.7,12.7,200.3,10.4,3.48,12,134,46,1.58,9.46,30000,9870,11.9,6.81,2080,744,2420,1140,0.851,8.49,1.63,626,213,,,,,,,,,,,,,,,,
,254x254x132 UC,,H,UK,Steel,-,132,276.3,261.3,15.3,25.3,12.7,200.3,13.1,4.36,10,134,38,1.55,11.7,22500,7530,11.6,6.69,1630,576,1870,878,0.85,10.3,1.19,319,168,,,,,,,,,,,,,,,,
,254x254x107 UC,,H,UK,Steel,-,107.1,266.7,258.8,12.8,20.5,12.7,200.3,15.6,5.38,8,134,34,1.52,14.2,17500,5930,11.3,6.59,1310,458,1480,697,0.848,12.4,0.898,172,136,,,,,,,,,,,,,,,,
,254x254x89 UC,,H,UK,Steel,-,88.9,260.3,256.3,10.3,17.3,12.7,200.3,19.4,6.38,7,134,30,1.5,16.9,14300,4860,11.2,6.55,1100,379,1220,575,0.85,14.5,0.717,102,113,,,,,,,,,,,,,,,,
,254x254x73 UC,,H,UK,Steel,-,73.1,254.1,254.6,8.6,14.2,12.7,200.3,23.3,7.77,6,134,28,1.49,20.4,11400,3910,11.1,6.48,898,307,992,465,0.849,17.3,0.562,57.6,93.1,,,,,,,,,,,,,,,,
,203x203x127 UC,,H,UK,Steel,Tata,127.5,241.4,213.9,18.1,30.1,10.2,160.8,8.88,2.91,11,108,42,1.28,10,15400,4920,9.75,5.5,1280,460,1520,704,0.854,7.38,0.549,427,162,,,,,,,,,,,,,,,,
,203x203x113 UC,,H,UK,Steel,Tata,113.5,235,212.1,16.3,26.9,10.2,160.8,9.87,3.26,10,108,38,1.27,11.2,13300,4290,9.59,5.45,1130,404,1330,618,0.853,8.11,0.464,305,145,,,,,,,,,,,,,,,,
,203x203x100 UC,,H,UK,Steel,Tata,99.6,228.6,210.3,14.5,23.7,10.2,160.8,11.1,3.7,9,108,34,1.25,12.6,11300,3680,9.44,5.39,988,350,1150,534,0.852,9.02,0.386,210,127,,,,,,,,,,,,,,,,
,203x203x86 UC,,H,UK,Steel,-,86.1,222.2,209.1,12.7,20.5,10.2,160.8,12.7,4.29,8,110,32,1.24,14.4,9450,3130,9.28,5.34,850,299,977,456,0.85,10.2,0.318,137,110,,,,,,,,,,,,,,,,
,203x203x71 UC,,H,UK,Steel,-,71,215.8,206.4,10,17.3,10.2,160.8,16.1,5.09,7,110,28,1.22,17.2,7620,2540,9.18,5.3,706,246,799,374,0.853,11.9,0.25,80.2,90.4,,,,,,,,,,,,,,,,
,203x203x60 UC,,H,UK,Steel,-,60,209.6,205.8,9.4,14.2,10.2,160.8,17.1,6.2,7,110,26,1.21,20.2,6130,2070,8.96,5.2,584,201,656,305,0.846,14.1,0.197,47.2,76.4,,,,,,,,,,,,,,,,
,203x203x52 UC,,H,UK,Steel,-,52,206.2,204.3,7.9,12.5,10.2,160.8,20.4,7.04,6,110,24,1.2,23.1,5260,1780,8.91,5.18,510,174,567,264,0.848,15.8,0.167,31.8,66.3,,,,,,,,,,,,,,,,
,203x203x46 UC,,H,UK,Steel,-,46.1,203.2,203.6,7.2,11,10.2,160.8,22.3,8,6,110,22,1.19,25.8,4570,1550,8.82,5.13,450,152,497,231,0.847,17.7,0.143,22.2,58.7,,,,,,,,,,,,,,,,
,152x152x51 UKC,,H,UK,Steel,Tata,51.2,170.2,157.4,11,15.7,7.6,123.6,11.2,4.18,8,84,24,0.935,18.3,3230,1020,7.04,3.96,379,130,438,199,0.848,10.1,0.061,48.8,65.2,,,,,,,,,,,,,,,,
,152x152x44 UKC,,H,UK,Steel,Tata,44,166,155.9,9.5,13.6,7.6,123.6,13,4.82,7,84,22,0.924,21,2700,860,6.94,3.92,326,110,372,169,0.848,11.5,0.0499,31.7,56.1,,,,,,,,,,,,,,,,
,152x152x37 UC,,H,UK,Steel,-,37,161.8,154.4,8,11.5,7.6,123.6,15.5,5.7,6,84,20,0.912,24.7,2210,706,6.85,3.87,273,91.5,309,140,0.848,13.3,0.0399,19.2,47.1,,,,,,,,,,,,,,,,
,152x152x30 UC,,H,UK,Steel,-,30,157.6,152.9,6.5,9.4,7.6,123.6,19,6.98,5,84,18,0.901,30,1750,560,6.76,3.83,222,73.3,248,112,0.849,16,0.0308,10.5,38.3,,,,,,,,,,,,,,,,
,152x152x23 UC,,H,UK,Steel,-,23,152.4,152.2,5.8,6.8,7.6,123.6,21.3,9.65,5,84,16,0.889,38.7,1250,400,6.54,3.7,164,52.6,182,80.1,0.84,20.7,0.0212,4.63,29.2,,,,,,,,,,,,,,,,
,1016x305x487 UKB,,I,UK,Steel,Tata,486.7,1036.3,308.5,30,54.1,30,868.1,28.9,2.02,17,150,86,3.2,6.58,1020000,26700,40.6,6.57,19700,1730,23200,2800,0.867,21.1,64.4,4300,620,,,,,,,,,,,,,,,,
,1016x305x437 UKB,,I,UK,Steel,Tata,437,1026.1,305.4,26.9,49,30,868.1,32.3,2.23,15,150,80,3.17,7.25,910000,23400,40.4,6.49,17700,1540,20800,2470,0.868,23.1,56,3190,557,,,,,,,,,,,,,,,,
,1016x305x393 UKB,,I,UK,Steel,Tata,392.7,1015.9,303,24.4,43.9,30,868.1,35.6,2.49,14,150,74,3.14,8,808000,20500,40.2,6.4,15900,1350,18500,2170,0.868,25.5,48.4,2330,500,,,,,,,,,,,,,,,,
,1016x305x349 UKB,,I,UK,Steel,Tata,349.4,1008.1,302,21.1,40,30,868.1,41.1,2.76,13,152,70,3.13,8.96,723000,18500,40.3,6.44,14300,1220,16600,1940,0.872,27.9,43.3,1720,445,,,,,,,,,,,,,,,,
,1016x305x314 UKB,,I,UK,Steel,Tata,314.3,999.9,300,19.1,35.9,30,868.1,45.5,3.08,12,152,66,3.11,9.89,644000,16200,40.1,6.37,12900,1080,14800,1710,0.872,30.7,37.7,1260,400,,,,,,,,,,,,,,,,
,1016x305x272 UKB,,I,UK,Steel,Tata,272.3,990.1,300,16.5,31,30,868.1,52.6,3.6,10,152,62,3.1,11.4,554000,14000,40,6.35,11200,934,12800,1470,0.872,35,32.2,835,347,,,,,,,,,,,,,,,,
,1016x305x249 UKB,,I,UK,Steel,Tata,248.7,980.1,300,16.5,26,30,868.1,52.6,4.3,10,152,56,3.08,12.4,481000,11800,39,6.09,9820,784,11300,1240,0.861,39.9,26.8,582,317,,,,,,,,,,,,,,,,
,1016x305x222 UKB,,I,UK,Steel,Tata,222,970.3,300,16,21.1,30,868.1,54.3,5.31,10,152,52,3.06,13.8,408000,9550,38,5.81,8410,636,9810,1020,0.85,45.7,21.5,390,283,,,,,,,,,,,,,,,,
,914x419x388 UB,,I,UK,Steel,-,388,921,420.5,21.4,36.6,24.1,799.6,37.4,4.79,13,210,62,3.44,8.87,720000,45400,38.2,9.59,15600,2160,17700,3340,0.885,26.7,88.9,1730,494,,,,,,,,,,,,,,,,
,914x419x343 UB,,I,UK,Steel,-,343.3,911.8,418.5,19.4,32,24.1,799.6,41.2,5.48,12,210,58,3.42,9.96,626000,39200,37.8,9.46,13700,1870,15500,2890,0.883,30.1,75.8,1190,437,,,,,,,,,,,,,,,,
,914x305x289 UB,,I,UK,Steel,-,289.1,926.6,307.7,19.5,32,19.1,824.4,42.3,3.91,12,156,52,3.01,10.4,504000,15600,37,6.51,10900,1010,12600,1600,0.867,31.9,31.2,926,368,,,,,,,,,,,,,,,,
,914x305x253 UB,,I,UK,Steel,-,253.4,918.4,305.5,17.3,27.9,19.1,824.4,47.7,4.48,11,156,48,2.99,11.8,436000,13300,36.8,6.42,9500,871,10900,1370,0.865,36.2,26.4,626,323,,,,,,,,,,,,,,,,
,914x305x224 UB,,I,UK,Steel,-,224.2,910.4,304.1,15.9,23.9,19.1,824.4,51.8,5.23,10,156,44,2.97,13.2,376000,11200,36.3,6.27,8270,739,9530,1160,0.86,41.3,22.1,422,286,,,,,,,,,,,,,,,,
,914x305x201 UB,,I,UK,Steel,-,200.9,903,303.3,15.1,20.2,19.1,824.4,54.6,6.19,10,156,40,2.96,14.7,325000,9420,35.7,6.07,7200,621,8350,982,0.853,46.9,18.4,291,256,,,,,,,,,,,,,,,,
,838x292x226 UB,,I,UK,Steel,-,226.5,850.9,293.8,16.1,26.8,17.8,761.7,47.3,4.52,10,150,46,2.81,12.4,340000,11400,34.3,6.27,7980,773,9160,1210,0.869,35,19.3,514,289,,,,,,,,,,,,,,,,
,838x292x194 UB,,I,UK,Steel,-,193.8,840.7,292.4,14.7,21.7,17.8,761.7,51.8,5.58,9,150,40,2.79,14.4,279000,9070,33.6,6.06,6640,620,7640,974,0.862,41.6,15.2,306,247,,,,,,,,,,,,,,,,
,838x292x176 UB,,I,UK,Steel,-,175.9,834.9,291.7,14,18.8,17.8,761.7,54.4,6.44,9,150,38,2.78,15.8,246000,7800,33.1,5.9,5890,535,6810,842,0.856,46.5,13,221,224,,,,,,,,,,,,,,,,
,762x267x197 UB,,I,UK,Steel,-,196.8,769.8,268,15.6,25.4,16.5,686,44,4.32,10,138,42,2.55,13,240000,8170,30.9,5.71,6230,610,7170,958,0.869,33.1,11.3,404,251,,,,,,,,,,,,,,,,
,762x267x173 UB,,I,UK,Steel,-,173,762.2,266.7,14.3,21.6,16.5,686,48,5.08,9,138,40,2.53,14.6,205000,6850,30.5,5.58,5390,514,6200,807,0.865,38,9.39,267,220,,,,,,,,,,,,,,,,
,762x267x147 UB,,I,UK,Steel,-,146.9,754,265.2,12.8,17.5,16.5,686,53.6,6.27,8,138,34,2.51,17.1,169000,5460,30,5.4,4470,411,5160,647,0.858,45.2,7.4,159,187,,,,,,,,,,,,,,,,
,762x267x134 UB,,I,UK,Steel,-,133.9,750,264.4,12,15.5,16.5,686,57.2,7.08,8,138,32,2.51,18.7,151000,4790,29.7,5.3,4020,362,4640,570,0.853,49.8,6.46,119,171,,,,,,,,,,,,,,,,
,686x254x170 UB,,I,UK,Steel,-,170.2,692.9,255.8,14.5,23.7,15.2,615.1,42.4,4.45,9,132,40,2.35,13.8,170000,6630,28,5.53,4920,518,5630,811,0.872,31.8,7.42,308,217,,,,,,,,,,,,,,,,
,686x254x152 UB,,I,UK,Steel,-,152.4,687.5,254.5,13.2,21,15.2,615.1,46.6,5.02,9,132,38,2.34,15.4,150000,5780,27.8,5.46,4370,455,5000,710,0.871,35.4,6.42,220,194,,,,,,,,,,,,,,,,
,686x254x140 UB,,I,UK,Steel,-,140.1,683.5,253.7,12.4,19,15.2,615.1,49.6,5.55,8,132,36,2.33,16.6,136000,5180,27.6,5.39,3990,409,4560,638,0.87,38.6,5.72,169,178,,,,,,,,,,,,,,,,
,686x254x125 UB,,I,UK,Steel,-,125.2,677.9,253,11.7,16.2,15.2,615.1,52.6,6.51,8,132,32,2.32,18.5,118000,4380,27.2,5.24,3480,346,3990,542,0.863,43.8,4.8,116,159,,,,,,,,,,,,,,,,
,610x305x238 UB,,I,UK,Steel,-,238.1,635.8,311.4,18.4,31.4,16.5,540,29.3,4.14,11,158,48,2.45,10.3,209000,15800,26.3,7.23,6590,1020,7490,1570,0.886,21.3,14.5,785,303,,,,,,,,,,,,,,,,
,610x305x179 UB,,I,UK,Steel,-,179,620.2,307.1,14.1,23.6,16.5,540,38.3,5.51,9,158,42,2.41,13.5,153000,11400,25.9,7.07,4930,743,5550,1140,0.885,27.7,10.2,340,228,,,,,,,,,,,,,,,,
,610x305x149 UB,,I,UK,Steel,-,149.2,612.4,304.8,11.8,19.7,16.5,540,45.8,6.6,8,158,38,2.39,16,126000,9310,25.7,7,4110,611,4590,937,0.886,32.7,8.17,200,190,,,,,,,,,,,,,,,,
,610x229x140 UB,,I,UK,Steel,-,139.9,617.2,230.2,13.1,22.1,12.7,547.6,41.8,4.34,9,120,36,2.11,15.1,112000,4510,25,5.03,3620,391,4140,611,0.875,30.6,3.99,216,178,,,,,,,,,,,,,,,,
,610x229x125 UB,,I,UK,Steel,-,125.1,612.2,229,11.9,19.6,12.7,547.6,46,4.89,8,120,34,2.09,16.7,98600,3930,24.9,4.97,3220,343,3680,535,0.875,34,3.45,154,159,,,,,,,,,,,,,,,,
,610x229x113 UB,,I,UK,Steel,-,113,607.6,228.2,11.1,17.3,12.7,547.6,49.3,5.54,8,120,30,2.08,18.4,87300,3430,24.6,4.88,2870,301,3280,469,0.87,38,2.99,111,144,,,,,,,,,,,,,,,,
,610x229x101 UB,,I,UK,Steel,-,101.2,602.6,227.6,10.5,14.8,12.7,547.6,52.2,6.48,7,120,28,2.07,20.5,75800,2910,24.2,4.75,2520,256,2880,400,0.863,43,2.52,77,129,,,,,,,,,,,,,,,,
,610x178x100 UKB,,I,UK,Steel,Tata,100.3,607.4,179.2,11.3,17.2,12.7,547.6,48.5,4.14,8,94,30,1.89,18.8,72500,1660,23.8,3.6,2390,185,2790,296,0.854,38.7,1.44,95,128,,,,,,,,,,,,,,,,
,610x178x92 UKB,,I,UK,Steel,Tata,92.2,603,178.8,10.9,15,12.7,547.6,50.2,4.75,7,94,28,1.88,20.4,64600,1440,23.4,3.5,2140,161,2510,258,0.85,42.7,1.24,71,117,,,,,,,,,,,,,,,,
,610x178x82 UKB,,I,UK,Steel,Tata,81.8,598.6,177.9,10,12.8,12.7,547.6,54.8,5.57,7,94,26,1.87,22.9,55900,1210,23.2,3.4,1870,136,2190,218,0.843,48.5,1.04,48.8,104,,,,,,,,,,,,,,,,
,533x312x272 UKB,,I,UK,Steel,Tata,273.3,577.1,320.2,21.1,37.6,12.7,476.5,22.6,3.64,13,160,52,2.37,8.67,199000,20600,23.9,7.69,6890,1290,7870,1990,0.891,15.9,15,1290,348,,,,,,,,,,,,,,,,
,533x312x219 UKB,,I,UK,Steel,Tata,218.8,560.3,317.4,18.3,29.2,12.7,476.5,26,4.69,11,160,42,2.33,10.7,151000,15600,23.3,7.48,5400,982,6120,1510,0.884,19.8,11,642,279,,,,,,,,,,,,,,,,
,533x312x182 UKB,,I,UK,Steel,Tata,181.5,550.7,314.5,15.2,24.4,12.7,476.5,31.3,5.61,10,160,38,2.31,12.7,123000,12700,23.1,7.4,4480,806,5040,1240,0.886,23.4,8.77,373,231,,,,,,,,,,,,,,,,
,533x312x150 UKB,,I,UK,Steel,Tata,150.6,542.5,312,12.7,20.3,12.7,476.5,37.5,6.75,8,160,34,2.29,15.2,101000,10300,22.9,7.32,3710,659,4150,1010,0.885,27.8,7.01,216,192,,,,,,,,,,,,,,,,
,533x210x138 UKB,,I,UK,Steel,Tata,138.3,549.1,213.9,14.7,23.6,12.7,476.5,32.4,3.68,9,110,38,1.9,13.7,86100,3860,22.1,4.68,3140,361,3610,568,0.874,24.9,2.67,250,176,,,,,,,,,,,,,,,,
,533x210x122 UB,,I,UK,Steel,-,122,544.5,211.9,12.7,21.3,12.7,476.5,37.5,4.08,8,110,34,1.89,15.5,76000,3390,22.1,4.67,2790,320,3200,500,0.878,27.6,2.32,178,155,,,,,,,,,,,,,,,,
,533x210x109 UB,,I,UK,Steel,-,109,539.5,210.8,11.6,18.8,12.7,476.5,41.1,4.62,8,110,32,1.88,17.2,66800,2940,21.9,4.6,2480,279,2830,436,0.875,30.9,1.99,126,139,,,,,,,,,,,,,,,,
,533x210x101 UB,,I,UK,Steel,-,101,536.7,210,10.8,17.4,12.7,476.5,44.1,4.99,7,110,32,1.87,18.5,61500,2690,21.9,4.57,2290,256,2610,399,0.874,33.1,1.81,101,129,,,,,,,,,,,,,,,,
,533x210x92 UB,,I,UK,Steel,-,92.1,533.1,209.3,10.1,15.6,12.7,476.5,47.2,5.57,7,110,30,1.86,20.2,55200,2390,21.7,4.51,2070,228,2360,355,0.873,36.4,1.6,75.7,117,,,,,,,,,,,,,,,,
,533x210x82 UB,,I,UK,Steel,-,82.2,528.3,208.8,9.6,13.2,12.7,476.5,49.6,6.58,7,110,26,1.85,22.5,47500,2010,21.3,4.38,1800,192,2060,300,0.863,41.6,1.33,51.5,105,,,,,,,,,,,,,,,,
,533x165x85 UB,,I,UK,Steel,-,84.8,534.9,166.5,10.3,16.5,12.7,476.5,46.3,3.96,7,90,30,1.69,19.9,48500,1270,21.2,3.44,1820,153,2100,243,0.861,35.5,0.857,73.8,108,,,,,,,,,,,,,,,,
,533x165x74 UB,,I,UK,Steel,-,74.7,529.1,165.9,9.7,13.6,12.7,476.5,49.1,4.81,7,90,28,1.68,22.5,41100,1040,20.8,3.3,1550,125,1810,200,0.853,41.1,0.691,47.9,95.2,,,,,,,,,,,,,,,,
,533x165x66 UB,,I,UK,Steel,-,65.7,524.7,165.1,8.9,11.4,12.7,476.5,53.5,5.74,6,90,26,1.67,25.4,35000,859,20.5,3.2,1340,104,1560,166,0.847,47,0.566,32,83.7,,,,,,,,,,,,,,,,
,457x191x161 UB,,I,UK,Steel,-,161.4,492,199.4,18,32,10.2,407.6,22.6,2.52,11,102,44,1.73,10.7,79800,4250,19.7,4.55,3240,426,3780,672,0.881,16.5,2.25,515,206,,,,,,,,,,,,,,,,
,457x191x133 UB,,I,UK,Steel,-,133.3,480.6,196.7,15.3,26.3,10.2,407.6,26.6,3.06,10,102,38,1.7,12.8,63800,3350,19.4,4.44,2660,341,3070,535,0.879,19.6,1.73,292,170,,,,,,,,,,,,,,,,
,457x191x106 UB,,I,UK,Steel,-,105.8,469.2,194,12.6,20.6,10.2,407.6,32.3,3.91,8,102,32,1.67,15.8,48900,2510,19,4.32,2080,259,2390,405,0.876,24.4,1.27,146,135,,,,,,,,,,,,,,,,
,457x191x98 UB,,I,UK,Steel,-,98.3,467.2,192.8,11.4,19.6,10.2,407.6,35.8,4.11,8,102,30,1.67,17,45700,2350,19.1,4.33,1960,243,2230,379,0.881,25.8,1.18,121,125,,,,,,,,,,,,,,,,
,457x191x89 UB,,I,UK,Steel,-,89.3,463.4,191.9,10.5,17.7,10.2,407.6,38.8,4.55,7,102,28,1.66,18.6,41000,2090,19,4.29,1770,218,2010,338,0.878,28.3,1.04,90.7,114,,,,,,,,,,,,,,,,
,457x191x82 UB,,I,UK,Steel,-,82,460,191.3,9.9,16,10.2,407.6,41.2,5.03,7,102,28,1.65,20.1,37100,1870,18.8,4.23,1610,196,1830,304,0.879,30.8,0.922,69.2,104,,,,,,,,,,,,,,,,
,457x191x74 UB,,I,UK,Steel,-,74.3,457,190.4,9,14.5,10.2,407.6,45.3,5.55,7,102,26,1.64,22.1,33300,1670,18.8,4.2,1460,176,1650,272,0.877,33.8,0.818,51.8,94.6,,,,,,,,,,,,,,,,
,457x191x67 UB,,I,UK,Steel,-,67.1,453.4,189.9,8.5,12.7,10.2,407.6,48,6.34,6,102,24,1.63,24.3,29400,1450,18.5,4.12,1300,153,1470,237,0.873,37.8,0.705,37.1,85.5,,,,,,,,,,,,,,,,
,457x152x82 UB,,I,UK,Steel,-,82.1,465.8,155.3,10.5,18.9,10.2,407.6,38.8,3.29,7,84,30,1.51,18.4,36600,1180,18.7,3.37,1570,153,1810,240,0.872,27.4,0.591,89.2,105,,,,,,,,,,,,,,,,
,457x152x74 UB,,I,UK,Steel,-,74.2,462,154.4,9.6,17,10.2,407.6,42.5,3.66,7,84,28,1.5,20.2,32700,1050,18.6,3.33,1410,136,1630,213,0.872,30.1,0.518,65.9,94.5,,,,,,,,,,,,,,,,
,457x152x67 UB,,I,UK,Steel,-,67.2,458,153.8,9,15,10.2,407.6,45.3,4.15,7,84,26,1.5,22.3,28900,913,18.4,3.27,1260,119,1450,187,0.868,33.6,0.448,47.7,85.6,,,,,,,,,,,,,,,,
,457x152x60 UB,,I,UK,Steel,-,59.8,454.6,152.9,8.1,13.3,10.2,407.6,50.3,4.68,6,84,24,1.49,24.9,25500,795,18.3,3.23,1120,104,1290,163,0.868,37.5,0.387,33.8,76.2,,,,,,,,,,,,,,,,
,457x152x52 UB,,I,UK,Steel,-,52.3,449.8,152.4,7.6,10.9,10.2,407.6,53.6,5.71,6,84,22,1.48,28.3,21400,645,17.9,3.11,950,84.6,1100,133,0.859,43.8,0.311,21.4,66.6,,,,,,,,,,,,,,,,
,406x178x85 UKB,,I,UK,Steel,Tata,85.3,417.2,181.9,10.9,18.2,10.2,360.4,33.1,4.14,7,96,30,1.52,17.8,31700,1830,17.1,4.11,1520,201,1730,313,0.88,24.4,0.728,93,109,,,,,,,,,,,,,,,,
,406x178x74 UB,,I,UK,Steel,-,74.2,412.8,179.5,9.5,16,10.2,360.4,37.9,4.68,7,96,28,1.51,20.4,27300,1550,17,4.04,1320,172,1500,267,0.882,27.5,0.608,62.8,94.5,,,,,,,,,,,,,,,,
,406x178x67 UB,,I,UK,Steel,-,67.1,409.4,178.8,8.8,14.3,10.2,360.4,41,5.23,6,96,26,1.5,22.3,24300,1360,16.9,3.99,1190,153,1350,237,0.88,30.4,0.533,46.1,85.5,,,,,,,,,,,,,,,,
,406x178x60 UB,,I,UK,Steel,-,60.1,406.4,177.9,7.9,12.8,10.2,360.4,45.6,5.84,6,96,24,1.49,24.8,21600,1200,16.8,3.97,1060,135,1200,209,0.88,33.7,0.466,33.3,76.5,,,,,,,,,,,,,,,,
,406x178x54 UB,,I,UK,Steel,-,54.1,402.6,177.7,7.7,10.9,10.2,360.4,46.8,6.86,6,96,22,1.48,27.3,18700,1020,16.5,3.85,930,115,1050,178,0.871,38.3,0.392,23.1,69,,,,,,,,,,,,,,,,
,406x140x53 UKB,,I,UK,Steel,Tata,53.3,406.6,143.3,7.9,12.9,10.2,360.4,45.6,4.46,6,78,24,1.35,25.3,18300,635,16.4,3.06,899,88.6,1030,139,0.87,34.1,0.246,29,67.9,,,,,,,,,,,,,,,,
,406x140x46 UB,,I,UK,Steel,-,46,403.2,142.2,6.8,11.2,10.2,360.4,53,5.13,5,78,22,1.34,29.1,15700,538,16.4,3.03,778,75.7,888,118,0.871,39,0.207,19,58.6,,,,,,,,,,,,,,,,
,406x140x39 UB,,I,UK,Steel,,39,398,141.8,6.4,8.6,10.2,360.4,56.3,6.69,5,78,20,1.33,34.1,12500,410,15.9,2.87,629,57.8,724,90.8,0.858,47.4,0.155,10.7,49.7,,,,,,,,,,,,,,,,
,356x171x67 UB,,I,UK,Steel,,67.1,363.4,173.2,9.1,15.7,10.2,311.6,34.2,4.58,7,94,26,1.38,20.6,19500,1360,15.1,3.99,1070,157,1210,243,0.886,24.4,0.412,55.7,85.5,,,,,,,,,,,,,,,,
,356x171x57 UB,,I,UK,Steel,,57,358,172.2,8.1,13,10.2,311.6,38.5,5.53,6,94,24,1.37,24.1,16000,1110,14.9,3.91,896,129,1010,199,0.882,28.8,0.33,33.4,72.6,,,,,,,,,,,,,,,,
,356x171x51 UB,,I,UK,Steel,,51,355,171.5,7.4,11.5,10.2,311.6,42.1,6.25,6,94,22,1.36,26.7,14100,968,14.8,3.86,796,113,896,174,0.881,32.1,0.286,23.8,64.9,,,,,,,,,,,,,,,,
,356x171x45 UB,,I,UK,Steel,,45,351.4,171.1,7,9.7,10.2,311.6,44.5,7.41,6,94,20,1.36,30.2,12100,811,14.5,3.76,687,94.8,775,147,0.874,36.8,0.237,15.8,57.3,,,,,,,,,,,,,,,,
,356x127x39 UB,,I,UK,Steel,,39.1,353.4,126,6.6,10.7,10.2,311.6,47.2,4.63,5,70,22,1.18,30.2,10200,358,14.3,2.68,576,56.8,659,89,0.871,35.2,0.105,15.1,49.8,,,,,,,,,,,,,,,,
,356x127x33 UB,,I,UK,Steel,,33.1,349,125.4,6,8.5,10.2,311.6,51.9,5.82,5,70,20,1.17,35.4,8250,280,14,2.58,473,44.7,543,70.2,0.863,42.1,0.081,8.79,42.1,,,,,,,,,,,,,,,,
,305x165x54 UB,,I,UK,Steel,,54,310.4,166.9,7.9,13.7,8.9,265.2,33.6,5.15,6,90,24,1.26,23.3,11700,1060,13,3.93,754,127,846,196,0.889,23.6,0.234,34.8,68.8,,,,,,,,,,,,,,,,
,305x165x46 UB,,I,UK,Steel,,46.1,306.6,165.7,6.7,11.8,8.9,265.2,39.6,5.98,5,90,22,1.25,27.1,9900,896,13,3.9,646,108,720,166,0.89,27.1,0.195,22.2,58.7,,,,,,,,,,,,,,,,
,305x165x40 UB,,I,UK,Steel,,40.3,303.4,165,6,10.2,8.9,265.2,44.2,6.92,5,90,20,1.24,30.8,8500,764,12.9,3.86,560,92.6,623,142,0.889,31,0.164,14.7,51.3,,,,,,,,,,,,,,,,
,305x127x48 UB,,I,UK,Steel,,48.1,311,125.3,9,14,8.9,265.2,29.5,3.52,7,70,24,1.09,22.7,9570,461,12.5,2.74,616,73.6,711,116,0.873,23.3,0.102,31.8,61.2,,,,,,,,,,,,,,,,
,305x127x42 UB,,I,UK,Steel,,41.9,307.2,124.3,8,12.1,8.9,265.2,33.2,4.07,6,70,22,1.08,25.8,8200,389,12.4,2.7,534,62.6,614,98.4,0.872,26.5,0.0846,21.1,53.4,,,,,,,,,,,,,,,,
,305x127x37 UB,,I,UK,Steel,,37,304.4,123.4,7.1,10.7,8.9,265.2,37.4,4.6,6,70,20,1.07,28.9,7170,336,12.3,2.67,471,54.5,539,85.4,0.872,29.7,0.0725,14.8,47.2,,,,,,,,,,,,,,,,
,305x102x33 UB,,I,UK,Steel,,32.8,312.7,102.4,6.6,10.8,7.6,275.9,41.8,3.73,5,58,20,1.01,30.8,6500,194,12.5,2.15,416,37.9,481,60,0.867,31.6,0.0442,12.2,41.8,,,,,,,,,,,,,,,,
,305x102x28 UB,,I,UK,Steel,,28.2,308.7,101.8,6,8.8,7.6,275.9,46,4.58,5,58,18,1,35.5,5370,155,12.2,2.08,348,30.5,403,48.4,0.859,37.3,0.0349,7.4,35.9,,,,,,,,,,,,,,,,
,305x102x25 UB,,I,UK,Steel,,24.8,305.1,101.6,5.8,7,7.6,275.9,47.6,5.76,5,58,16,0.992,40,4460,123,11.9,1.97,292,24.2,342,38.8,0.846,43.4,0.027,4.77,31.6,,,,,,,,,,,,,,,,
,254x146x43 UB,,I,UK,Steel,,43,259.6,147.3,7.2,12.7,7.6,219,30.4,4.92,6,82,22,1.08,25.1,6540,677,10.9,3.52,504,92,566,141,0.891,21.1,0.103,23.9,54.8,,,,,,,,,,,,,,,,
,254x146x37 UB,,I,UK,Steel,,37,256,146.4,6.3,10.9,7.6,219,34.8,5.73,5,82,20,1.07,28.9,5540,571,10.8,3.48,433,78,483,119,0.89,24.3,0.0857,15.3,47.2,,,,,,,,,,,,,,,,
,254x146x31 UB,,I,UK,Steel,,31.1,251.4,146.1,6,8.6,7.6,219,36.5,7.26,5,82,18,1.06,34,4410,448,10.5,3.36,351,61.3,393,94.1,0.879,29.6,0.066,8.55,39.7,,,,,,,,,,,,,,,,
,254x102x28 UB,,I,UK,Steel,,28.3,260.4,102.2,6.3,10,7.6,225.2,35.7,4.04,5,58,18,0.904,31.9,4000,179,10.5,2.22,308,34.9,353,54.8,0.873,27.5,0.028,9.57,36.1,,,,,,,,,,,,,,,,
,254x102x25 UB,,I,UK,Steel,,25.2,257.2,101.9,6,8.4,7.6,225.2,37.5,4.8,5,58,16,0.897,35.7,3410,149,10.3,2.15,266,29.2,306,46,0.866,31.4,0.023,6.42,32,,,,,,,,,,,,,,,,
,254x102x22 UB,,I,UK,Steel,,22,254,101.6,5.7,6.8,7.6,225.2,39.5,5.93,5,58,16,0.89,40.5,2840,119,10.1,2.06,224,23.5,259,37.3,0.856,36.3,0.0182,4.15,28,,,,,,,,,,,,,,,,
,203x133x30 UB,,I,UK,Steel,,30,206.8,133.9,6.4,9.6,7.6,172.4,26.9,5.85,5,74,18,0.923,30.8,2900,385,8.71,3.17,280,57.5,314,88.2,0.882,21.5,0.0374,10.3,38.2,,,,,,,,,,,,,,,,
,203x133x25 UB,,I,UK,Steel,,25.1,203.2,133.2,5.7,7.8,7.6,172.4,30.2,7.2,5,74,16,0.915,36.5,2340,308,8.56,3.1,230,46.2,258,70.9,0.876,25.6,0.0294,5.96,32,,,,,,,,,,,,,,,,
,203x102x23 UB,,I,UK,Steel,,23.1,203.2,101.8,5.4,9.3,7.6,169.4,31.4,4.37,5,60,18,0.79,34.2,2100,164,8.46,2.36,207,32.2,234,49.7,0.888,22.4,0.0154,7.02,29.4,,,,,,,,,,,,,,,,
,178x102x19 UB,,I,UK,Steel,,19,177.8,101.2,4.8,7.9,7.6,146.8,30.6,5.14,4,60,16,0.738,38.7,1360,137,7.48,2.37,153,27,171,41.6,0.886,22.6,0.0099,4.41,24.3,,,,,,,,,,,,,,,,
,152x89x16 UB,,I,UK,Steel,,16,152.4,88.7,4.5,7.7,7.6,121.8,27.1,4.48,4,54,16,0.638,40,834,89.8,6.41,2.1,109,20.2,123,31.2,0.89,19.5,0.0047,3.56,20.3,,,,,,,,,,,,,,,,
,127x76x13 UB,,I,UK,Steel,,13,127,76,4,7.6,7.6,96.6,24.2,3.74,4,46,16,0.537,41.4,473,55.7,5.35,1.84,74.6,14.7,84.2,22.6,0.894,16.3,0.002,2.85,16.5,,,,,,,,,,,,,,,,
,430x100x64 PFC,,C,UK,Steel,-,64.4,430,100,11,19,15,362,32.9,3.89,13,96,36,1.23,19,21900,722,16.3,2.97,1020,97.9,1220,176,0.917,22.5,0.219,63,82.1,3.27,,,,,,,,,,,,,,,
,380x100x54 PFC,,C,UK,Steel,-,54,380,100,9.5,17.5,15,315,33.2,4.31,12,98,34,1.13,20.9,15000,643,14.8,3.06,791,89.2,933,161,0.932,21.2,0.15,45.7,68.7,3.48,,,,,,,,,,,,,,,
,300x100x46 PFC,,C,UK,Steel,-,45.5,300,100,9,16.5,15,237,26.3,4.61,11,98,32,0.969,21.3,8230,568,11.9,3.13,549,81.7,641,148,0.944,17,0.0813,36.8,58,3.68,,,,,,,,,,,,,,,
,300x90x41 PFC,,C,UK,Steel,-,41.4,300,90,9,15.5,12,245,27.2,4.45,11,88,28,0.932,22.5,7220,404,11.7,2.77,481,63.1,568,114,0.934,18.4,0.0581,28.8,52.7,3.18,,,,,,,,,,,,,,,
,260x90x35 PFC,,C,UK,Steel,-,34.8,260,90,8,14,12,208,26,5,10,88,28,0.854,24.5,4730,353,10.3,2.82,364,56.3,425,102,0.942,17.2,0.0379,20.6,44.4,3.32,,,,,,,,,,,,,,,
,260x75x28 PFC,,C,UK,Steel,-,27.6,260,75,7,12,12,212,30.3,4.67,9,74,26,0.796,28.8,3620,185,10.1,2.3,278,34.4,328,62,0.932,20.5,0.0203,11.7,35.1,2.62,,,,,,,,,,,,,,,
,230x90x32 PFC,,C,UK,Steel,-,32.2,230,90,7.5,14,12,178,23.7,5.04,10,90,28,0.795,24.7,3520,334,9.27,2.86,306,55,355,98.9,0.95,15.1,0.0279,19.3,41,3.46,,,,,,,,,,,,,,,
,230x75x26 PFC,,C,UK,Steel,-,25.7,230,75,6.5,12.5,12,181,27.8,4.52,9,76,26,0.737,28.7,2750,181,9.17,2.35,239,34.8,278,63.2,0.947,17.3,0.0153,11.8,32.7,2.78,,,,,,,,,,,,,,,
,200x90x30 PFC,,C,UK,Steel,-,29.7,200,90,7,14,12,148,21.1,5.07,9,90,28,0.736,24.8,2520,314,8.16,2.88,252,53.4,291,94.5,0.954,12.9,0.0197,18.3,37.9,3.6,,,,,,,,,,,,,,,
,200x75x23 PFC,,C,UK,Steel,-,23.4,200,75,6,12.5,12,151,25.2,4.56,8,76,26,0.678,28.9,1960,170,8.11,2.39,196,33.8,227,60.6,0.956,14.8,0.0107,11.1,29.9,2.91,,,,,,,,,,,,,,,
,180x90x26 PFC,,C,UK,Steel,-,26.1,180,90,6.5,12.5,12,131,20.2,5.72,9,90,26,0.697,26.7,1820,277,7.4,2.89,202,47.4,232,83.5,0.949,12.8,0.0141,13.3,33.2,3.64,,,,,,,,,,,,,,,
,180x75x20 PFC,,C,UK,Steel,-,20.3,180,75,6,10.5,12,135,22.5,5.43,8,76,24,0.638,31.4,1370,146,7.27,2.38,152,28.8,176,51.8,0.946,15.3,0.00754,7.34,25.9,2.87,,,,,,,,,,,,,,,
,150x90x24 PFC,,C,UK,Steel,-,23.9,150,90,6.5,12,12,102,15.7,5.96,9,90,26,0.637,26.7,1160,253,6.18,2.89,155,44.4,179,76.9,0.936,10.8,0.0089,11.8,30.4,3.71,,,,,,,,,,,,,,,
,150x75x18 PFC,,C,UK,Steel,-,17.9,150,,5.5,10,12,106,19.3,5.75,8,76,24,0.579,32.4,861,131,6.15,2.4,115,26.6,132,47.2,0.946,13.1,0.00467,6.1,22.8,2.99,,,,,,,,,,,,,,,
,125x65x15 PFC,,C,UK,Steel,-,14.8,125,65,5.5,9.5,12,82,14.9,5,8,66,22,0.489,33.1,483,80,5.07,2.06,77.3,18.8,89.9,33.2,0.942,11.1,0.00194,4.72,18.8,2.56,,,,,,,,,,,,,,,
,100x50x10 PFC,,C,UK,Steel,-,10.2,100,50,5,8.5,9,65,13,4.24,7,52,18,0.382,37.5,208,32.3,4,1.58,41.5,9.89,48.9,17.5,0.942,10,0.000491,2.53,13,1.94,,,,,,,,,,,,,,,
,200x200x24 EA,,L,UK,Steel,-,71.1,200,200,24,24,18,,,,,,,,,3330,3330,6.06,6.06,235,235,,,,,,182,90.6,,18,9,5.84,5.84,5280,1380,7.64,3.9,2.5,,,,,,
,200x200x20 EA,,L,UK,Steel,-,59.9,200,200,20,20,18,,,,,,,,,2850,2850,6.11,6.11,199,199,,,,,,107,76.3,,18,9,5.68,5.68,4530,1170,7.7,3.92,3.05,,,,,,
,200x200x18 EA,,L,UK,Steel,-,54.3,200,200,18,18,18,,,,,,,,,2600,2600,6.13,6.13,181,181,,,,,,78.9,69.1,,18,9,5.6,5.6,4150,1050,7.75,3.9,3.43,,,,,,
,200x200x16 EA,,L,UK,Steel,-,48.5,200,200,16,16,18,,,,,,,,,2340,2340,6.16,6.16,162,162,,,,,,56.1,61.8,,18,9,5.52,5.52,3720,960,7.76,3.94,3.85,,,,,,
,150x150x18 UKA,,L,UK,Steel,Tata,40.1,150,150,18,18,16,,,,,,,,,1060,1060,4.55,4.55,99.8,99.8,,,,,,58.6,51.2,,16,8,4.38,4.38,1680,440,5.73,2.93,2.48,,,,,,
,150x150x15 EA,,L,UK,Steel,-,33.8,150,150,15,15,16,,,,,,,,,898,898,4.57,4.57,83.5,83.5,,,,,,34.6,43,,16,8,4.25,4.25,1430,370,5.76,2.93,3.01,,,,,,
,150x150x12 EA,,L,UK,Steel,-,27.3,150,150,12,12,16,,,,,,,,,737,737,4.6,4.6,67.7,67.7,,,,,,18.2,34.8,,16,8,4.12,4.12,1170,303,5.8,2.95,3.77,,,,,,
,150x150x10 EA,,L,UK,Steel,-,23,150,150,10,10,16,,,,,,,,,624,624,4.62,4.62,56.9,56.9,,,,,,10.8,29.3,,16,8,4.03,4.03,990,258,5.82,2.97,4.51,,,,,,
,120x120x15 UKA,,L,UK,Steel,Tata,26.6,120,120,15,15,13,,,,,,,,,448,448,3.63,3.63,52.8,52.8,,,,,,27,34,,13,6.5,3.52,3.52,710,186,4.57,2.34,2.37,,,,,,
,120x120x12 EA,,L,UK,Steel,-,21.6,120,120,12,12,13,,,,,,,,,368,368,3.65,3.65,42.7,42.7,,,,,,14.2,27.5,,13,6.5,3.4,3.4,584,152,4.6,2.35,2.99,,,,,,
,120x120x10 EA,,L,UK,Steel,-,18.2,120,120,10,10,13,,,,,,,,,313,313,3.67,3.67,36,36,,,,,,8.41,23.2,,13,6.5,3.31,3.31,497,129,4.63,2.36,3.61,,,,,,
,120x120x8 UKA,,L,UK,Steel,Tata,14.7,120,120,8,8,13,,,,,,,,,259,259,3.71,3.71,29.5,29.5,,,,,,4.44,18.8,,13,6.5,3.24,3.24,411,107,4.67,2.38,4.56,,,,,,
,100x100x15 UKA,,L,UK,Steel,Tata,21.9,100,100,15,15,12,,,,,,,,,250,250,2.99,2.99,35.8,35.8,,,,,,22.3,28,,12,6,3.02,3.02,395,105,3.76,1.94,1.92,,,,,,
,100x100x12 EA,,L,UK,Steel,-,17.8,100,100,12,12,12,,,,,,,,,207,207,3.02,3.02,29.1,29.1,,,,,,11.8,22.7,,12,6,2.9,2.9,328,85.7,3.8,1.94,2.44,,,,,,
,100x100x10 EA,,L,UK,Steel,-,15,100,100,10,10,12,,,,,,,,,177,177,3.04,3.04,24.6,24.6,,,,,,6.97,19.2,,12,6,2.82,2.82,280,73,3.83,1.95,2.94,,,,,,
,100x100x8 EA,,L,UK,Steel,-,12.2,100,100,8,8,12,,,,,,,,,145,145,3.06,3.06,19.9,19.9,,,,,,3.68,15.5,,12,6,2.74,2.74,230,59.9,3.85,1.96,3.7,,,,,,
,90x90x12 UKA,,L,UK,Steel,Tata,15.9,90,90,12,12,11,,,,,,,,,149,149,2.71,2.71,23.5,23.5,,,,,,10.5,20.3,,11,5.5,2.66,2.66,235,62,3.4,1.75,2.17,,,,,,
,90x90x10 EA,,L,UK,Steel,-,13.4,90,90,10,10,11,,,,,,,,,127,127,2.72,2.72,19.8,19.8,,,,,,6.2,17.1,,11,5.5,2.58,2.58,201,52.6,3.42,1.75,2.64,,,,,,
,90x90x8 EA,,L,UK,Steel,-,10.9,90,90,8,8,11,,,,,,,,,104,104,2.74,2.74,16.1,16.1,,,,,,3.28,13.9,,11,5.5,2.5,2.5,166,43.1,3.45,1.76,3.33,,,,,,
,90x90x7 EA,,L,UK,Steel,-,9.61,90,90,7,7,11,,,,,,,,,92.6,92.6,2.75,2.75,14.1,14.1,,,,,,2.24,12.2,,11,5.5,2.45,2.45,147,38.3,3.46,1.77,3.8,,,,,,
,200x150x18 UKA,,L,UK,Steel,Tata,47.1,200,150,18,18,15,,,,,,,,,2390,1160,6.3,4.38,175,104,,,,,,64.9,60.1,,15,7.5,6.34,3.86,2920,623,6.97,3.22,3.58,5,0.549,7.85,,,
,200x150x15 EA,,L,UK,Steel,-,39.6,200,150,15,15,15,,,,,,,,,2020,979,6.33,4.4,147,86.9,,,,,,37.9,50.5,,15,7.5,6.21,3.73,2480,526,7,3.23,3.14,4.35,0.551,6.86,,,
,200x150x12 EA,,L,UK,Steel,-,32,200,150,12,12,15,,,,,,,,,1650,803,6.36,4.44,119,70.5,,,,,,19.6,40.8,,15,7.5,6.08,3.61,2030,430,7.04,3.25,2.52,3.43,0.552,5.45,,,
,200x100x15 EA,,L,UK,Steel,-,33.8,200,100,15,15,15,,,,,,,,,1760,299,6.4,2.64,137,38.5,,,,,,32.3,43,,15,7.5,7.16,2.22,1860,193,6.59,2.12,3.18,4.08,0.26,5.24,,,
,200x100x12 EA,,L,UK,Steel,-,27.3,200,100,12,12,15,,,,,,,,,1440,247,6.43,2.67,111,31.3,,,,,,16.7,34.8,,15,7.5,7.03,2.1,1530,159,6.63,2.14,2.54,3.22,0.262,4.17,,,
,200x100x10 EA,,L,UK,Steel,-,23,200,100,10,10,15,,,,,,,,,1220,210,6.46,2.68,93.2,26.3,,,,,,9.73,29.2,,15,7.5,6.93,2.01,1290,135,6.65,2.15,2.1,2.64,0.263,3.46,,,
,150x90x15 EA,,L,UK,Steel,-,26.6,150,90,15,15,12,,,,,,,,,761,205,4.74,2.46,77.7,30.4,,,,,,25.4,33.9,,12,6,5.21,2.23,841,126,4.98,1.93,4,5.75,0.354,9.43,,,
,150x90x12 EA,,L,UK,Steel,-,21.6,150,90,12,12,12,,,,,,,,,627,171,4.77,2.49,63.3,24.8,,,,,,13.2,27.5,,12,6,5.08,2.12,694,104,5.02,1.94,3.21,4.55,0.358,7.5,,,
,150x90x10 EA,,L,UK,Steel,-,18.2,150,90,10,10,12,,,,,,,,,533,146,4.8,2.51,53.3,21,,,,,,7.73,23.2,,12,6,5,2.04,591,88.3,5.05,1.95,2.66,3.73,0.36,6.23,,,
,150x75x15 EA,,L,UK,Steel,-,24.8,150,75,15,15,12,,,,,,,,,713,119,4.75,1.94,75.2,21,,,,,,23.8,31.7,,12,6,5.52,1.81,753,78.6,4.88,1.58,3.95,5.83,0.253,10.4,,,
,150x75x12 EA,,L,UK,Steel,-,20.2,150,75,12,12,12,,,,,,,,,588,99.6,4.78,1.97,61.3,17.1,,,,,,12.3,25.7,,12,6,5.4,1.69,623,64.7,4.92,1.59,3.3,4.79,0.258,8.6,,,
,150x75x10 EA,,L,UK,Steel,-,17,150,75,10,10,12,,,,,,,,,501,85.6,4.81,1.99,51.6,14.5,,,,,,7.23,21.7,,12,6,5.31,1.61,531,55.1,4.95,1.6,2.62,3.74,0.261,6.84,,,
,125x75x12 EA,,L,UK,Steel,-,17.8,125,75,12,12,11,,,,,,,,,354,95.5,3.95,2.05,43.2,16.9,,,,,,10.9,22.7,,11,5.5,4.31,1.84,391,58.5,4.15,1.61,3.89,5.56,0.354,9.03,,,
,125x75x10 EA,,L,UK,Steel,-,15,125,,10,10,11,,,,,,,,,302,82.1,3.97,2.07,36.5,14.3,,,,,,6.37,19.1,,11,5.5,4.23,1.76,334,49.9,4.18,1.61,3.24,4.58,0.357,7.5,,,
,125x75x8 EA,,L,UK,Steel,-,12.2,125,75,8,8,11,,,,,,,,,247,67.6,4,2.09,29.6,11.6,,,,,,3.31,15.5,,11,5.5,4.14,1.68,274,40.9,4.21,1.63,2.58,3.59,0.36,5.96,,,
,100x75x12 EA,,L,UK,Steel,-,15.4,100,75,12,12,10,,,,,,,,,189,90.2,3.1,2.14,28,16.5,,,,,,9.46,19.7,,10,5,3.27,2.03,230,49.5,3.42,1.59,5.26,7.92,0.54,13.9,,,
,100x75x10 EA,,L,UK,Steel,-,13,100,75,10,10,10,,,,,,,,,162,77.6,3.12,2.16,23.8,14,,,,,,5.53,16.6,,10,5,3.19,1.95,197,42.2,3.45,1.59,4.42,6.57,0.544,11.5,,,
,100x75x8 EA,,L,UK,Steel,-,10.6,100,75,8,8,10,,,,,,,,,133,64.1,3.14,2.18,19.3,11.4,,,,,,2.88,13.5,,10,5,3.1,1.87,162,34.6,3.47,1.6,3.54,5.17,0.547,9.19,,,
,100x65x10 UKA,,L,UK,Steel,Tata,12.3,100,65,10,10,10,,,,,,,,,154,51,3.14,1.81,23.2,10.5,,,,,,5.2,15.6,,10,5,3.36,1.63,175,30.1,3.35,1.39,4.43,5.7,0.41,6.97,,,
,100x65x8 UKA,,L,UK,Steel,Tata,9.94,100,65,8,8,10,,,,,,,,,127,42.2,3.16,1.83,18.9,8.54,,,,,,2.71,12.7,,10,5,3.27,1.55,144,24.8,3.37,1.4,3.53,4.5,0.413,5.55,,,
,100x65x7 UKA,,L,UK,Steel,Tata,8.77,100,65,7,7,10,,,,,,,,,113,37.6,3.17,1.83,16.6,7.53,,,,,,1.83,11.2,,10,5,3.23,1.51,128,22,3.39,1.4,2.93,3.72,0.415,4.6,,,
,21.3x2.6 CHS,,O,UK,Steel,-,1.2,21.3,21.3,2.6,2.6,,,,,,,,0.067,55.9,0.681,0.681,0.668,0.668,0.639,0.639,0.915,0.915,,,,1.36,1.53,,,,,,,,,,,,,,8.19,1.28,
,21.3x2.9 CHS,,O,UK,Steel,-,1.32,21.3,21.3,2.9,2.9,,,,,,,,0.067,50.9,0.727,0.727,0.659,0.659,0.683,0.683,0.99,0.99,,,,1.45,1.68,,,,,,,,,,,,,,7.34,1.37,
,21.3x3.2 CHS,,O,UK,Steel,-,1.43,21.3,21.3,3.2,3.2,,,,,,,,0.067,46.9,0.768,0.768,0.65,0.65,0.722,0.722,1.06,1.06,,,,1.54,1.82,,,,,,,,,,,,,,6.66,1.44,
,26.9x2.6 CHS,,O,UK,Steel,-,1.56,26.9,26.9,2.6,2.6,,,,,,,,0.085,54.6,1.48,1.48,0.864,0.864,1.1,1.1,1.54,1.54,,,,2.96,1.98,,,,,,,,,,,,,,10.3,2.2,
,26.9x2.9 CHS,,O,UK,Steel,-,1.72,26.9,26.9,2.9,2.9,,,,,,,,0.085,49.6,1.6,1.6,0.855,0.855,1.19,1.19,1.68,1.68,,,,3.19,2.19,,,,,,,,,,,,,,9.28,2.38,
,26.9x3.2 CHS,,O,UK,Steel,-,1.87,26.9,26.9,3.2,3.2,,,,,,,,0.085,45.5,1.7,1.7,0.846,0.846,1.27,1.27,1.81,1.81,,,,3.41,2.38,,,,,,,,,,,,,,8.41,2.53,
,26.9x3.6 CHS,,O,UK,Steel,-,2.07,26.9,26.9,3.6,3.6,,,,,,,,0.085,41.1,1.83,1.83,0.834,0.834,1.36,1.36,1.97,1.97,,,,3.66,2.64,,,,,,,,,,,,,,7.47,2.72,
,33.7x2.6 CHS,,O,UK,Steel,-,1.99,33.7,33.7,2.6,2.6,,,,,,,,0.106,53.1,3.09,3.09,1.1,1.1,1.84,1.84,2.52,2.52,,,,6.19,2.54,,,,,,,,,,,,,,13,3.67,
,33.7x2.9 CHS,,O,UK,Steel,-,2.2,33.7,33.7,2.9,2.9,,,,,,,,0.106,48.1,3.36,3.36,1.09,1.09,1.99,1.99,2.76,2.76,,,,6.71,2.81,,,,,,,,,,,,,,11.6,3.98,
,33.7x3.2 CHS,,O,UK,Steel,-,2.41,33.7,33.7,3.2,3.2,,,,,,,,0.106,44,3.6,3.6,1.08,1.08,2.14,2.14,2.99,2.99,,,,7.21,3.07,,,,,,,,,,,,,,10.5,4.28,
,33.7x3.6 CHS,,O,UK,Steel,-,2.67,33.7,33.7,3.6,3.6,,,,,,,,0.106,39.6,3.91,3.91,1.07,1.07,2.32,2.32,3.28,3.28,,,,7.82,3.4,,,,,,,,,,,,,,9.36,4.64,
,33.7x4 CHS,,O,UK,Steel,-,2.93,33.7,33.7,4,4,,,,,,,,0.106,36.1,4.19,4.19,1.06,1.06,2.49,2.49,3.55,3.55,,,,8.38,3.73,,,,,,,,,,,,,,8.43,4.97,
,33.7x4.5 CHS,,O,UK,Steel,-,3.24,33.7,33.7,4.5,4.5,,,,,,,,0.106,32.8,4.5,4.5,1.04,1.04,2.67,2.67,3.87,3.87,,,,9.01,4.13,,,,,,,,,,,,,,7.49,5.35,
,33.7x5 CHS,,O,UK,Steel,-,3.54,33.7,33.7,5,5,,,,,,,,0.106,30,4.78,4.78,1.03,1.03,2.84,2.84,4.16,4.16,,,,9.57,4.51,,,,,,,,,,,,,,6.74,5.68,
,42.4x2.6 CHS,,O,UK,Steel,-,2.55,42.4,42.4,2.6,2.6,,,,,,,,0.133,52.1,6.46,6.46,1.41,1.41,3.05,3.05,4.12,4.12,,,,12.9,3.25,,,,,,,,,,,,,,16.3,6.1,
,42.4x2.9 CHS,,O,UK,Steel,-,2.82,42.4,42.4,2.9,2.9,,,,,,,,0.133,47.1,7.06,7.06,1.4,1.4,3.33,3.33,4.53,4.53,,,,14.1,3.6,,,,,,,,,,,,,,14.6,6.66,
,42.4x3.2 CHS,,O,UK,Steel,-,3.09,42.4,42.4,3.2,3.2,,,,,,,,0.133,43,7.62,7.62,1.39,1.39,3.59,3.59,4.93,4.93,,,,15.2,3.94,,,,,,,,,,,,,,13.2,7.19,
,42.4x3.6 CHS,,O,UK,Steel,-,3.44,42.4,42.4,3.6,3.6,,,,,,,,0.133,38.6,8.33,8.33,1.38,1.38,3.93,3.93,5.44,5.44,,,,16.7,4.39,,,,,,,,,,,,,,11.8,7.86,
,42.4x4 CHS,,O,UK,Steel,-,3.79,42.4,42.4,4,4,,,,,,,,0.133,35.1,8.99,8.99,1.36,1.36,4.24,4.24,5.92,5.92,,,,18,4.83,,,,,,,,,,,,,,10.6,8.48,
,42.4x4.5 CHS,,O,UK,Steel,-,4.21,42.4,42.4,4.5,4.5,,,,,,,,0.133,31.7,9.76,9.76,1.35,1.35,4.6,4.6,6.49,6.49,,,,19.5,5.36,,,,,,,,,,,,,,9.42,9.2,
,42.4x5 CHS,,O,UK,Steel,-,4.61,42.4,42.4,5,5,,,,,,,,0.133,28.9,10.5,10.5,1.33,1.33,4.93,4.93,7.04,7.04,,,,20.9,5.87,,,,,,,,,,,,,,8.48,9.86,
,48.3x2.6 CHS,,O,UK,Steel,-,2.93,48.3,48.3,2.6,2.6,,,,,,,,0.152,51.8,9.78,9.78,1.62,1.62,4.05,4.05,5.44,5.44,,,,19.6,3.73,,,,,,,,,,,,,,18.6,8.1,
,48.3x2.9 CHS,,O,UK,Steel,-,3.25,48.3,48.3,2.9,2.9,,,,,,,,0.152,46.8,10.7,10.7,1.61,1.61,4.43,4.43,5.99,5.99,,,,21.4,4.14,,,,,,,,,,,,,,16.7,8.86,
,48.3x3.2 CHS,,O,UK,Steel,-,3.56,48.3,48.3,3.2,3.2,,,,,,,,0.152,42.7,11.6,11.6,1.6,1.6,4.8,4.8,6.52,6.52,,,,23.2,4.53,,,,,,,,,,,,,,15.1,9.59,
,48.3x3.6 CHS,,O,UK,Steel,-,3.97,48.3,48.3,3.6,3.6,,,,,,,,0.152,38.3,12.7,12.7,1.59,1.59,5.26,5.26,7.21,7.21,,,,25.4,5.06,,,,,,,,,,,,,,13.4,10.5,
,48.3x4 CHS,,O,UK,Steel,-,4.37,48.3,48.3,4,4,,,,,,,,0.152,34.8,13.8,13.8,1.57,1.57,5.7,5.7,7.87,7.87,,,,27.5,5.57,,,,,,,,,,,,,,12.1,11.4,
,48.3x4.5 CHS,,O,UK,Steel,-,4.86,48.3,48.3,4.5,4.5,,,,,,,,0.152,31.3,15,15,1.56,1.56,6.21,6.21,8.66,8.66,,,,30,6.19,,,,,,,,,,,,,,10.7,12.4,
,48.3x5 CHS,,O,UK,Steel,-,5.34,48.3,48.3,5,5,,,,,,,,0.152,28.4,16.2,16.2,1.54,1.54,6.69,6.69,9.42,9.42,,,,32.3,6.8,,,,,,,,,,,,,,9.66,13.4,
,48.3x5.6 CHS,,O,UK,Steel,-,5.9,48.3,48.3,5.6,5.6,,,,,,,,0.152,25.8,17.4,17.4,1.52,1.52,7.21,7.21,10.3,10.3,,,,34.8,7.51,,,,,,,,,,,,,,8.63,14.4,
,48.3x6.3 CHS,,O,UK,Steel,-,6.53,48.3,48.3,6.3,6.3,,,,,,,,0.152,23.3,18.7,18.7,1.5,1.5,7.76,7.76,11.2,11.2,,,,37.5,8.31,,,,,,,,,,,,,,7.67,15.5,
,60.3x2.6 CHS,,O,UK,Steel,-,3.7,60.3,60.3,2.6,2.6,,,,,,,,0.189,51,19.7,19.7,2.04,2.04,6.52,6.52,8.66,8.66,,,,39.3,4.71,,,,,,,,,,,,,,23.2,13,
,60.3x2.9 CHS,,O,UK,Steel,-,4.11,60.3,60.3,2.9,2.9,,,,,,,,0.189,46.1,21.6,21.6,2.03,2.03,7.16,7.16,9.56,9.56,,,,43.2,5.23,,,,,,,,,,,,,,20.8,14.3,
,60.3x3.2 CHS,,O,UK,Steel,-,4.51,60.3,60.3,3.2,3.2,,,,,,,,0.189,42,23.5,23.5,2.02,2.02,7.78,7.78,10.4,10.4,,,,46.9,5.74,,,,,,,,,,,,,,18.8,15.6,
,60.3x3.6 CHS,,O,UK,Steel,-,5.03,60.3,60.3,3.6,3.6,,,,,,,,0.189,37.6,25.9,25.9,2.01,2.01,8.58,8.58,11.6,11.6,,,,51.7,6.41,,,,,,,,,,,,,,16.8,17.2,
,60.3x4 CHS,,O,UK,Steel,-,5.55,60.3,60.3,4,4,,,,,,,,0.189,34,28.2,28.2,2,2,9.34,9.34,12.7,12.7,,,,56.3,7.07,,,,,,,,,,,,,,15.1,18.7,
,60.3x4.5 CHS,,O,UK,Steel,-,6.19,60.3,60.3,4.5,4.5,,,,,,,,0.189,30.4,30.9,30.9,1.98,1.98,10.2,10.2,14,14,,,,61.8,7.89,,,,,,,,,,,,,,13.4,20.5,
,60.3x5 CHS,,O,UK,Steel,-,6.82,60.3,60.3,5,5,,,,,,,,0.189,27.8,33.5,33.5,1.96,1.96,11.1,11.1,15.3,15.3,,,,67,8.69,,,,,,,,,,,,,,12.1,22.2,
,60.3x5.6 CHS,,O,UK,Steel,-,7.55,60.3,60.3,5.6,5.6,,,,,,,,0.189,24.9,36.4,36.4,1.94,1.94,12.1,12.1,16.8,16.8,,,,72.7,9.62,,,,,,,,,,,,,,10.8,24.1,
,60.3x6.3 CHS,,O,UK,Steel,-,8.39,60.3,60.3,6.3,6.3,,,,,,,,0.189,22.5,39.5,39.5,1.92,1.92,13.1,13.1,18.5,18.5,,,,79,10.7,,,,,,,,,,,,,,9.57,26.2,
,60.3x8 CHS,,O,UK,Steel,-,10.3,60.3,60.3,8,8,,,,,,,,0.189,18.3,46,46,1.87,1.87,15.3,15.3,22.1,22.1,,,,92,13.1,,,,,,,,,,,,,,7.54,30.5,
,76.1x2.9 CHS,,O,UK,Steel,-,5.24,76.1,76.1,2.9,2.9,,,,,,,,0.239,45.6,44.7,44.7,2.59,2.59,11.8,11.8,15.5,15.5,,,,89.5,6.67,,,,,,,,,,,,,,26.2,23.5,
,76.1x3.2 CHS,,O,UK,Steel,-,5.75,76.1,76.1,3.2,3.2,,,,,,,,0.239,41.6,48.8,48.8,2.58,2.58,12.8,12.8,17,17,,,,97.6,7.33,,,,,,,,,,,,,,23.8,25.6,
,76.1x3.6 CHS,,O,UK,Steel,-,6.44,76.1,76.1,3.6,3.6,,,,,,,,0.239,37,54,54,2.57,2.57,14.2,14.2,18.9,18.9,,,,108,8.2,,,,,,,,,,,,,,21.1,28.4,
,76.1x4 CHS,,O,UK,Steel,-,7.11,76.1,76.1,4,4,,,,,,,,0.239,33.7,59.1,59.1,2.55,2.55,15.5,15.5,20.8,20.8,,,,118,9.06,,,,,,,,,,,,,,19,31,
,76.1x4.5 CHS,,O,UK,Steel,-,7.95,76.1,76.1,4.5,4.5,,,,,,,,0.239,30.1,65.1,65.1,2.54,2.54,17.1,17.1,23.1,23.1,,,,130,10.1,,,,,,,,,,,,,,16.9,34.2,
,76.1x5 CHS,,O,UK,Steel,-,8.77,76.1,76.1,5,5,,,,,,,,0.239,27.2,70.9,70.9,2.52,2.52,18.6,18.6,25.3,25.3,,,,142,11.2,,,,,,,,,,,,,,15.2,37.3,
,76.1x5.6 CHS,,O,UK,Steel,-,9.74,76.1,76.1,5.6,5.6,,,,,,,,0.239,24.6,77.5,77.5,2.5,2.5,20.4,20.4,27.9,27.9,,,,155,12.4,,,,,,,,,,,,,,13.6,40.8,
,76.1x6.3 CHS,,O,UK,Steel,-,10.8,76.1,76.1,6.3,6.3,,,,,,,,0.239,22,84.8,84.8,2.48,2.48,22.3,22.3,30.8,30.8,,,,170,13.8,,,,,,,,,,,,,,12.1,44.6,
,76.1x8 CHS,,O,UK,Steel,-,13.4,76.1,76.1,8,8,,,,,,,,0.239,17.8,101,101,2.42,2.42,26.4,26.4,37.3,37.3,,,,201,17.1,,,,,,,,,,,,,,9.51,52.9,
,88.9x2.9 CHS,,O,UK,Steel,-,6.15,88.9,88.9,2.9,2.9,,,,,,,,0.279,45.5,72.5,72.5,3.04,3.04,16.3,16.3,21.5,21.5,,,,145,7.84,,,,,,,,,,,,,,30.7,32.6,
,88.9x3.2 CHS,,O,UK,Steel,-,6.76,88.9,88.9,3.2,3.2,,,,,,,,0.279,41.3,79.2,79.2,3.03,3.03,17.8,17.8,23.5,23.5,,,,158,8.62,,,,,,,,,,,,,,27.8,35.6,
,88.9x3.6 CHS,,O,UK,Steel,-,7.57,88.9,88.9,3.6,3.6,,,,,,,,0.279,36.8,87.9,87.9,3.02,3.02,19.8,19.8,26.2,26.2,,,,176,9.65,,,,,,,,,,,,,,24.7,39.5,
,88.9x4 CHS,,O,UK,Steel,-,8.38,88.9,88.9,4,4,,,,,,,,0.279,33.2,96.3,96.3,3,3,21.7,21.7,28.9,28.9,,,,193,10.7,,,,,,,,,,,,,,22.2,43.3,
,88.9x4.5 CHS,,O,UK,Steel,-,9.37,88.9,88.9,4.5,4.5,,,,,,,,0.279,29.9,107,107,2.99,2.99,24,24,32.1,32.1,,,,213,11.9,,,,,,,,,,,,,,19.8,47.9,
,88.9x5 CHS,,O,UK,Steel,-,10.3,88.9,88.9,5,5,,,,,,,,0.279,27,116,116,2.97,2.97,26.2,26.2,35.2,35.2,,,,233,13.2,,,,,,,,,,,,,,17.8,52.4,
,88.9x5.6 CHS,,O,UK,Steel,-,11.5,88.9,88.9,5.6,5.6,,,,,,,,0.279,24.2,128,128,2.95,2.95,28.7,28.7,38.9,38.9,,,,255,14.7,,,,,,,,,,,,,,15.9,57.5,
,88.9x6.3 CHS,,O,UK,Steel,-,12.8,88.9,88.9,6.3,6.3,,,,,,,,0.279,21.7,140,140,2.93,2.93,31.5,31.5,43.1,43.1,,,,280,16.3,,,,,,,,,,,,,,14.1,63.1,
,88.9x8 CHS,,O,UK,Steel,-,16,88.9,88.9,8,8,,,,,,,,0.279,17.5,168,168,2.87,2.87,37.8,37.8,52.5,52.5,,,,336,20.3,,,,,,,,,,,,,,11.1,75.6,
,88.9x10 CHS,,O,UK,Steel,-,19.5,88.9,88.9,10,10,,,,,,,,0.279,14.3,196,196,2.81,2.81,44.1,44.1,62.6,62.6,,,,392,24.8,,,,,,,,,,,,,,8.89,88.2,
,101.6x3.2 CHS,,O,UK,Steel,-,7.77,101.6,101.6,3.2,3.2,,,,,,,,0.319,41.2,120,120,3.48,3.48,23.6,23.6,31,31,,,,240,9.89,,,,,,,,,,,,,,31.7,47.2,
,101.6x3.6 CHS,,O,UK,Steel,-,8.7,101.6,101.6,3.6,3.6,,,,,,,,0.319,36.7,133,133,3.47,3.47,26.2,26.2,34.6,34.6,,,,266,11.1,,,,,,,,,,,,,,28.2,52.5,
,101.6x4 CHS,,O,UK,Steel,-,9.63,101.6,101.6,4,4,,,,,,,,0.319,33.2,146,146,3.45,3.45,28.8,28.8,38.1,38.1,,,,293,12.3,,,,,,,,,,,,,,25.4,57.6,
,101.6x4.5 CHS,,O,UK,Steel,-,10.8,101.6,101.6,4.5,4.5,,,,,,,,0.319,29.6,162,162,3.44,3.44,31.9,31.9,42.5,42.5,,,,324,13.7,,,,,,,,,,,,,,22.6,63.8,
,101.6x5 CHS,,O,UK,Steel,-,11.9,101.6,101.6,5,5,,,,,,,,0.319,26.8,177,177,3.42,3.42,34.9,34.9,46.7,46.7,,,,355,15.2,,,,,,,,,,,,,,20.3,69.9,
,101.6x5.6 CHS,,O,UK,Steel,-,13.3,101.6,101.6,5.6,5.6,,,,,,,,0.319,24.1,195,195,3.4,3.4,38.4,38.4,51.7,51.7,,,,390,16.9,,,,,,,,,,,,,,18.1,76.9,
,101.6x6.3 CHS,,O,UK,Steel,-,14.8,101.6,101.6,6.3,6.3,,,,,,,,0.319,21.5,215,215,3.38,3.38,42.3,42.3,57.3,57.3,,,,430,18.9,,,,,,,,,,,,,,16.1,84.7,
,101.6x8 CHS,,O,UK,Steel,-,18.5,101.6,101.6,8,8,,,,,,,,0.319,17.3,260,260,3.32,3.32,51.1,51.1,70.3,70.3,,,,519,23.5,,,,,,,,,,,,,,12.7,102,
,101.6x10 CHS,,O,UK,Steel,-,22.6,101.6,101.6,10,10,,,,,,,,0.319,14.1,305,305,3.26,3.26,60.1,60.1,84.2,84.2,,,,611,28.8,,,,,,,,,,,,,,10.2,120,
,114.3x3.2 CHS,,O,UK,Steel,-,8.77,114.3,114.3,3.2,3.2,,,,,,,,0.359,40.9,172,172,3.93,3.93,30.2,30.2,39.5,39.5,,,,345,11.2,,,,,,,,,,,,,,35.7,60.4,
,114.3x3.6 CHS,,O,UK,Steel,-,9.83,114.3,114.3,3.6,3.6,,,,,,,,0.359,36.6,192,192,3.92,3.92,33.6,33.6,44.1,44.1,,,,384,12.5,,,,,,,,,,,,,,31.8,67.2,
,114.3x4 CHS,,O,UK,Steel,-,10.9,114.3,114.3,4,4,,,,,,,,0.359,33,211,211,3.9,3.9,36.9,36.9,48.7,48.7,,,,422,13.9,,,,,,,,,,,,,,28.6,73.9,
,114.3x4.5 CHS,,O,UK,Steel,-,12.2,114.3,114.3,4.5,4.5,,,,,,,,0.359,29.5,234,234,3.89,3.89,41,41,54.3,54.3,,,,469,15.5,,,,,,,,,,,,,,25.4,82,
,114.3x5 CHS,,O,UK,Steel,-,13.5,114.3,114.3,5,5,,,,,,,,0.359,26.6,257,257,3.87,3.87,45,45,59.8,59.8,,,,514,17.2,,,,,,,,,,,,,,22.9,89.9,
,114.3x5.6 CHS,,O,UK,Steel,-,15,114.3,114.3,5.6,5.6,,,,,,,,0.359,23.9,283,283,3.85,3.85,49.6,49.6,66.2,66.2,,,,566,19.1,,,,,,,,,,,,,,20.4,99.1,
,114.3x6.3 CHS,,O,UK,Steel,-,16.8,114.3,114.3,6.3,6.3,,,,,,,,0.359,21.4,313,313,3.82,3.82,54.7,54.7,73.6,73.6,,,,625,21.4,,,,,,,,,,,,,,18.1,109,
,114.3x8 CHS,,O,UK,Steel,-,21,114.3,114.3,8,8,,,,,,,,0.359,17.1,379,379,3.77,3.77,66.4,66.4,90.6,90.6,,,,759,26.7,,,,,,,,,,,,,,14.3,133,
,114.3x10 CHS,,O,UK,Steel,-,25.7,114.3,114.3,10,10,,,,,,,,0.359,14,450,450,3.7,3.7,78.7,78.7,109,109,,,,899,32.8,,,,,,,,,,,,,,11.4,157,
,139.7x3.2 CHS,,O,UK,Steel,-,10.8,139.7,139.7,3.2,3.2,,,,,,,,0.439,40.7,320,320,4.83,4.83,45.8,45.8,59.6,59.6,,,,640,13.7,,,,,,,,,,,,,,43.7,91.6,
,139.7x3.6 CHS,,O,UK,Steel,-,12.1,139.7,139.7,3.6,3.6,,,,,,,,0.439,36.3,357,357,4.81,4.81,51.1,51.1,66.7,66.7,,,,713,15.4,,,,,,,,,,,,,,38.8,102,
,139.7x4 CHS,,O,UK,Steel,-,13.4,139.7,139.7,4,4,,,,,,,,0.439,32.8,393,393,4.8,4.8,56.2,56.2,73.7,73.7,,,,786,17.1,,,,,,,,,,,,,,34.9,112,
,139.7x4.5 CHS,,O,UK,Steel,-,15,139.7,139.7,4.5,4.5,,,,,,,,0.439,29.2,437,437,4.78,4.78,62.6,62.6,82.3,82.3,,,,874,19.1,,,,,,,,,,,,,,31,125,
,139.7x5 CHS,,O,UK,Steel,-,16.6,139.7,139.7,5,5,,,,,,,,0.439,26.4,481,481,4.77,4.77,68.8,68.8,90.8,90.8,,,,961,21.2,,,,,,,,,,,,,,27.9,138,
,139.7x5.6 CHS,,O,UK,Steel,-,18.5,139.7,139.7,5.6,5.6,,,,,,,,0.439,23.7,531,531,4.75,4.75,76.1,76.1,101,101,,,,1060,23.6,,,,,,,,,,,,,,24.9,152,
,139.7x6.3 CHS,,O,UK,Steel,-,20.7,139.7,139.7,6.3,6.3,,,,,,,,0.439,21.2,589,589,4.72,4.72,84.3,84.3,112,112,,,,1180,26.4,,,,,,,,,,,,,,22.2,169,
,139.7x8 CHS,,O,UK,Steel,-,26,139.7,139.7,8,8,,,,,,,,0.439,16.9,720,720,4.66,4.66,103,103,139,139,,,,1440,33.1,,,,,,,,,,,,,,17.5,206,
,139.7x10 CHS,,O,UK,Steel,-,32,139.7,139.7,10,10,,,,,,,,0.439,13.7,862,862,4.6,4.6,123,123,169,169,,,,1720,40.7,,,,,,,,,,,,,,14,247,
,139.7x12.5 CHS,,O,UK,Steel,-,39.2,139.7,139.7,12.5,12.5,,,,,,,,0.439,11.2,1020,1020,4.52,4.52,146,146,203,203,,,,2040,50,,,,,,,,,,,,,,11.2,292,
,168.3x5 CHS,,O,UK,Steel,-,20.1,168.3,168.3,5,5,,,,,,,,0.529,26.3,856,856,5.78,5.78,102,102,133,133,,,,1710,25.7,,,,,,,,,,,,,,33.7,203,
,168.3x5.6 CHS,,O,UK,Steel,-,22.5,168.3,168.3,5.6,5.6,,,,,,,,0.529,23.5,948,948,5.76,5.76,113,113,148,148,,,,1900,28.6,,,,,,,,,,,,,,30.1,225,
,168.3x6.3 CHS,,O,UK,Steel,-,25.2,168.3,168.3,6.3,6.3,,,,,,,,0.529,21,1050,1050,5.73,5.73,125,125,165,165,,,,2110,32.1,,,,,,,,,,,,,,26.7,250,
,168.3x8 CHS,,O,UK,Steel,-,31.6,168.3,168.3,8,8,,,,,,,,0.529,16.7,1300,1300,5.67,5.67,154,154,206,206,,,,2600,40.3,,,,,,,,,,,,,,21,308,
,168.3x10 CHS,,O,UK,Steel,-,39,168.3,168.3,10,10,,,,,,,,0.529,13.5,1560,1560,5.61,5.61,186,186,251,251,,,,3130,49.7,,,,,,,,,,,,,,16.8,372,
,168.3x12.5 CHS,,O,UK,Steel,-,48,168.3,168.3,12.5,12.5,,,,,,,,0.529,11,1870,1870,5.53,5.53,222,222,304,304,,,,3740,61.2,,,,,,,,,,,,,,13.5,444,
,193.7x5 CHS,,O,UK,Steel,-,23.3,193.7,193.7,5,5,,,,,,,,0.609,26.2,1320,1320,6.67,6.67,136,136,178,178,,,,2640,29.6,,,,,,,,,,,,,,38.7,273,
,193.7x5.6 CHS,,O,UK,Steel,-,26,193.7,193.7,5.6,5.6,,,,,,,,0.609,23.4,1470,1470,6.65,6.65,151,151,198,198,,,,2930,33.1,,,,,,,,,,,,,,34.6,303,
,193.7x6.3 CHS,,O,UK,Steel,-,29.1,193.7,193.7,6.3,6.3,,,,,,,,0.609,20.9,1630,1630,6.63,6.63,168,168,221,221,,,,3260,37.1,,,,,,,,,,,,,,30.7,337,
,193.7x8 CHS,,O,UK,Steel,-,36.6,193.7,193.7,8,8,,,,,,,,0.609,16.6,2020,2020,6.57,6.57,208,208,276,276,,,,4030,46.7,,,,,,,,,,,,,,24.2,416,
,193.7x10 CHS,,O,UK,Steel,-,45.3,193.7,193.7,10,10,,,,,,,,0.609,13.5,2440,2440,6.5,6.5,252,252,338,338,,,,4880,57.7,,,,,,,,,,,,,,19.4,504,
,193.7x12.5 CHS,,O,UK,Steel,-,55.9,193.7,193.7,12.5,12.5,,,,,,,,0.609,10.9,2930,2930,6.42,6.42,303,303,411,411,,,,5870,71.2,,,,,,,,,,,,,,15.5,606,
,193.7x16 CHS,,O,UK,Steel,-,70.1,193.7,193.7,16,16,,,,,,,,0.609,8.71,3550,3550,6.31,6.31,367,367,507,507,,,,7110,89.3,,,,,,,,,,,,,,12.1,734,
,219.1x4.5 CHS,,O,UK,Steel,-,23.8,219.1,219.1,4.5,4.5,,,,,,,,0.688,28.9,1750,1750,7.59,7.59,159,159,207,207,,,,3490,30.3,,,,,,,,,,,,,,48.7,319,
,219.1x5 CHS,,O,UK,Steel,-,26.4,219.1,219.1,5,5,,,,,,,,0.688,26.1,1930,1930,7.57,7.57,176,176,229,229,,,,3860,33.6,,,,,,,,,,,,,,43.8,352,
,219.1x5.6 CHS,,O,UK,Steel,-,29.5,219.1,219.1,5.6,5.6,,,,,,,,0.688,23.3,2140,2140,7.55,7.55,195,195,255,255,,,,4280,37.6,,,,,,,,,,,,,,39.1,391,
,219.1x6.3 CHS,,O,UK,Steel,-,33.1,219.1,219.1,6.3,6.3,,,,,,,,0.688,20.8,2390,2390,7.53,7.53,218,218,285,285,,,,4770,42.1,,,,,,,,,,,,,,34.8,436,
,219.1x8 CHS,,O,UK,Steel,-,41.6,219.1,219.1,8,8,,,,,,,,0.688,16.5,2960,2960,7.47,7.47,270,270,357,357,,,,5920,53.1,,,,,,,,,,,,,,27.4,540,
,219.1x10 CHS,,O,UK,Steel,-,51.6,219.1,219.1,10,10,,,,,,,,0.688,13.3,3600,3600,7.4,7.4,328,328,438,438,,,,7200,65.7,,,,,,,,,,,,,,21.9,657,
,219.1x12.5 CHS,,O,UK,Steel,-,63.7,219.1,219.1,12.5,12.5,,,,,,,,0.688,10.8,4350,4350,7.32,7.32,397,397,534,534,,,,8690,81.1,,,,,,,,,,,,,,17.5,793,
,219.1x14.2 CHS,,O,UK,Steel,-,71.8,219.1,219.1,14.2,14.2,,,,,,,,0.688,9.56,4820,4820,7.26,7.26,440,440,597,597,,,,9640,91.4,,,,,,,,,,,,,,15.4,880,
,219.1x16 CHS,,O,UK,Steel,-,80.1,219.1,219.1,16,16,,,,,,,,0.688,8.6,5300,5300,7.2,7.2,483,483,661,661,,,,10600,102,,,,,,,,,,,,,,13.7,967,
,244.5x5 CHS,,O,UK,Steel,-,29.5,244.5,244.5,5,5,,,,,,,,0.768,26,2700,2700,8.47,8.47,221,221,287,287,,,,5400,37.6,,,,,,,,,,,,,,48.9,441,
,244.5x5.6 CHS,,O,UK,Steel,-,33,244.5,244.5,5.6,5.6,,,,,,,,0.768,23.3,3000,3000,8.45,8.45,245,245,320,320,,,,6000,42,,,,,,,,,,,,,,43.7,491,
,244.5x6.3 CHS,,O,UK,Steel,-,37,244.5,244.5,6.3,6.3,,,,,,,,0.768,20.7,3350,3350,8.42,8.42,274,274,358,358,,,,6690,47.1,,,,,,,,,,,,,,38.8,547,
,244.5x8 CHS,,O,UK,Steel,-,46.7,244.5,244.5,8,8,,,,,,,,0.768,16.4,4160,4160,8.37,8.37,340,340,448,448,,,,8320,59.4,,,,,,,,,,,,,,30.6,681,
,244.5x10 CHS,,O,UK,Steel,-,57.8,244.5,244.5,10,10,,,,,,,,0.768,13.3,5070,5070,8.3,8.3,415,415,550,550,,,,10100,73.7,,,,,,,,,,,,,,24.5,830,
,244.5x12.5 CHS,,O,UK,Steel,-,71.5,244.5,244.5,12.5,12.5,,,,,,,,0.768,10.8,6150,6150,8.21,8.21,503,503,673,673,,,,12300,91.1,,,,,,,,,,,,,,19.6,1010,
,244.5x14.2 CHS,,O,UK,Steel,-,80.6,244.5,244.5,14.2,14.2,,,,,,,,0.768,9.52,6840,6840,8.16,8.16,559,559,754,754,,,,13700,103,,,,,,,,,,,,,,17.2,1120,
,244.5x16 CHS,,O,UK,Steel,-,90.2,244.5,244.5,16,16,,,,,,,,0.768,8.52,7530,7530,8.1,8.1,616,616,837,837,,,,15100,115,,,,,,,,,,,,,,15.3,1230,
,273x5 CHS,,O,UK,Steel,-,33,273,273,5,5,,,,,,,,0.858,26,3780,3780,9.48,9.48,277,277,359,359,,,,7560,42.1,,,,,,,,,,,,,,54.6,554,
,273x5.6 CHS,,O,UK,Steel,-,36.9,273,273,5.6,5.6,,,,,,,,0.858,23.3,4210,4210,9.46,9.46,308,308,400,400,,,,8410,47,,,,,,,,,,,,,,48.8,616,
,273x6.3 CHS,,O,UK,Steel,-,41.4,273,273,6.3,6.3,,,,,,,,0.858,20.7,4700,4700,9.43,9.43,344,344,448,448,,,,9390,52.8,,,,,,,,,,,,,,43.3,688,
,273x8 CHS,,O,UK,Steel,-,52.3,273,273,8,8,,,,,,,,0.858,16.4,5850,5850,9.37,9.37,429,429,562,562,,,,11700,66.6,,,,,,,,,,,,,,34.1,857,
,273x10 CHS,,O,UK,Steel,-,64.9,273,273,10,10,,,,,,,,0.858,13.2,7150,7150,9.31,9.31,524,524,692,692,,,,14300,82.6,,,,,,,,,,,,,,27.3,1050,
,273x12.5 CHS,,O,UK,Steel,-,80.3,273,273,12.5,12.5,,,,,,,,0.858,10.7,8700,8700,9.22,9.22,637,637,849,849,,,,17400,102,,,,,,,,,,,,,,21.8,1270,
,273x14.2 CHS,,O,UK,Steel,-,90.6,273,273,14.2,14.2,,,,,,,,0.858,9.44,9700,9700,9.16,9.16,710,710,952,952,,,,19400,115,,,,,,,,,,,,,,19.2,1420,
,273x16 CHS,,O,UK,Steel,-,101,273,273,16,16,,,,,,,,0.858,8.46,10700,10700,9.1,9.1,784,784,1060,1060,,,,21400,129,,,,,,,,,,,,,,17.1,1570,
,323.9x5 CHS,,O,UK,Steel,-,39.3,323.9,323.9,5,5,,,,,,,,1.02,25.9,6370,6370,11.3,11.3,393,393,509,509,,,,12700,50.1,,,,,,,,,,,,,,64.8,787,
,323.9x5.6 CHS,,O,UK,Steel,-,44,323.9,323.9,5.6,5.6,,,,,,,,1.02,23.2,7090,7090,11.3,11.3,438,438,567,567,,,,14200,56,,,,,,,,,,,,,,57.8,876,
,323.9x6.3 CHS,,O,UK,Steel,-,49.3,323.9,323.9,6.3,6.3,,,,,,,,1.02,20.7,7930,7930,11.2,11.2,490,490,636,636,,,,15900,62.9,,,,,,,,,,,,,,51.4,979,
,323.9x8 CHS,,O,UK,Steel,-,62.3,323.9,323.9,8,8,,,,,,,,1.02,16.3,9910,9910,11.2,11.2,612,612,799,799,,,,19800,79.4,,,,,,,,,,,,,,40.5,1220,
,323.9x10 CHS,,O,UK,Steel,-,77.4,323.9,323.9,10,10,,,,,,,,1.02,13.2,12200,12200,11.1,11.1,751,751,986,986,,,,24300,98.6,,,,,,,,,,,,,,32.4,1500,
,323.9x12.5 CHS,,O,UK,Steel,-,96,323.9,323.9,12.5,12.5,,,,,,,,1.02,10.6,14800,14800,11,11,917,917,1210,1210,,,,29700,122,,,,,,,,,,,,,,25.9,1830,
,323.9x14.2 CHS,,O,UK,Steel,-,108,323.9,323.9,14.2,14.2,,,,,,,,1.02,9.4,16600,16600,11,11,1030,1030,1360,1360,,,,33200,138,,,,,,,,,,,,,,22.8,2050,
,323.9x16 CHS,,O,UK,Steel,-,121,323.9,323.9,16,16,,,,,,,,1.02,8.39,18400,18400,10.9,10.9,1140,1140,1520,1520,,,,36800,155,,,,,,,,,,,,,,20.2,2270,
,355.6x5 CHS,,O,UK,Steel,-,43.2,355.6,355.6,5,5,,,,,,,,1.12,25.9,8460,8460,12.4,12.4,476,476,615,615,,,,16900,55.1,,,,,,,,,,,,,,71.1,952,
,355.6x6.3 CHS,,O,UK,Steel,-,54.3,355.6,355.6,6.3,6.3,,,,,,,,1.12,20.6,10500,10500,12.4,12.4,593,593,769,769,,,,21100,69.1,,,,,,,,,,,,,,56.4,1190,
,355.6x8 CHS,,O,UK,Steel,-,68.6,355.6,355.6,8,8,,,,,,,,1.12,16.4,13200,13200,12.3,12.3,742,742,967,967,,,,26400,87.4,,,,,,,,,,,,,,44.5,1490,
,355.6x10 CHS,,O,UK,Steel,-,85.2,355.6,355.6,10,10,,,,,,,,1.12,13.1,16200,16200,12.2,12.2,912,912,1200,1200,,,,32400,109,,,,,,,,,,,,,,35.6,1830,
,355.6x12.5 CHS,,O,UK,Steel,-,106,355.6,355.6,12.5,12.5,,,,,,,,1.12,10.6,19900,19900,12.1,12.1,1120,1120,1470,1470,,,,39700,135,,,,,,,,,,,,,,28.4,2230,
,355.6x14.2 CHS,,O,UK,Steel,-,120,355.6,355.6,14.2,14.2,,,,,,,,1.12,9.36,22200,22200,12.1,12.1,1250,1250,1660,1660,,,,44500,152,,,,,,,,,,,,,,25,2500,
,355.6x16 CHS,,O,UK,Steel,-,134,355.6,355.6,16,16,,,,,,,,1.12,8.36,24700,24700,12,12,1390,1390,1850,1850,,,,49300,171,,,,,,,,,,,,,,22.2,2770,
,406.4x6.3 CHS,,O,UK,Steel,-,62.2,406.4,406.4,6.3,6.3,,,,,,,,1.28,20.6,15800,15800,14.1,14.1,780,780,1010,1010,,,,31700,79.2,,,,,,,,,,,,,,64.5,1560,
,406.4x8 CHS,,O,UK,Steel,-,78.6,406.4,406.4,8,8,,,,,,,,1.28,16.3,19900,19900,14.1,14.1,978,978,1270,1270,,,,39700,100,,,,,,,,,,,,,,50.8,1960,
,406.4x10 CHS,,O,UK,Steel,-,97.8,406.4,406.4,10,10,,,,,,,,1.28,13.1,24500,24500,14,14,1210,1210,1570,1570,,,,49000,125,,,,,,,,,,,,,,40.6,2410,
,406.4x12.5 CHS,,O,UK,Steel,-,121,406.4,406.4,12.5,12.5,,,,,,,,1.28,10.5,30000,30000,13.9,13.9,1480,1480,1940,1940,,,,60100,155,,,,,,,,,,,,,,32.5,2960,
,406.4x14.2 CHS,,O,UK,Steel,-,137,406.4,406.4,14.2,14.2,,,,,,,,1.28,9.32,33700,33700,13.9,13.9,1660,1660,2190,2190,,,,67400,175,,,,,,,,,,,,,,28.6,3320,
,406.4x16 CHS,,O,UK,Steel,-,154,406.4,406.4,16,16,,,,,,,,1.28,8.31,37400,37400,13.8,13.8,1840,1840,2440,2440,,,,74900,196,,,,,,,,,,,,,,25.4,3690,
,457x6.3 CHS,,O,UK,Steel,-,70,457,457,6.3,6.3,,,,,,,,1.44,20.6,22700,22700,15.9,15.9,991,991,1280,1280,,,,45300,89.2,,,,,,,,,,,,,,72.5,1980,
,457x8 CHS,,O,UK,Steel,-,88.6,457,457,8,8,,,,,,,,1.44,16.3,28400,28400,15.9,15.9,1250,1250,1610,1610,,,,56900,113,,,,,,,,,,,,,,57.1,2490,
,457x10 CHS,,O,UK,Steel,-,110,457,457,10,10,,,,,,,,1.44,13.1,35100,35100,15.8,15.8,1540,1540,2000,2000,,,,70200,140,,,,,,,,,,,,,,45.7,3070,
,457x12.5 CHS,,O,UK,Steel,-,137,457,457,12.5,12.5,,,,,,,,1.44,10.5,43100,43100,15.7,15.7,1890,1890,2470,2470,,,,86300,175,,,,,,,,,,,,,,36.6,3780,
,457x14.2 CHS,,O,UK,Steel,-,155,457,457,14.2,14.2,,,,,,,,1.44,9.29,48500,48500,15.7,15.7,2120,2120,2790,2790,,,,96900,198,,,,,,,,,,,,,,32.2,4240,
,457x16 CHS,,O,UK,Steel,-,174,457,457,16,16,,,,,,,,1.44,8.28,54000,54000,15.6,15.6,2360,2360,3110,3110,,,,108000,222,,,,,,,,,,,,,,28.6,4720,
,508x6.3 CHS,,O,UK,Steel,-,77.9,508,508,6.3,6.3,,,,,,,,1.6,20.5,31200,31200,17.7,17.7,1230,1230,1590,1590,,,,62500,99.3,,,,,,,,,,,,,,80.6,2460,
,508x8 CHS,,O,UK,Steel,-,98.6,508,508,8,8,,,,,,,,1.6,16.2,39300,39300,17.7,17.7,1550,1550,2000,2000,,,,78600,126,,,,,,,,,,,,,,63.5,3090,
,508x10 CHS,,O,UK,Steel,-,123,508,508,10,10,,,,,,,,1.6,13,48500,48500,17.6,17.6,1910,1910,2480,2480,,,,97000,156,,,,,,,,,,,,,,50.8,3820,
,508x12.5 CHS,,O,UK,Steel,-,153,508,508,12.5,12.5,,,,,,,,1.6,10.5,59800,59800,17.5,17.5,2350,2350,3070,3070,,,,120000,195,,,,,,,,,,,,,,40.6,4710,
,508x14.2 CHS,,O,UK,Steel,-,173,508,508,14.2,14.2,,,,,,,,1.6,9.25,67200,67200,17.5,17.5,2650,2650,3460,3460,,,,134000,220,,,,,,,,,,,,,,35.8,5290,
,508x16 CHS,,O,UK,Steel,-,194,508,508,16,16,,,,,,,,1.6,8.24,74900,74900,17.4,17.4,2950,2950,3870,3870,,,,150000,247,,,,,,,,,,,,,,31.8,5900,
,40x40x3 SHS,,R,UK,Steel,-,3.41,40,40,3,3,,,,,,,,0.152,44.5,9.78,9.78,1.5,1.5,4.89,4.89,5.97,5.97,,,,15.7,4.34,,,,,,,,,,,,,,,7.1,10.3
,40x40x3.2 SHS,,R,UK,Steel,-,3.61,40,40,3.2,3.2,,,,,,,,0.152,42.1,10.2,10.2,1.49,1.49,5.11,5.11,6.28,6.28,,,,16.5,4.6,,,,,,,,,,,,,,,7.42,9.5
,40x40x3.6 SHS,,R,UK,Steel,-,4.01,40,40,3.6,3.6,,,,,,,,0.151,37.8,11.1,11.1,1.47,1.47,5.54,5.54,6.88,6.88,,,,18.1,5.1,,,,,,,,,,,,,,,8.01,8.11
,40x40x4 SHS,,R,UK,Steel,-,4.39,40,40,4,4,,,,,,,,0.15,34.2,11.8,11.8,1.45,1.45,5.91,5.91,7.44,7.44,,,,19.5,5.59,,,,,,,,,,,,,,,8.54,7
,40x40x5 SHS,,R,UK,Steel,-,5.28,40,40,5,5,,,,,,,,0.147,27.8,13.4,13.4,1.41,1.41,6.68,6.68,8.66,8.66,,,,22.5,6.73,,,,,,,,,,,,,,,9.6,5
,50x50x3 SHS,,R,UK,Steel,-,4.35,50,50,3,3,,,,,,,,0.192,44.2,20.2,20.2,1.91,1.91,8.08,8.08,9.7,9.7,,,,32.1,5.54,,,,,,,,,,,,,,,11.8,13.7
,50x50x3.2 SHS,,R,UK,Steel,-,4.62,50,50,3.2,3.2,,,,,,,,0.192,41.7,21.2,21.2,1.9,1.9,8.49,8.49,10.2,10.2,,,,33.8,5.88,,,,,,,,,,,,,,,12.4,12.6
,50x50x3.6 SHS,,R,UK,Steel,-,5.14,50,50,3.6,3.6,,,,,,,,0.191,37.2,23.2,23.2,1.88,1.88,9.27,9.27,11.3,11.3,,,,37.2,6.54,,,,,,,,,,,,,,,13.5,10.9
,50x50x4 SHS,,R,UK,Steel,-,5.64,50,50,4,4,,,,,,,,0.19,33.6,25,25,1.86,1.86,9.99,9.99,12.3,12.3,,,,40.4,7.19,,,,,,,,,,,,,,,14.5,9.5
,50x50x5 SHS,,R,UK,Steel,-,6.85,50,50,5,5,,,,,,,,0.187,27.3,28.9,28.9,1.82,1.82,11.6,11.6,14.5,14.5,,,,47.6,8.73,,,,,,,,,,,,,,,16.7,7
,50x50x6.3 SHS,,R,UK,Steel,-,8.31,50,50,6.3,6.3,,,,,,,,0.184,22.1,32.8,32.8,1.76,1.76,13.1,13.1,17,17,,,,55.2,10.6,,,,,,,,,,,,,,,18.8,4.94
,50x50x7.1 SHS,,R,UK,Steel,-,9.14,50,50,7.1,7.1,,,,,,,,0.182,19.8,34.5,34.5,1.72,1.72,13.8,13.8,18.3,18.3,,,,58.9,11.6,,,,,,,,,,,,,,,19.8,4.04
,50x50x8 SHS,,R,UK,Steel,-,10,50,50,8,8,,,,,,,,0.179,17.9,36,36,1.68,1.68,14.4,14.4,19.5,19.5,,,,62.3,12.8,,,,,,,,,,,,,,,20.6,3.25
,60x60x3 SHS,,R,UK,Steel,-,5.29,60,60,3,3,,,,,,,,0.232,43.8,36.2,36.2,2.32,2.32,12.1,12.1,14.3,14.3,,,,56.9,6.74,,,,,,,,,,,,,,,17.7,17
,60x60x3.2 SHS,,R,UK,Steel,-,5.62,60,60,3.2,3.2,,,,,,,,0.232,41.3,38.2,38.2,2.31,2.31,12.7,12.7,15.2,15.2,,,,60.2,7.16,,,,,,,,,,,,,,,18.6,15.7
,60x60x3.6 SHS,,R,UK,Steel,-,6.27,60,60,3.6,3.6,,,,,,,,0.231,37,41.9,41.9,2.29,2.29,14,14,16.8,16.8,,,,66.5,7.98,,,,,,,,,,,,,,,20.4,13.7
,60x60x4 SHS,,R,UK,Steel,-,6.9,60,60,4,4,,,,,,,,0.23,33.4,45.4,45.4,2.27,2.27,15.1,15.1,18.3,18.3,,,,72.5,8.79,,,,,,,,,,,,,,,22,12
,60x60x5 SHS,,R,UK,Steel,-,8.42,60,60,5,5,,,,,,,,0.227,27,53.3,53.3,2.23,2.23,17.8,17.8,21.9,21.9,,,,86.4,10.7,,,,,,,,,,,,,,,25.7,9
,60x60x6.3 SHS,,R,UK,Steel,-,10.3,60,60,6.3,6.3,,,,,,,,0.224,21.8,61.6,61.6,2.17,2.17,20.5,20.5,26,26,,,,102,13.1,,,,,,,,,,,,,,,29.6,6.52
,60x60x7.1 SHS,,R,UK,Steel,-,11.4,60,60,7.1,7.1,,,,,,,,0.222,19.5,65.8,65.8,2.13,2.13,21.9,21.9,28.2,28.2,,,,110,14.5,,,,,,,,,,,,,,,31.6,5.45
,60x60x8 SHS,,R,UK,Steel,-,12.5,60,60,8,8,,,,,,,,0.219,17.5,69.7,69.7,2.09,2.09,23.2,23.2,30.4,30.4,,,,118,16,,,,,,,,,,,,,,,33.4,4.5
,70x70x3 SHS,,R,UK,Steel,-,6.24,70,70,3,3,,,,,,,,0.272,43.5,59,59,2.73,2.73,16.9,16.9,19.9,19.9,,,,92.2,7.94,,,,,,,,,,,,,,,24.8,20.3
,70x70x3.2 SHS,,R,UK,Steel,-,6.63,70,70,3.2,3.2,,,,,,,,0.272,41.1,62.3,62.3,2.72,2.72,17.8,17.8,21,21,,,,97.6,8.44,,,,,,,,,,,,,,,26.1,18.9
,70x70x3.6 SHS,,R,UK,Steel,-,7.4,70,70,3.6,3.6,,,,,,,,0.271,36.6,68.6,68.6,2.7,2.7,19.6,19.6,23.3,23.3,,,,108,9.42,,,,,,,,,,,,,,,28.7,16.4
,70x70x4 SHS,,R,UK,Steel,-,8.15,70,70,4,4,,,,,,,,0.27,33.2,74.7,74.7,2.68,2.68,21.3,21.3,25.5,25.5,,,,118,10.4,,,,,,,,,,,,,,,31.2,14.5
,70x70x5 SHS,,R,UK,Steel,-,9.99,70,70,5,5,,,,,,,,0.267,26.7,88.5,88.5,2.64,2.64,25.3,25.3,30.8,30.8,,,,142,12.7,,,,,,,,,,,,,,,36.8,11
,70x70x6.3 SHS,,R,UK,Steel,-,12.3,70,70,6.3,6.3,,,,,,,,0.264,21.5,104,104,2.58,2.58,29.7,29.7,36.9,36.9,,,,169,15.6,,,,,,,,,,,,,,,42.9,8.11
,70x70x7.1 SHS,,R,UK,Steel,-,13.6,70,70,7.1,7.1,,,,,,,,0.262,19.3,112,112,2.54,2.54,32,32,40.3,40.3,,,,185,17.3,,,,,,,,,,,,,,,46.1,6.86
,70x70x8 SHS,,R,UK,Steel,-,15,70,70,8,8,,,,,,,,0.259,17.2,120,120,2.5,2.5,34.2,34.2,43.8,43.8,,,,200,19.2,,,,,,,,,,,,,,,49.2,5.75
,70x70x8.8 SHS,,R,UK,Steel,-,16.3,70,70,8.8,8.8,,,,,,,,0.257,15.8,126,126,2.46,2.46,35.9,35.9,46.6,46.6,,,,212,20.7,,,,,,,,,,,,,,,51.6,4.95
,80x80x3 SHS,,R,UK,Steel,-,7.18,80,80,3,3,,,,,,,,0.312,43.4,89.8,89.8,3.13,3.13,22.5,22.5,26.3,26.3,,,,140,9.14,,,,,,,,,,,,,,,33,23.7
,80x80x3.2 SHS,,R,UK,Steel,-,7.63,80,80,3.2,3.2,,,,,,,,0.312,40.9,95,95,3.13,3.13,23.7,23.7,27.9,27.9,,,,148,9.72,,,,,,,,,,,,,,,34.9,22
,80x80x3.6 SHS,,R,UK,Steel,-,8.53,80,80,3.6,3.6,,,,,,,,0.311,36.4,105,105,3.11,3.11,26.2,26.2,31,31,,,,164,10.9,,,,,,,,,,,,,,,38.5,19.2
,80x80x4 SHS,,R,UK,Steel,-,9.41,80,80,4,4,,,,,,,,0.31,32.9,114,114,3.09,3.09,28.6,28.6,34,34,,,,180,12,,,,,,,,,,,,,,,41.9,17
,80x80x5 SHS,,R,UK,Steel,-,11.6,80,80,5,5,,,,,,,,0.307,26.6,137,137,3.05,3.05,34.2,34.2,41.1,41.1,,,,217,14.7,,,,,,,,,,,,,,,49.8,13
,80x80x6.3 SHS,,R,UK,Steel,-,14.2,80,80,6.3,6.3,,,,,,,,0.304,21.3,162,162,2.99,2.99,40.5,40.5,49.7,49.7,,,,262,18.1,,,,,,,,,,,,,,,58.7,9.7
,80x80x7.1 SHS,,R,UK,Steel,-,15.8,80,80,7.1,7.1,,,,,,,,0.302,19.1,176,176,2.95,2.95,43.9,43.9,54.5,54.5,,,,286,20.2,,,,,,,,,,,,,,,63.5,8.27
,80x80x8 SHS,,R,UK,Steel,-,17.5,80,80,8,8,,,,,,,,0.299,17,189,189,2.91,2.91,47.3,47.3,59.5,59.5,,,,312,22.4,,,,,,,,,,,,,,,68.3,7
,80x80x8.8 SHS,,R,UK,Steel,-,19,80,80,8.8,8.8,,,,,,,,0.297,15.6,200,200,2.87,2.87,50,50,63.7,63.7,,,,332,24.2,,,,,,,,,,,,,,,72,6.09
,80x80x10 SHS,,R,UK,Steel,-,21.1,80,80,10,10,,,,,,,,0.294,13.9,214,214,2.82,2.82,53.5,53.5,69.3,69.3,,,,360,26.9,,,,,,,,,,,,,,,76.8,5
,80x80x12.5 SHS,,R,UK,Steel,-,25.2,80,80,12.5,12.5,,,,,,,,0.288,11.4,234,234,2.7,2.7,58.6,58.6,78.9,78.9,,,,404,32.1,,,,,,,,,,,,,,,83.8,3.4
,90x90x3.6 SHS,,R,UK,Steel,-,9.66,90,90,3.6,3.6,,,,,,,,0.351,36.5,152,152,3.52,3.52,33.8,33.8,39.7,39.7,,,,237,12.3,,,,,,,,,,,,,,,49.7,22
,90x90x4 SHS,,R,UK,Steel,-,10.7,90,90,4,4,,,,,,,,0.35,32.8,166,166,3.5,3.5,37,37,43.6,43.6,,,,260,13.6,,,,,,,,,,,,,,,54.2,19.5
,90x90x5 SHS,,R,UK,Steel,-,13.1,90,90,5,5,,,,,,,,0.347,26.4,200,200,3.45,3.45,44.4,44.4,53,53,,,,316,16.7,,,,,,,,,,,,,,,64.8,15
,90x90x6.3 SHS,,R,UK,Steel,-,16.2,90,90,6.3,6.3,,,,,,,,0.344,21.2,238,238,3.4,3.4,53,53,64.3,64.3,,,,382,20.7,,,,,,,,,,,,,,,77,11.3
,90x90x7.1 SHS,,R,UK,Steel,-,18.1,90,90,7.1,7.1,,,,,,,,0.342,18.9,260,260,3.36,3.36,57.7,57.7,70.8,70.8,,,,419,23,,,,,,,,,,,,,,,83.7,9.68
,90x90x8 SHS,,R,UK,Steel,-,20.1,90,90,8,8,,,,,,,,0.339,16.9,281,281,3.32,3.32,62.6,62.6,77.6,77.6,,,,459,25.6,,,,,,,,,,,,,,,90.5,8.25
,90x90x8.8 SHS,,R,UK,Steel,-,21.8,90,90,8.8,8.8,,,,,,,,0.337,15.5,299,299,3.28,3.28,66.5,66.5,83.4,83.4,,,,492,27.8,,,,,,,,,,,,,,,96,7.23
,90x90x10 SHS,,R,UK,Steel,-,24.3,90,90,10,10,,,,,,,,0.334,13.8,322,322,3.23,3.23,71.6,71.6,91.3,91.3,,,,536,30.9,,,,,,,,,,,,,,,103,6
,90x90x12.5 SHS,,R,UK,Steel,-,29.1,90,90,12.5,12.5,,,,,,,,0.328,11.3,359,359,3.11,3.11,79.8,79.8,105,105,,,,612,37.1,,,,,,,,,,,,,,,114,4.2
,100x100x3.6 SHS,,R,UK,Steel,-,10.8,100,100,3.6,3.6,,,,,,,,0.391,36.2,212,212,3.92,3.92,42.3,42.3,49.5,49.5,,,,328,13.7,,,,,,,,,,,,,,,62.3,24.8
,100x100x4 SHS,,R,UK,Steel,-,11.9,100,100,4,4,,,,,,,,0.39,32.7,232,232,3.91,3.91,46.4,46.4,54.4,54.4,,,,361,15.2,,,,,,,,,,,,,,,68.2,22
,100x100x5 SHS,,R,UK,Steel,-,14.7,100,100,5,5,,,,,,,,0.387,26.3,279,279,3.86,3.86,55.9,55.9,66.4,66.4,,,,439,18.7,,,,,,,,,,,,,,,81.8,17
,100x100x6.3 SHS,,R,UK,Steel,-,18.2,100,100,6.3,6.3,,,,,,,,0.384,21.1,336,336,3.8,3.8,67.1,67.1,80.9,80.9,,,,534,23.2,,,,,,,,,,,,,,,97.8,12.9
,100x100x7.1 SHS,,R,UK,Steel,-,20.3,100,100,7.1,7.1,,,,,,,,0.382,18.8,367,367,3.77,3.77,73.4,73.4,89.2,89.2,,,,589,25.8,,,,,,,,,,,,,,,107,11.1
,100x100x8 SHS,,R,UK,Steel,-,22.6,100,100,8,8,,,,,,,,0.379,16.8,400,400,3.73,3.73,79.9,79.9,98.2,98.2,,,,646,28.8,,,,,,,,,,,,,,,116,9.5
,100x100x8.8 SHS,,R,UK,Steel,-,24.5,100,100,8.8,8.8,,,,,,,,0.377,15.3,426,426,3.69,3.69,85.2,85.2,106,106,,,,694,31.3,,,,,,,,,,,,,,,123,8.36
,100x100x10 SHS,,R,UK,Steel,-,27.4,100,100,10,10,,,,,,,,0.374,13.7,462,462,3.64,3.64,92.4,92.4,116,116,,,,761,34.9,,,,,,,,,,,,,,,133,7
,100x100x12.5 SHS,,R,UK,Steel,-,33,100,100,12.5,12.5,,,,,,,,0.368,11.2,522,522,3.52,3.52,104,104,135,135,,,,879,42.1,,,,,,,,,,,,,,,150,5
,120x120x4 SHS,,R,UK,Steel,-,14.4,120,120,4,4,,,,,,,,0.47,32.6,410,410,4.72,4.72,68.4,68.4,79.7,79.7,,,,635,18.4,,,,,,,,,,,,,,,101,27
,120x120x5 SHS,,R,UK,Steel,-,17.8,120,120,5,5,,,,,,,,0.467,26.2,498,498,4.68,4.68,83,83,97.6,97.6,,,,777,22.7,,,,,,,,,,,,,,,122,21
,120x120x6.3 SHS,,R,UK,Steel,-,22.2,120,120,6.3,6.3,,,,,,,,0.464,20.9,603,603,4.62,4.62,100,100,120,120,,,,950,28.2,,,,,,,,,,,,,,,147,16
,120x120x7.1 SHS,,R,UK,Steel,-,24.7,120,120,7.1,7.1,,,,,,,,0.462,18.7,663,663,4.59,4.59,110,110,133,133,,,,1050,31.5,,,,,,,,,,,,,,,161,13.9
,120x120x8 SHS,,R,UK,Steel,-,27.6,120,120,8,8,,,,,,,,0.459,16.6,726,726,4.55,4.55,121,121,146,146,,,,1160,35.2,,,,,,,,,,,,,,,176,12
,120x120x8.8 SHS,,R,UK,Steel,-,30.1,120,120,8.8,8.8,,,,,,,,0.457,15.2,779,779,4.51,4.51,130,130,158,158,,,,1250,38.3,,,,,,,,,,,,,,,189,10.6
,120x120x10 SHS,,R,UK,Steel,-,33.7,120,120,10,10,,,,,,,,0.454,13.5,852,852,4.46,4.46,142,142,175,175,,,,1380,42.9,,,,,,,,,,,,,,,206,9
,120x120x12.5 SHS,,R,UK,Steel,-,40.9,120,120,12.5,12.5,,,,,,,,0.448,11,982,982,4.34,4.34,164,164,207,207,,,,1620,52.1,,,,,,,,,,,,,,,236,6.6
,140x140x5 SHS,,R,UK,Steel,-,21,140,140,5,5,,,,,,,,0.547,26.1,807,807,5.5,5.5,115,115,135,135,,,,1250,26.7,,,,,,,,,,,,,,,170,25
,140x140x6.3 SHS,,R,UK,Steel,-,26.1,140,140,6.3,6.3,,,,,,,,0.544,20.8,984,984,5.44,5.44,141,141,166,166,,,,1540,33.3,,,,,,,,,,,,,,,206,19.2
,140x140x7.1 SHS,,R,UK,Steel,-,29.2,140,140,7.1,7.1,,,,,,,,0.542,18.5,1090,1090,5.4,5.4,155,155,184,184,,,,1710,37.2,,,,,,,,,,,,,,,227,16.7
,140x140x8 SHS,,R,UK,Steel,-,32.6,140,140,8,8,,,,,,,,0.539,16.5,1200,1200,5.36,5.36,171,171,204,204,,,,1890,41.6,,,,,,,,,,,,,,,249,14.5
,140x140x8.8 SHS,,R,UK,Steel,-,35.6,140,140,8.8,8.8,,,,,,,,0.537,15.1,1290,1290,5.33,5.33,184,184,221,221,,,,2050,45.4,,,,,,,,,,,,,,,268,12.9
,140x140x10 SHS,,R,UK,Steel,-,40,140,140,10,10,,,,,,,,0.534,13.4,1420,1420,5.27,5.27,202,202,246,246,,,,2270,50.9,,,,,,,,,,,,,,,294,11
,140x140x12.5 SHS,,R,UK,Steel,-,48.7,140,140,12.5,12.5,,,,,,,,0.528,10.8,1650,1650,5.16,5.16,236,236,293,293,,,,2700,62.1,,,,,,,,,,,,,,,342,8.2
,150x150x5 SHS,,R,UK,Steel,-,22.6,150,150,5,5,,,,,,,,0.587,26,1000,1000,5.9,5.9,134,134,156,156,,,,1550,28.7,,,,,,,,,,,,,,,197,27
,150x150x6.3 SHS,,R,UK,Steel,-,28.1,150,150,6.3,6.3,,,,,,,,0.584,20.8,1220,1220,5.85,5.85,163,163,192,192,,,,1910,35.8,,,,,,,,,,,,,,,240,20.8
,150x150x7.1 SHS,,R,UK,Steel,-,31.4,150,150,7.1,7.1,,,,,,,,0.582,18.5,1350,1350,5.81,5.81,180,180,213,213,,,,2120,40,,,,,,,,,,,,,,,264,18.1
,150x150x8 SHS,,R,UK,Steel,-,35.1,150,150,8,8,,,,,,,,0.579,16.5,1490,1490,5.77,5.77,199,199,237,237,,,,2350,44.8,,,,,,,,,,,,,,,291,15.8
,150x150x8.8 SHS,,R,UK,Steel,-,38.4,150,150,8.8,8.8,,,,,,,,0.577,15.1,1610,1610,5.74,5.74,214,214,257,257,,,,2550,48.9,,,,,,,,,,,,,,,313,14
,150x150x10 SHS,,R,UK,Steel,-,43.1,150,150,10,10,,,,,,,,0.574,13.3,1770,1770,5.68,5.68,236,236,286,286,,,,2830,54.9,,,,,,,,,,,,,,,344,12
,150x150x12.5 SHS,,R,UK,Steel,-,52.7,150,150,12.5,12.5,,,,,,,,0.568,10.8,2080,2080,5.57,5.57,277,277,342,342,,,,3380,67.1,,,,,,,,,,,,,,,402,9
,150x150x14.2 SHS,,R,UK,Steel,-,58.9,150,150,14.2,14.2,,,,,,,,0.563,9.57,2260,2260,5.49,5.49,302,302,377,377,,,,3710,75,,,,,,,,,,,,,,,436,7.56
,150x150x16 SHS,,R,UK,Steel,-,65.2,150,150,16,16,,,,,,,,0.559,8.55,2430,2430,5.41,5.41,324,324,411,411,,,,4030,83,,,,,,,,,,,,,,,467,6.38
,160x160x5 SHS,,R,UK,Steel,-,24.1,160,160,5,5,,,,,,,,0.627,26,1230,1230,6.31,6.31,153,153,178,178,,,,1890,30.7,,,,,,,,,,,,,,,226,29
,160x160x6.3 SHS,,R,UK,Steel,-,30.1,160,160,6.3,6.3,,,,,,,,0.624,20.8,1500,1500,6.26,6.26,187,187,220,220,,,,2330,38.3,,,,,,,,,,,,,,,275,22.4
,160x160x7.1 SHS,,R,UK,Steel,-,33.7,160,160,7.1,7.1,,,,,,,,0.622,18.5,1660,1660,6.22,6.22,207,207,245,245,,,,2600,42.9,,,,,,,,,,,,,,,304,19.5
,160x160x8 SHS,,R,UK,Steel,-,37.6,160,160,8,8,,,,,,,,0.619,16.5,1830,1830,6.18,6.18,229,229,272,272,,,,2880,48,,,,,,,,,,,,,,,335,17
,160x160x8.8 SHS,,R,UK,Steel,-,41.1,160,160,8.8,8.8,,,,,,,,0.617,15,1980,1980,6.14,6.14,247,247,295,295,,,,3130,52.4,,,,,,,,,,,,,,,361,15.2
,160x160x10 SHS,,R,UK,Steel,-,46.3,160,160,10,10,,,,,,,,0.614,13.3,2190,2190,6.09,6.09,273,273,329,329,,,,3480,58.9,,,,,,,,,,,,,,,398,13
,160x160x12.5 SHS,,R,UK,Steel,-,56.6,160,160,12.5,12.5,,,,,,,,0.608,10.8,2580,2580,5.98,5.98,322,322,395,395,,,,4160,72.1,,,,,,,,,,,,,,,467,9.8
,160x160x14.2 SHS,,R,UK,Steel,-,63.3,160,160,14.2,14.2,,,,,,,,0.603,9.53,2810,2810,5.9,5.9,351,351,436,436,,,,4580,80.7,,,,,,,,,,,,,,,508,8.27
,160x160x16 SHS,,R,UK,Steel,-,70.2,160,160,16,16,,,,,,,,0.599,8.51,3030,3030,5.82,5.82,379,379,476,476,,,,4990,89.4,,,,,,,,,,,,,,,546,7
,180x180x5 SHS,,R,UK,Steel,-,27.3,180,180,5,5,,,,,,,,0.707,25.9,1770,1770,7.13,7.13,196,196,227,227,,,,2720,34.7,,,,,,,,,,,,,,,290,33
,180x180x6.3 SHS,,R,UK,Steel,-,34,180,180,6.3,6.3,,,,,,,,0.704,20.7,2170,2170,7.07,7.07,241,241,281,281,,,,3360,43.3,,,,,,,,,,,,,,,355,25.6
,180x180x7.1 SHS,,R,UK,Steel,-,38.1,180,180,7.1,7.1,,,,,,,,0.702,18.4,2400,2400,7.04,7.04,267,267,314,314,,,,3740,48.6,,,,,,,,,,,,,,,393,22.4
,180x180x8 SHS,,R,UK,Steel,-,42.7,180,180,8,8,,,,,,,,0.699,16.4,2660,2660,7,7,296,296,349,349,,,,4160,54.4,,,,,,,,,,,,,,,434,19.5
,180x180x8.8 SHS,,R,UK,Steel,-,46.7,180,180,8.8,8.8,,,,,,,,0.697,14.9,2880,2880,6.96,6.96,320,320,379,379,,,,4520,59.4,,,,,,,,,,,,,,,469,17.5
,180x180x10 SHS,,R,UK,Steel,-,52.5,180,180,10,10,,,,,,,,0.694,13.2,3190,3190,6.91,6.91,355,355,424,424,,,,5050,66.9,,,,,,,,,,,,,,,518,15
,180x180x12.5 SHS,,R,UK,Steel,-,64.4,180,180,12.5,12.5,,,,,,,,0.688,10.7,3790,3790,6.8,6.8,421,421,511,511,,,,6070,82.1,,,,,,,,,,,,,,,613,11.4
,180x180x14.2 SHS,,R,UK,Steel,-,72.2,180,180,14.2,14.2,,,,,,,,0.683,9.43,4150,4150,6.72,6.72,462,462,566,566,,,,6710,92,,,,,,,,,,,,,,,670,9.68
,180x180x16 SHS,,R,UK,Steel,-,80.2,180,180,16,16,,,,,,,,0.679,8.49,4500,4500,6.64,6.64,500,500,621,621,,,,7340,102,,,,,,,,,,,,,,,724,8.25
,200x200x5 SHS,,R,UK,Steel,-,30.4,200,200,5,5,,,,,,,,0.787,25.9,2450,2450,7.95,7.95,245,245,283,283,,,,3760,38.7,,,,,,,,,,,,,,,362,37
,200x200x6.3 SHS,,R,UK,Steel,-,38,200,200,6.3,6.3,,,,,,,,0.784,20.6,3010,3010,7.89,7.89,301,301,350,350,,,,4650,48.4,,,,,,,,,,,,,,,444,28.7
,200x200x7.1 SHS,,R,UK,Steel,-,42.6,200,200,7.1,7.1,,,,,,,,0.782,18.4,3350,3350,7.85,7.85,335,335,391,391,,,,5190,54.2,,,,,,,,,,,,,,,493,25.2
,200x200x8 SHS,,R,UK,Steel,-,47.7,200,200,8,8,,,,,,,,0.779,16.4,3710,3710,7.81,7.81,371,371,436,436,,,,5780,60.8,,,,,,,,,,,,,,,545,22
,200x200x8.8 SHS,,R,UK,Steel,-,52.2,200,200,8.8,8.8,,,,,,,,0.777,14.9,4020,4020,7.78,7.78,402,402,474,474,,,,6290,66.5,,,,,,,,,,,,,,,590,19.7
,200x200x10 SHS,,R,UK,Steel,-,58.8,200,200,10,10,,,,,,,,0.774,13.2,4470,4470,7.72,7.72,447,447,531,531,,,,7030,74.9,,,,,,,,,,,,,,,655,17
,200x200x12.5 SHS,,R,UK,Steel,-,72.3,200,200,12.5,12.5,,,,,,,,0.768,10.6,5340,5340,7.61,7.61,534,534,643,643,,,,8490,92.1,,,,,,,,,,,,,,,778,13
,200x200x14.2 SHS,,R,UK,Steel,-,81.1,200,200,14.2,14.2,,,,,,,,0.763,9.38,5870,5870,7.54,7.54,587,587,714,714,,,,9420,103,,,,,,,,,,,,,,,854,11.1
,200x200x16 SHS,,R,UK,Steel,-,90.3,200,200,16,16,,,,,,,,0.759,8.42,6390,6390,7.46,7.46,639,639,785,785,,,,10300,115,,,,,,,,,,,,,,,927,9.5
,220x220x8 SHS,,R,UK,Steel,-,52.7,220,220,8,8,,,,,,,,0.859,19,5000,5000,8.63,8.63,455,455,532,532,,,,7770,67.2,,,,,,,,,,,,,,,669,24.5
,220x220x10 SHS,,R,UK,Steel,-,65.1,220,220,10,10,,,,,,,,0.854,15.4,6050,6050,8.54,8.54,550,550,650,650,,,,9470,82.9,,,,,,,,,,,,,,,807,19
,220x220x12.5 SHS,,R,UK,Steel,-,80.1,220,220,12.5,12.5,,,,,,,,0.848,10.6,7250,7250,8.43,8.43,659,659,789,789,,,,11500,102,,,,,,,,,,,,,,,963,14.6
,250x250x5 SHS,,R,UK,Steel,-,38.3,250,250,5,5,,,,,,,,0.987,25.8,4860,4860,9.99,9.99,389,389,447,447,,,,7430,48.7,,,,,,,,,,,,,,,577,47
,250x250x6.3 SHS,,R,UK,Steel,-,47.9,250,250,6.3,6.3,,,,,,,,0.984,20.6,6010,6010,9.93,9.93,481,481,556,556,,,,9240,61,,,,,,,,,,,,,,,712,36.7
,250x250x7.1 SHS,,R,UK,Steel,-,53.7,250,250,7.1,7.1,,,,,,,,0.982,18.3,6700,6700,9.9,9.9,536,536,622,622,,,,10300,68.4,,,,,,,,,,,,,,,792,32.2
,250x250x8 SHS,,R,UK,Steel,-,60.3,250,250,8,8,,,,,,,,0.979,16.3,7460,7460,9.86,9.86,596,596,694,694,,,,11500,76.8,,,,,,,,,,,,,,,880,28.3
,250x250x8.8 SHS,,R,UK,Steel,-,66,250,250,8.8,8.8,,,,,,,,0.977,14.9,8110,8110,9.82,9.82,649,649,758,758,,,,12600,84.1,,,,,,,,,,,,,,,955,25.4
,250x250x10 SHS,,R,UK,Steel,-,74.5,250,250,10,10,,,,,,,,0.974,13.1,9060,9060,9.77,9.77,724,724,851,851,,,,14100,94.9,,,,,,,,,,,,,,,1070,22
,250x250x12.5 SHS,,R,UK,Steel,-,91.9,250,250,12.5,12.5,,,,,,,,0.968,10.6,10900,10900,9.66,9.66,873,873,1040,1040,,,,17200,117,,,,,,,,,,,,,,,1280,17
,250x250x14.2 SHS,,R,UK,Steel,-,103,250,250,14.2,14.2,,,,,,,,0.963,9.31,12100,12100,9.58,9.58,967,967,1160,1160,,,,19100,132,,,,,,,,,,,,,,,1410,14.6
,250x250x16 SHS,,R,UK,Steel,-,115,250,250,16,16,,,,,,,,0.959,8.31,13300,13300,9.5,9.5,1060,1060,1280,1280,,,,21100,147,,,,,,,,,,,,,,,1550,12.6
,260x260x6.3 SHS,,R,UK,Steel,-,49.9,260,260,6.3,6.3,,,,,,,,1.02,20.5,6790,6790,10.3,10.3,522,522,603,603,,,,10400,63.5,,,,,,,,,,,,,,,773,38.3
,260x260x7.1 SHS,,R,UK,Steel,-,56,260,260,7.1,7.1,,,,,,,,1.02,18.3,7570,7570,10.3,10.3,582,582,674,674,,,,11600,71.3,,,,,,,,,,,,,,,861,33.6
,260x260x8 SHS,,R,UK,Steel,-,62.8,260,260,8,8,,,,,,,,1.02,16.2,8420,8420,10.3,10.3,648,648,753,753,,,,13000,80,,,,,,,,,,,,,,,956,29.5
,260x260x8.8 SHS,,R,UK,Steel,-,68.8,260,260,8.8,8.8,,,,,,,,1.02,14.8,9160,9160,10.2,10.2,705,705,822,822,,,,14200,87.6,,,,,,,,,,,,,,,1040,26.5
,260x260x10 SHS,,R,UK,Steel,-,77.7,260,260,10,10,,,,,,,,1.01,13,10200,10200,10.2,10.2,788,788,924,924,,,,15900,98.9,,,,,,,,,,,,,,,1160,23
,260x260x12.5 SHS,,R,UK,Steel,-,95.8,260,260,12.5,12.5,,,,,,,,1.01,10.5,12400,12400,10.1,10.1,951,951,1130,1130,,,,19400,122,,,,,,,,,,,,,,,1390,17.8
,260x260x14.2 SHS,,R,UK,Steel,-,108,260,260,14.2,14.2,,,,,,,,1,9.27,13700,13700,9.99,9.99,1060,1060,1260,1260,,,,21700,137,,,,,,,,,,,,,,,1540,15.3
,260x260x16 SHS,,R,UK,Steel,-,120,260,260,16,16,,,,,,,,0.999,8.29,15100,15100,9.91,9.91,1160,1160,1390,1390,,,,23900,153,,,,,,,,,,,,,,,1690,13.3
,300x300x6.3 SHS,,R,UK,Steel,-,57.8,300,300,6.3,6.3,,,,,,,,1.18,20.4,10500,10500,12,12,703,703,809,809,,,,16100,73.6,,,,,,,,,,,,,,,1040,44.6
,300x300x7.1 SHS,,R,UK,Steel,-,64.9,300,300,7.1,7.1,,,,,,,,1.18,18.2,11800,11800,11.9,11.9,785,785,906,906,,,,18100,82.6,,,,,,,,,,,,,,,1160,39.3
,300x300x8 SHS,,R,UK,Steel,-,72.8,300,300,8,8,,,,,,,,1.18,16.2,13100,13100,11.9,11.9,875,875,1010,1010,,,,20200,92.8,,,,,,,,,,,,,,,1290,34.5
,300x300x8.8 SHS,,R,UK,Steel,-,79.8,300,300,8.8,8.8,,,,,,,,1.18,14.8,14300,14300,11.9,11.9,954,954,1110,1110,,,,22100,102,,,,,,,,,,,,,,,1410,31.1
,300x300x10 SHS,,R,UK,Steel,-,90.2,300,300,10,10,,,,,,,,1.17,13,16000,16000,11.8,11.8,1070,1070,1250,1250,,,,24800,115,,,,,,,,,,,,,,,1580,27
,300x300x12.5 SHS,,R,UK,Steel,-,112,300,300,12.5,12.5,,,,,,,,1.17,10.5,19400,19400,11.7,11.7,1300,1300,1530,1530,,,,30300,142,,,,,,,,,,,,,,,1900,21
,300x300x14.2 SHS,,R,UK,Steel,-,126,300,300,14.2,14.2,,,,,,,,1.16,9.22,21600,21600,11.6,11.6,1440,1440,1710,1710,,,,33900,160,,,,,,,,,,,,,,,2110,18.1
,300x300x16 SHS,,R,UK,Steel,-,141,300,300,16,16,,,,,,,,1.16,8.26,23900,23900,11.5,11.5,1590,1590,1900,1900,,,,37600,179,,,,,,,,,,,,,,,2330,15.8
,350x350x8 SHS,,R,UK,Steel,-,85.4,350,350,8,8,,,,,,,,1.38,16.1,21100,21100,13.9,13.9,1210,1210,1390,1390,,,,32400,109,,,,,,,,,,,,,,,1790,40.8
,350x350x8.8 SHS,,R,UK,Steel,-,93.6,350,350,8.8,8.8,,,,,,,,1.38,14.8,23100,23100,13.9,13.9,1320,1320,1520,1520,,,,35400,119,,,,,,,,,,,,,,,1950,36.8
,350x350x10 SHS,,R,UK,Steel,-,106,350,350,10,10,,,,,,,,1.37,12.9,25900,25900,13.9,13.9,1480,1480,1720,1720,,,,39900,135,,,,,,,,,,,,,,,2190,32
,350x350x12.5 SHS,,R,UK,Steel,-,131,350,350,12.5,12.5,,,,,,,,1.37,10.4,31500,31500,13.7,13.7,1800,1800,2110,2110,,,,48900,167,,,,,,,,,,,,,,,2650,25
,350x350x14.2 SHS,,R,UK,Steel,-,148,350,350,14.2,14.2,,,,,,,,1.36,9.19,35200,35200,13.7,13.7,2010,2010,2360,2360,,,,54900,189,,,,,,,,,,,,,,,2960,21.6
,350x350x16 SHS,,R,UK,Steel,-,166,350,350,16,16,,,,,,,,1.36,8.21,38900,38900,13.6,13.6,2230,2230,2630,2630,,,,61000,211,,,,,,,,,,,,,,,3260,18.9
,400x400x8 SHS,,R,UK,Steel,-,97.9,400,400,8,8,,,,,,,,1.58,16.1,31900,31900,16,16,1590,1590,1830,1830,,,,48700,125,,,,,,,,,,,,,,,2360,47
,400x400x8.8 SHS,,R,UK,Steel,-,107,400,400,8.8,8.8,,,,,,,,1.58,14.7,34800,34800,15.9,15.9,1740,1740,2000,2000,,,,53300,137,,,,,,,,,,,,,,,2580,42.5
,400x400x10 SHS,,R,UK,Steel,-,122,400,400,10,10,,,,,,,,1.57,12.9,39100,39100,15.9,15.9,1960,1960,2260,2260,,,,60100,155,,,,,,,,,,,,,,,2900,37
,400x400x12.5 SHS,,R,UK,Steel,-,151,400,400,12.5,12.5,,,,,,,,1.57,10.4,47800,47800,15.8,15.8,2390,2390,2780,2780,,,,73900,192,,,,,,,,,,,,,,,3530,29
,400x400x14.2 SHS,,R,UK,Steel,-,170,400,400,14.2,14.2,,,,,,,,1.56,9.16,53500,53500,15.7,15.7,2680,2680,3130,3130,,,,83000,217,,,,,,,,,,,,,,,3940,25.2
,400x400x16 SHS,,R,UK,Steel,-,191,400,400,16,16,,,,,,,,1.56,8.17,59300,59300,15.6,15.6,2970,2970,3480,3480,,,,92400,243,,,,,,,,,,,,,,,4360,22
,400x400x20 SHS,,R,UK,Steel,-,235,400,400,20,20,,,,,,,,1.55,6.59,71500,71500,15.4,15.4,3580,3580,4250,4250,,,,112000,300,,,,,,,,,,,,,,,5240,17
,50x30x3 RHS,,R,UK,Steel,-,3.41,50,30,3,3,,,13.7,7,,,,0.152,44.5,13.6,5.94,1.77,1.17,5.43,3.96,6.88,4.76,,,,13.5,4.34,,,,,,,,,,,,,,,6.51,
,50x30x3.2 RHS,,R,UK,Steel,-,3.61,50,30,3.2,3.2,,,12.6,6.37,,,,0.152,42.1,14.2,6.2,1.76,1.16,5.68,4.13,7.25,5,,,,14.2,4.6,,,,,,,,,,,,,,,6.8,
,50x30x3.6 RHS,,R,UK,Steel,-,4.01,50,30,3.6,3.6,,,10.9,5.33,,,,0.151,37.8,15.4,6.67,1.74,1.14,6.16,4.45,7.94,5.46,,,,15.4,5.1,,,,,,,,,,,,,,,7.31,
,50x30x4 RHS,,R,UK,Steel,-,4.39,50,30,4,4,,,9.5,4.5,,,,0.15,34.2,16.5,7.08,1.72,1.13,6.6,4.72,8.59,5.88,,,,16.6,5.59,,,,,,,,,,,,,,,7.77,
,50x30x5 RHS,,R,UK,Steel,-,5.28,50,30,5,5,,,7,3,,,,0.147,27.8,18.7,7.89,1.67,1.08,7.49,5.26,10,6.8,,,,19,6.73,,,,,,,,,,,,,,,8.67,
,60x40x3 RHS,,R,UK,Steel,-,4.35,60,40,3,3,,,17,10.3,,,,0.192,44.2,26.5,13.9,2.18,1.58,8.82,6.95,10.9,8.19,,,,29.2,5.54,,,,,,,,,,,,,,,11.2,
,60x40x3.2 RHS,,R,UK,Steel,-,4.62,60,40,3.2,3.2,,,15.7,9.5,,,,0.192,41.7,27.8,14.6,2.18,1.57,9.27,7.29,11.5,8.64,,,,30.8,5.88,,,,,,,,,,,,,,,11.7,
,60x40x3.6 RHS,,R,UK,Steel,-,5.14,60,40,3.6,3.6,,,13.7,8.11,,,,0.191,37.2,30.4,15.9,2.16,1.56,10.1,7.93,12.7,9.5,,,,33.8,6.54,,,,,,,,,,,,,,,12.8,
,60x40x4 RHS,,R,UK,Steel,-,5.64,60,40,4,4,,,12,7,,,,0.19,33.6,32.8,17,2.14,1.54,10.9,8.52,13.8,10.3,,,,36.7,7.19,,,,,,,,,,,,,,,13.7,
,60x40x5 RHS,,R,UK,Steel,-,6.85,60,40,5,5,,,9,5,,,,0.187,27.3,38.1,19.5,2.09,1.5,12.7,9.77,16.4,12.2,,,,43,8.73,,,,,,,,,,,,,,,15.7,
,60x40x6.3 RHS,,R,UK,Steel,-,8.31,60,40,6.3,6.3,,,6.52,3.35,,,,0.184,22.1,43.4,21.9,2.02,1.44,14.5,11,19.2,14.2,,,,49.5,10.6,,,,,,,,,,,,,,,17.6,
,80x40x3 RHS,,R,UK,Steel,-,5.29,80,40,3,3,,,23.7,10.3,,,,0.232,43.8,54.2,18,2.84,1.63,13.6,9,17.1,10.4,,,,43.8,6.74,,,,,,,,,,,,,,,15.3,
,80x40x3.2 RHS,,R,UK,Steel,-,5.62,80,40,3.2,3.2,,,22,9.5,,,,0.232,41.3,57.2,18.9,2.83,1.63,14.3,9.46,18,11,,,,46.2,7.16,,,,,,,,,,,,,,,16.1,
,80x40x3.6 RHS,,R,UK,Steel,-,6.27,80,40,3.6,3.6,,,19.2,8.11,,,,0.231,37,62.8,20.6,2.81,1.61,15.7,10.3,20,12.1,,,,50.8,7.98,,,,,,,,,,,,,,,17.5,
,80x40x4 RHS,,R,UK,Steel,-,6.9,80,40,4,4,,,17,7,,,,0.23,33.4,68.2,22.2,2.79,1.59,17.1,11.1,21.8,13.2,,,,55.2,8.79,,,,,,,,,,,,,,,18.9,
,80x40x5 RHS,,R,UK,Steel,-,8.42,80,40,5,5,,,13,5,,,,0.227,27,80.3,25.7,2.74,1.55,20.1,12.9,26.1,15.7,,,,65.1,10.7,,,,,,,,,,,,,,,21.9,
,80x40x6.3 RHS,,R,UK,Steel,-,10.3,80,40,6.3,6.3,,,9.7,3.35,,,,0.224,21.8,93.3,29.2,2.67,1.49,23.3,14.6,31.1,18.4,,,,75.6,13.1,,,,,,,,,,,,,,,24.8,
,80x40x7.1 RHS,,R,UK,Steel,-,11.4,80,40,7.1,7.1,,,8.27,2.63,,,,0.222,19.5,99.8,30.7,2.63,1.46,25,15.4,33.8,19.8,,,,80.9,14.5,,,,,,,,,,,,,,,26.2,
,80x40x8 RHS,,R,UK,Steel,-,12.5,80,40,8,8,,,7,2,,,,0.219,17.5,106,32.1,2.58,1.42,26.5,16.1,36.5,21.2,,,,85.8,16,,,,,,,,,,,,,,,27.4,
,90x50x3 RHS,,R,UK,Steel,-,6.24,90,50,3,3,,,27,13.7,,,,0.272,43.5,84.4,33.5,3.26,2.05,18.8,13.4,23.2,15.3,,,,76.5,7.94,,,,,,,,,,,,,,,22.4,
,90x50x3.2 RHS,,R,UK,Steel,-,6.63,90,50,3.2,3.2,,,25.1,12.6,,,,0.272,41.1,89.1,35.3,3.25,2.04,19.8,14.1,24.6,16.2,,,,80.9,8.44,,,,,,,,,,,,,,,23.6,
,90x50x3.6 RHS,,R,UK,Steel,-,7.4,90,50,3.6,3.6,,,22,10.9,,,,0.271,36.6,98.3,38.7,3.23,2.03,21.8,15.5,27.2,18,,,,89.4,9.42,,,,,,,,,,,,,,,25.9,
,90x50x4 RHS,,R,UK,Steel,-,8.15,90,50,4,4,,,19.5,9.5,,,,0.27,33.2,107,41.9,3.21,2.01,23.8,16.8,29.8,19.6,,,,97.5,10.4,,,,,,,,,,,,,,,28,
,90x50x5 RHS,,R,UK,Steel,-,9.99,90,50,5,5,,,15,7,,,,0.267,26.7,127,49.2,3.16,1.97,28.3,19.7,36,23.5,,,,116,12.7,,,,,,,,,,,,,,,32.9,
,90x50x6.3 RHS,,R,UK,Steel,-,12.3,90,50,6.3,6.3,,,11.3,4.94,,,,0.264,21.5,150,57,3.1,1.91,33.3,22.8,43.2,28,,,,138,15.6,,,,,,,,,,,,,,,38.1,
,90x50x7.1 RHS,,R,UK,Steel,-,13.6,90,50,7.1,7.1,,,9.68,4.04,,,,0.262,19.3,162,60.9,3.06,1.88,36,24.4,47.2,30.5,,,,149,17.3,,,,,,,,,,,,,,,40.7,
,90x50x8 RHS,,R,UK,Steel,-,15,90,50,8,8,,,8.25,3.25,,,,0.259,17.2,174,64.6,3.01,1.84,38.6,25.8,51.4,32.9,,,,160,19.2,,,,,,,,,,,,,,,43.2,
,100x50x3 RHS,,R,UK,Steel,-,6.71,100,50,3,3,,,30.3,13.7,,,,0.292,43.5,110,36.8,3.58,2.08,21.9,14.7,27.3,16.8,,,,88.4,8.54,,,,,,,,,,,,,,,25,
,100x50x3.2 RHS,,R,UK,Steel,-,7.13,100,50,3.2,3.2,,,28.3,12.6,,,,0.292,40.9,116,38.8,3.57,2.07,23.2,15.5,28.9,17.7,,,,93.4,9.08,,,,,,,,,,,,,,,26.4,
,100x50x3.6 RHS,,R,UK,Steel,-,7.96,100,50,3.6,3.6,,,24.8,10.9,,,,0.291,36.7,128,42.6,3.55,2.05,25.6,17,32.1,19.6,,,,103,10.1,,,,,,,,,,,,,,,29,
,100x50x4 RHS,,R,UK,Steel,-,8.78,100,50,4,4,,,22,9.5,,,,0.29,33.1,140,46.2,3.53,2.03,27.9,18.5,35.2,21.5,,,,113,11.2,,,,,,,,,,,,,,,31.4,
,100x50x5 RHS,,R,UK,Steel,-,10.8,100,50,5,5,,,17,7,,,,0.287,26.6,167,54.3,3.48,1.99,33.3,21.7,42.6,25.8,,,,135,13.7,,,,,,,,,,,,,,,36.9,
,100x50x6.3 RHS,,R,UK,Steel,-,13.3,100,50,6.3,6.3,,,12.9,4.94,,,,0.284,21.4,197,63,3.42,1.93,39.4,25.2,51.3,30.8,,,,160,16.9,,,,,,,,,,,,,,,42.9,
,100x50x7.1 RHS,,R,UK,Steel,-,14.7,100,50,7.1,7.1,,,11.1,4.04,,,,0.282,19.2,214,67.5,3.38,1.9,42.7,27,56.3,33.5,,,,173,18.7,,,,,,,,,,,,,,,46,
,100x50x8 RHS,,R,UK,Steel,-,16.3,100,50,8,8,,,9.5,3.25,,,,0.279,17.1,230,71.7,3.33,1.86,46,28.7,61.4,36.3,,,,186,20.8,,,,,,,,,,,,,,,48.9,
,100x50x8.8 RHS,,R,UK,Steel,-,17.6,100,50,8.8,8.8,,,8.36,2.68,,,,0.277,15.7,243,74.8,3.29,1.82,48.5,29.9,65.6,38.5,,,,197,22.5,,,,,,,,,,,,,,,51.1,
,100x50x10 RHS,,R,UK,Steel,-,19.6,100,50,10,10,,,7,2,,,,0.274,14,259,78.4,3.22,1.77,51.8,31.4,71.2,41.4,,,,209,24.9,,,,,,,,,,,,,,,53.6,
,100x60x3 RHS,,R,UK,Steel,-,7.18,100,60,3,3,,,30.3,17,,,,0.312,43.4,124,55.7,3.68,2.47,24.7,18.6,30.2,21.2,,,,121,9.14,,,,,,,,,,,,,,,30.7,
,100x60x3.2 RHS,,R,UK,Steel,-,7.63,100,60,3.2,3.2,,,28.3,15.7,,,,0.312,40.9,131,58.8,3.67,2.46,26.2,19.6,32,22.4,,,,129,9.72,,,,,,,,,,,,,,,32.4,
,100x60x3.6 RHS,,R,UK,Steel,-,8.53,100,60,3.6,3.6,,,24.8,13.7,,,,0.311,36.4,145,64.8,3.65,2.44,28.9,21.6,35.6,24.9,,,,142,10.9,,,,,,,,,,,,,,,35.6,
,100x60x4 RHS,,R,UK,Steel,-,9.41,100,60,4,4,,,22,12,,,,0.31,32.9,158,70.5,3.63,2.43,31.6,23.5,39.1,27.3,,,,156,12,,,,,,,,,,,,,,,38.7,
,100x60x5 RHS,,R,UK,Steel,-,11.6,100,60,5,5,,,17,9,,,,0.307,26.6,189,83.6,3.58,2.38,37.8,27.9,47.4,32.9,,,,188,14.7,,,,,,,,,,,,,,,45.9,
,100x60x6.3 RHS,,R,UK,Steel,-,14.2,100,60,6.3,6.3,,,12.9,6.52,,,,0.304,21.3,225,98.1,3.52,2.33,45,32.7,57.3,39.5,,,,224,18.1,,,,,,,,,,,,,,,53.8,
,100x60x7.1 RHS,,R,UK,Steel,-,15.8,100,60,7.1,7.1,,,11.1,5.45,,,,0.302,19.1,244,106,3.48,2.29,48.8,35.3,62.9,43.2,,,,245,20.2,,,,,,,,,,,,,,,58,
,100x60x8 RHS,,R,UK,Steel,-,17.5,100,60,8,8,,,9.5,4.5,,,,0.299,17,264,113,3.44,2.25,52.8,37.8,68.7,47.1,,,,265,22.4,,,,,,,,,,,,,,,62.2,
,100x60x8.8 RHS,,R,UK,Steel,-,19,100,60,8.8,8.8,,,8.36,3.82,,,,0.297,15.6,279,119,3.4,2.22,55.9,39.7,73.6,50.2,,,,282,24.2,,,,,,,,,,,,,,,65.4,
,100x60x10 RHS,,R,UK,Steel,-,21.1,100,60,10,10,,,7,3,,,,0.294,13.9,299,126,3.33,2.16,59.9,42.1,80.2,54.4,,,,304,26.9,,,,,,,,,,,,,,,69.3,
,120x60x3 RHS,,R,UK,Steel,-,8.12,120,60,3,3,,,37,17,,,,0.352,43.3,194,65.5,4.33,2.52,32.3,21.8,40,24.6,,,,156,10.3,,,,,,,,,,,,,,,37.2,
,120x60x3.2 RHS,,R,UK,Steel,-,8.64,120,60,3.2,3.2,,,34.5,15.7,,,,0.352,40.8,205,69.2,4.32,2.51,34.2,23.1,42.4,26.1,,,,165,11,,,,,,,,,,,,,,,39.2,
,120x60x3.6 RHS,,R,UK,Steel,-,9.66,120,60,3.6,3.6,,,30.3,13.7,,,,0.351,36.5,227,76.3,4.3,2.49,37.9,25.4,47.2,28.9,,,,183,12.3,,,,,,,,,,,,,,,43.3,
,120x60x4 RHS,,R,UK,Steel,-,10.7,120,60,4,4,,,27,12,,,,0.35,32.8,249,83.1,4.28,2.47,41.5,27.7,51.9,31.7,,,,201,13.6,,,,,,,,,,,,,,,47.1,
,120x60x5 RHS,,R,UK,Steel,-,13.1,120,60,5,5,,,21,9,,,,0.347,26.4,299,98.8,4.23,2.43,49.9,32.9,63.1,38.4,,,,242,16.7,,,,,,,,,,,,,,,56,
,120x60x6.3 RHS,,R,UK,Steel,-,16.2,120,60,6.3,6.3,,,16,6.52,,,,0.344,21.2,358,116,4.16,2.37,59.7,38.8,76.7,46.3,,,,290,20.7,,,,,,,,,,,,,,,65.9,
,120x60x7.1 RHS,,R,UK,Steel,-,18.1,120,60,7.1,7.1,,,13.9,5.45,,,,0.342,18.9,391,126,4.12,2.34,65.2,41.9,84.4,50.8,,,,317,23,,,,,,,,,,,,,,,71.3,
,120x60x8 RHS,,R,UK,Steel,-,20.1,120,60,8,8,,,12,4.5,,,,0.339,16.9,425,135,4.08,2.3,70.8,45,92.7,55.4,,,,344,25.6,,,,,,,,,,,,,,,76.6,
,120x60x8.8 RHS,,R,UK,Steel,-,21.8,120,60,8.8,8.8,,,10.6,3.82,,,,0.337,15.5,452,142,4.04,2.27,75.3,47.5,99.6,59.2,,,,366,27.8,,,,,,,,,,,,,,,80.8,
,120x60x10 RHS,,R,UK,Steel,-,24.3,120,60,10,10,,,9,3,,,,0.334,13.8,488,152,3.97,2.21,81.4,50.5,109,64.4,,,,396,30.9,,,,,,,,,,,,,,,86.1,
,120x60x12.5 RHS,,R,UK,Steel,-,29.1,120,60,12.5,12.5,,,6.6,1.8,,,,0.328,11.3,546,165,3.84,2.11,91.1,54.9,126,73.1,,,,442,37.1,,,,,,,,,,,,,,,93.8,
,120x80x3.6 RHS,,R,UK,Steel,-,10.8,120,80,3.6,3.6,,,30.3,19.2,,,,0.391,36.2,276,147,4.48,3.27,46,36.7,55.6,42,,,,301,13.7,,,,,,,,,,,,,,,59.5,
,120x80x4 RHS,,R,UK,Steel,-,11.9,120,80,4,4,,,27,17,,,,0.39,32.7,303,161,4.46,3.25,50.4,40.2,61.2,46.1,,,,330,15.2,,,,,,,,,,,,,,,65,
,120x80x5 RHS,,R,UK,Steel,-,14.7,120,80,5,5,,,21,13,,,,0.387,26.3,365,193,4.42,3.21,60.9,48.2,74.6,56.1,,,,401,18.7,,,,,,,,,,,,,,,77.9,
,120x80x6.3 RHS,,R,UK,Steel,-,18.2,120,80,6.3,6.3,,,16,9.7,,,,0.384,21.1,440,230,4.36,3.15,73.3,57.6,91,68.2,,,,487,23.2,,,,,,,,,,,,,,,92.9,
,120x80x7.1 RHS,,R,UK,Steel,-,20.3,120,80,7.1,7.1,,,13.9,8.27,,,,0.382,18.8,482,251,4.32,3.12,80.3,62.8,100,75.2,,,,535,25.8,,,,,,,,,,,,,,,101,
,120x80x8 RHS,,R,UK,Steel,-,22.6,120,80,8,8,,,12,7,,,,0.379,16.8,525,273,4.27,3.08,87.5,68.1,111,82.6,,,,587,28.8,,,,,,,,,,,,,,,110,
,120x80x8.8 RHS,,R,UK,Steel,-,24.5,120,80,8.8,8.8,,,10.6,6.09,,,,0.377,15.3,561,290,4.24,3.04,93.5,72.4,119,88.7,,,,629,31.3,,,,,,,,,,,,,,,117,
,120x80x10 RHS,,R,UK,Steel,-,27.4,120,80,10,10,,,9,5,,,,0.374,13.7,609,313,4.18,2.99,102,78.1,131,97.3,,,,688,34.9,,,,,,,,,,,,,,,126,
,120x80x12.5 RHS,,R,UK,Steel,-,33,120,80,12.5,12.5,,,6.6,3.4,,,,0.368,11.2,692,349,4.05,2.88,115,87.4,153,113,,,,789,42.1,,,,,,,,,,,,,,,141,
,150x100x4 RHS,,R,UK,Steel,-,15.1,150,100,4,4,,,34.5,22,,,,0.49,32.5,607,324,5.63,4.11,81,64.8,97.4,73.6,,,,660,19.2,,,,,,,,,,,,,,,105,
,150x100x5 RHS,,R,UK,Steel,-,18.6,150,100,5,5,,,27,17,,,,0.487,26.2,739,392,5.58,4.07,98.5,78.5,119,90.1,,,,807,23.7,,,,,,,,,,,,,,,127,
,150x100x6.3 RHS,,R,UK,Steel,-,23.1,150,100,6.3,6.3,,,20.8,12.9,,,,0.484,20.9,898,474,5.52,4.01,120,94.8,147,110,,,,986,29.5,,,,,,,,,,,,,,,153,
,150x100x7.1 RHS,,R,UK,Steel,-,25.9,150,100,7.1,7.1,,,18.1,11.1,,,,0.482,18.7,990,520,5.48,3.97,132,104,163,122,,,,1090,32.9,,,,,,,,,,,,,,,168,
,150x100x8 RHS,,R,UK,Steel,-,28.9,150,100,8,8,,,15.8,9.5,,,,0.479,16.6,1090,569,5.44,3.94,145,114,180,135,,,,1200,36.8,,,,,,,,,,,,,,,183,
,150x100x8.8 RHS,,R,UK,Steel,-,31.5,150,100,8.8,8.8,,,14,8.36,,,,0.477,15.2,1170,610,5.4,3.9,156,122,195,146,,,,1300,40.1,,,,,,,,,,,,,,,196,
,150x100x10 RHS,,R,UK,Steel,-,35.3,150,100,10,10,,,12,7,,,,0.474,13.5,1280,665,5.34,3.85,171,133,216,161,,,,1430,44.9,,,,,,,,,,,,,,,214,
,150x100x12.5 RHS,,R,UK,Steel,-,42.8,150,100,12.5,12.5,,,9,5,,,,0.468,10.9,1490,763,5.22,3.74,198,153,256,190,,,,1680,54.6,,,,,,,,,,,,,,,246,
,160x80x4 RHS,,R,UK,Steel,-,14.4,160,80,4,4,,,37,17,,,,0.47,32.6,612,207,5.77,3.35,76.5,51.7,94.7,58.3,,,,493,18.4,,,,,,,,,,,,,,,88.1,
,160x80x5 RHS,,R,UK,Steel,-,17.8,160,80,5,5,,,29,13,,,,0.467,26.2,744,249,5.72,3.31,93,62.3,116,71.1,,,,600,22.7,,,,,,,,,,,,,,,106,
,160x80x6.3 RHS,,R,UK,Steel,-,22.2,160,80,6.3,6.3,,,22.4,9.7,,,,0.464,20.9,903,299,5.66,3.26,113,74.8,142,86.8,,,,730,28.2,,,,,,,,,,,,,,,127,
,160x80x7.1 RHS,,R,UK,Steel,-,24.7,160,80,7.1,7.1,,,19.5,8.27,,,,0.462,18.7,994,327,5.62,3.22,124,81.7,158,95.9,,,,804,31.5,,,,,,,,,,,,,,,139,
,160x80x8 RHS,,R,UK,Steel,-,27.6,160,80,8,8,,,17,7,,,,0.459,16.6,1090,356,5.57,3.18,136,89,175,106,,,,883,35.2,,,,,,,,,,,,,,,151,
,160x80x8.8 RHS,,R,UK,Steel,-,30.1,160,80,8.8,8.8,,,15.2,6.09,,,,0.457,15.2,1170,379,5.53,3.15,147,94.9,189,114,,,,949,38.3,,,,,,,,,,,,,,,161,
,160x80x10 RHS,,R,UK,Steel,-,33.7,160,80,10,10,,,13,5,,,,0.454,13.5,1280,411,5.47,3.1,161,103,209,125,,,,1040,42.9,,,,,,,,,,,,,,,175,
,160x80x12.5 RHS,,R,UK,Steel,-,40.9,160,80,12.5,12.5,,,9.8,3.4,,,,0.448,11,1490,465,5.34,2.99,186,116,247,146,,,,1200,52.1,,,,,,,,,,,,,,,198,
,180x60x4 RHS,,R,UK,Steel,-,14.4,180,60,4,4,,,42,12,,,,0.47,32.6,697,121,6.16,2.56,77.4,40.3,99.8,45.2,,,,341,18.4,,,,,,,,,,,,,,,72.2,
,180x60x5 RHS,,R,UK,Steel,-,17.8,180,60,5,5,,,33,9,,,,0.467,26.2,846,144,6.1,2.52,94,48.1,122,54.9,,,,411,22.7,,,,,,,,,,,,,,,86.3,
,180x60x6.3 RHS,,R,UK,Steel,-,22.2,180,60,6.3,6.3,,,25.6,6.52,,,,0.464,20.9,1030,171,6.03,2.46,114,57,150,66.6,,,,495,28.2,,,,,,,,,,,,,,,102,
,180x60x7.1 RHS,,R,UK,Steel,-,24.7,180,60,7.1,7.1,,,22.4,5.45,,,,0.462,18.7,1130,186,5.99,2.43,126,61.9,166,73.3,,,,542,31.5,,,,,,,,,,,,,,,111,
,180x60x8 RHS,,R,UK,Steel,-,27.6,180,60,8,8,,,19.5,4.5,,,,0.459,16.6,1240,201,5.94,2.39,138,66.9,184,80.4,,,,590,35.2,,,,,,,,,,,,,,,120,
,180x60x8.8 RHS,,R,UK,Steel,-,30.1,180,60,8.8,8.8,,,17.5,3.82,,,,0.457,15.2,1330,212,5.89,2.35,148,70.8,199,86.2,,,,630,38.3,,,,,,,,,,,,,,,127,
,180x60x10 RHS,,R,UK,Steel,-,33.7,180,60,10,10,,,15,3,,,,0.454,13.5,1460,228,5.83,2.3,162,75.8,220,94.4,,,,683,42.9,,,,,,,,,,,,,,,137,
,180x60x12.5 RHS,,R,UK,Steel,-,40.9,180,60,12.5,12.5,,,11.4,1.8,,,,0.448,11,1680,251,5.68,2.2,187,83.7,260,109,,,,770,52.1,,,,,,,,,,,,,,,151,
,180x100x4 RHS,,R,UK,Steel,-,16.9,180,100,4,4,,,42,22,,,,0.55,32.5,945,379,6.61,4.19,105,75.9,128,85.2,,,,852,21.6,,,,,,,,,,,,,,,127,
,180x100x5 RHS,,R,UK,Steel,-,21,180,100,5,5,,,33,17,,,,0.547,26.1,1150,460,6.57,4.15,128,92,157,104,,,,1040,26.7,,,,,,,,,,,,,,,154,
,180x100x6.3 RHS,,R,UK,Steel,-,26.1,180,100,6.3,6.3,,,25.6,12.9,,,,0.544,20.8,1410,557,6.5,4.09,156,111,194,128,,,,1280,33.3,,,,,,,,,,,,,,,186,
,180x100x7.1 RHS,,R,UK,Steel,-,29.2,180,100,7.1,7.1,,,22.4,11.1,,,,0.542,18.5,1560,613,6.47,4.06,173,123,215,142,,,,1410,37.2,,,,,,,,,,,,,,,205,
,180x100x8 RHS,,R,UK,Steel,-,32.6,180,100,8,8,,,19.5,9.5,,,,0.539,16.5,1710,671,6.42,4.02,190,134,239,157,,,,1560,41.6,,,,,,,,,,,,,,,224,
,180x100x8.8 RHS,,R,UK,Steel,-,35.6,180,100,8.8,8.8,,,17.5,8.36,,,,0.537,15.1,1850,720,6.38,3.98,205,144,259,170,,,,1690,45.4,,,,,,,,,,,,,,,240,
,180x100x10 RHS,,R,UK,Steel,-,40,180,100,10,10,,,15,7,,,,0.534,13.4,2040,787,6.32,3.93,226,157,288,188,,,,1860,50.9,,,,,,,,,,,,,,,263,
,180x100x12.5 RHS,,R,UK,Steel,-,48.7,180,100,12.5,12.5,,,11.4,5,,,,0.528,10.8,2390,908,6.2,3.82,265,182,344,223,,,,2190,62.1,,,,,,,,,,,,,,,303,
,200x100x4 RHS,,R,UK,Steel,-,18.2,200,100,4,4,,,47,22,,,,0.59,32.4,1220,416,7.26,4.24,122,83.2,150,92.8,,,,983,23.2,,,,,,,,,,,,,,,142,
,200x100x5 RHS,,R,UK,Steel,-,22.6,200,100,5,5,,,37,17,,,,0.587,26,1500,505,7.21,4.19,149,101,185,114,,,,1200,28.7,,,,,,,,,,,,,,,172,
,200x100x6.3 RHS,,R,UK,Steel,-,28.1,200,100,6.3,6.3,,,28.7,12.9,,,,0.584,20.8,1830,613,7.15,4.14,183,123,228,140,,,,1480,35.8,,,,,,,,,,,,,,,208,
,200x100x7.1 RHS,,R,UK,Steel,-,31.4,200,100,7.1,7.1,,,25.2,11.1,,,,0.582,18.5,2020,674,7.11,4.1,202,135,254,155,,,,1630,40,,,,,,,,,,,,,,,229,
,200x100x8 RHS,,R,UK,Steel,-,35.1,200,100,8,8,,,22,9.5,,,,0.579,16.5,2230,739,7.06,4.06,223,148,282,172,,,,1800,44.8,,,,,,,,,,,,,,,251,
,200x100x8.8 RHS,,R,UK,Steel,-,38.4,200,100,8.8,8.8,,,19.7,8.36,,,,0.577,15.1,2410,793,7.02,4.03,241,159,306,186,,,,1950,48.9,,,,,,,,,,,,,,,270,
,200x100x10 RHS,,R,UK,Steel,-,43.1,200,100,10,10,,,17,7,,,,0.574,13.3,2660,869,6.96,3.98,266,174,341,206,,,,2160,54.9,,,,,,,,,,,,,,,295,
,200x100x12.5 RHS,,R,UK,Steel,-,52.7,200,100,12.5,12.5,,,13,5,,,,0.568,10.8,3140,1000,6.84,3.87,314,201,408,245,,,,2540,67.1,,,,,,,,,,,,,,,341,
,200x100x14.2 RHS,,R,UK,Steel,-,58.9,200,100,14.2,14.2,,,11.1,4.04,,,,0.563,9.57,3420,1080,6.75,3.8,342,216,450,268,,,,2770,75,,,,,,,,,,,,,,,368,
,200x100x16 RHS,,R,UK,Steel,-,65.2,200,100,16,16,,,9.5,3.25,,,,0.559,8.55,3680,1150,6.66,3.72,368,229,491,290,,,,2980,83,,,,,,,,,,,,,,,391,
,200x120x5 RHS,,R,UK,Steel,-,24.1,200,120,5,5,,,37,21,,,,0.627,26,1690,762,7.4,4.98,168,127,205,144,,,,1650,30.7,,,,,,,,,,,,,,,210,
,200x120x6.3 RHS,,R,UK,Steel,-,30.1,200,120,6.3,6.3,,,28.7,16,,,,0.624,20.8,2070,929,7.34,4.92,207,155,253,177,,,,2030,38.3,,,,,,,,,,,,,,,255,
,200x120x7.1 RHS,,R,UK,Steel,-,33.7,200,120,7.1,7.1,,,25.2,13.9,,,,0.622,18.5,2290,1030,7.3,4.89,229,171,281,197,,,,2250,42.9,,,,,,,,,,,,,,,282,
,200x120x8 RHS,,R,UK,Steel,-,37.6,200,120,8,8,,,22,12,,,,0.619,16.5,2530,1130,7.26,4.85,253,188,313,218,,,,2500,48,,,,,,,,,,,,,,,310,
,200x120x8.8 RHS,,R,UK,Steel,-,41.1,200,120,8.8,8.8,,,19.7,10.6,,,,0.617,15,2730,1220,7.22,4.82,273,203,340,237,,,,2700,52.4,,,,,,,,,,,,,,,334,
,200x120x10 RHS,,R,UK,Steel,-,46.3,200,120,10,10,,,17,9,,,,0.614,13.3,3030,1340,7.17,4.76,303,223,379,263,,,,3000,58.9,,,,,,,,,,,,,,,367,
,200x120x12.5 RHS,,R,UK,Steel,-,56.6,200,120,12.5,12.5,,,13,6.6,,,,0.608,10.8,3580,1560,7.04,4.66,358,260,455,314,,,,3570,72.1,,,,,,,,,,,,,,,428,
,200x120x14.2 RHS,,R,UK,Steel,-,63.3,200,120,14.2,14.2,,,11.1,5.45,,,,0.603,9.53,3910,1690,6.96,4.58,391,282,503,346,,,,3920,80.7,,,,,,,,,,,,,,,464,
,200x120x16 RHS,,R,UK,Steel,-,70.2,200,120,16,16,,,9.5,4.5,,,,0.599,8.51,4220,1810,6.87,4.5,422,302,550,377,,,,4250,89.4,,,,,,,,,,,,,,,497,
,200x150x5 RHS,,R,UK,Steel,-,26.5,200,150,5,5,,,37,27,,,,0.687,26,1970,1270,7.64,6.12,197,169,234,192,,,,2390,33.7,,,,,,,,,,,,,,,267,
,200x150x6.3 RHS,,R,UK,Steel,-,33,200,150,6.3,6.3,,,28.7,20.8,,,,0.684,20.7,2420,1550,7.58,6.07,242,207,289,237,,,,2950,42.1,,,,,,,,,,,,,,,326,
,200x150x7.1 RHS,,R,UK,Steel,-,37,200,150,7.1,7.1,,,25.2,18.1,,,,0.682,18.4,2690,1720,7.55,6.03,268,229,322,264,,,,3280,47.1,,,,,,,,,,,,,,,361,
,200x150x8 RHS,,R,UK,Steel,-,41.4,200,150,8,8,,,22,15.8,,,,0.679,16.4,2970,1890,7.5,5.99,297,253,359,294,,,,3640,52.8,,,,,,,,,,,,,,,398,
,200x150x8.8 RHS,,R,UK,Steel,-,45.3,200,150,8.8,8.8,,,19.7,14,,,,0.677,15,3220,2050,7.47,5.96,322,273,390,319,,,,3960,57.7,,,,,,,,,,,,,,,430,
,200x150x10 RHS,,R,UK,Steel,-,51,200,150,10,10,,,17,12,,,,0.674,13.2,3570,2260,7.41,5.91,357,302,436,356,,,,4410,64.9,,,,,,,,,,,,,,,475,
,200x150x12.5 RHS,,R,UK,Steel,-,62.5,200,150,12.5,12.5,,,13,9,,,,0.668,10.7,4240,2670,7.3,5.8,424,356,525,428,,,,5290,79.6,,,,,,,,,,,,,,,559,
,200x150x14.2 RHS,,R,UK,Steel,-,70,200,150,14.2,14.2,,,11.1,7.56,,,,0.663,9.48,4640,2920,7.22,5.72,464,389,582,473,,,,5830,89.2,,,,,,,,,,,,,,,610,
,200x150x16 RHS,,R,UK,Steel,-,77.7,200,150,16,16,,,9.5,6.38,,,,0.659,8.5,5040,3150,7.13,5.64,504,420,638,518,,,,6370,99,,,,,,,,,,,,,,,658,
,220x120x5 RHS,,R,UK,Steel,-,25.7,220,120,5,5,,,41,21,,,,0.667,25.9,2130,829,8.06,5.03,193,138,236,155,,,,1880,32.7,,,,,,,,,,,,,,,232,
,220x120x6.3 RHS,,R,UK,Steel,-,32,220,120,6.3,6.3,,,31.9,16,,,,0.664,20.7,2610,1010,8,4.98,237,168,292,191,,,,2320,40.8,,,,,,,,,,,,,,,283,
,220x120x7.1 RHS,,R,UK,Steel,-,35.9,220,120,7.1,7.1,,,28,13.9,,,,0.662,18.5,2900,1120,7.96,4.94,263,186,326,213,,,,2570,45.7,,,,,,,,,,,,,,,312,
,220x120x8 RHS,,R,UK,Steel,-,40.2,220,120,8,8,,,24.5,12,,,,0.659,16.4,3200,1230,7.91,4.9,291,205,362,236,,,,2850,51.2,,,,,,,,,,,,,,,343,
,220x120x8.8 RHS,,R,UK,Steel,-,43.9,220,120,8.8,8.8,,,22,10.6,,,,0.657,15,3470,1320,7.87,4.87,315,221,394,256,,,,3090,55.9,,,,,,,,,,,,,,,370,
,220x120x10 RHS,,R,UK,Steel,-,49.4,220,120,10,10,,,19,9,,,,0.654,13.2,3840,1460,7.82,4.81,349,243,440,285,,,,3430,62.9,,,,,,,,,,,,,,,407,
,220x120x12.5 RHS,,R,UK,Steel,-,60.5,220,120,12.5,12.5,,,14.6,6.6,,,,0.648,10.7,4560,1710,7.69,4.71,415,285,530,341,,,,4090,77.1,,,,,,,,,,,,,,,476,
,220x120x14.2 RHS,,R,UK,Steel,-,67.8,220,120,14.2,14.2,,,12.5,5.45,,,,0.643,9.52,5000,1850,7.61,4.63,454,309,586,376,,,,4490,86.3,,,,,,,,,,,,,,,517,
,220x120x16 RHS,,R,UK,Steel,-,75.2,220,120,16,16,,,10.8,4.5,,,,0.639,8.5,5410,1990,7.52,4.55,492,331,643,410,,,,4870,95.8,,,,,,,,,,,,,,,555,
,250x100x5 RHS,,R,UK,Steel,-,26.5,250,100,5,5,,,47,17,,,,0.687,26,2610,618,8.8,4.28,209,124,263,138,,,,1620,33.7,,,,,,,,,,,,,,,217,
,250x100x6.3 RHS,,R,UK,Steel,-,33,250,100,6.3,6.3,,,36.7,12.9,,,,0.684,20.7,3210,751,8.73,4.22,257,150,326,169,,,,1980,42.1,,,,,,,,,,,,,,,264,
,250x100x7.1 RHS,,R,UK,Steel,-,37,250,100,7.1,7.1,,,32.2,11.1,,,,0.682,18.4,3560,827,8.69,4.19,285,165,363,188,,,,2200,47.1,,,,,,,,,,,,,,,291,
,250x100x8 RHS,,R,UK,Steel,-,41.4,250,100,8,8,,,28.3,9.5,,,,0.679,16.4,3940,909,8.64,4.15,315,182,404,209,,,,2430,52.8,,,,,,,,,,,,,,,319,
,250x100x8.8 RHS,,R,UK,Steel,-,45.3,250,100,8.8,8.8,,,25.4,8.36,,,,0.677,15,4270,977,8.6,4.12,341,195,439,226,,,,2630,57.7,,,,,,,,,,,,,,,343,
,250x100x10 RHS,,R,UK,Steel,-,51,250,100,10,10,,,22,7,,,,0.674,13.2,4730,1070,8.54,4.06,379,214,491,251,,,,2910,64.9,,,,,,,,,,,,,,,376,
,250x100x12.5 RHS,,R,UK,Steel,-,62.5,250,100,12.5,12.5,,,17,5,,,,0.668,10.7,5620,1250,8.41,3.96,450,249,592,299,,,,3440,79.6,,,,,,,,,,,,,,,438,
,250x100x14.2 RHS,,R,UK,Steel,-,70,250,100,14.2,14.2,,,14.6,4.04,,,,0.663,9.48,6170,1340,8.31,3.88,493,269,655,329,,,,3750,89.2,,,,,,,,,,,,,,,473,
,250x100x16 RHS,,R,UK,Steel,-,77.7,250,100,16,16,,,12.6,3.25,,,,0.659,8.5,6690,1430,8.22,3.8,535,287,719,358,,,,4050,99,,,,,,,,,,,,,,,505,
,250x150x5 RHS,,R,UK,Steel,-,30.4,250,150,5,5,,,47,27,,,,0.787,25.9,3360,1530,9.31,6.28,269,204,324,228,,,,3280,38.7,,,,,,,,,,,,,,,337,
,250x150x6.3 RHS,,R,UK,Steel,-,38,250,150,6.3,6.3,,,36.7,20.8,,,,0.784,20.6,4140,1870,9.25,6.22,331,250,402,283,,,,4050,48.4,,,,,,,,,,,,,,,413,
,250x150x7.1 RHS,,R,UK,Steel,-,42.6,250,150,7.1,7.1,,,32.2,18.1,,,,0.782,18.4,4610,2080,9.22,6.19,368,277,449,315,,,,4520,54.2,,,,,,,,,,,,,,,457,
,250x150x8 RHS,,R,UK,Steel,-,47.7,250,150,8,8,,,28.3,15.8,,,,0.779,16.4,5110,2300,9.17,6.15,409,306,501,350,,,,5020,60.8,,,,,,,,,,,,,,,506,
,250x150x8.8 RHS,,R,UK,Steel,-,52.2,250,150,8.8,8.8,,,25.4,14,,,,0.777,14.9,5550,2490,9.13,6.12,444,331,545,381,,,,5460,66.5,,,,,,,,,,,,,,,547,
,250x150x10 RHS,,R,UK,Steel,-,58.8,250,150,10,10,,,22,12,,,,0.774,13.2,6170,2760,9.08,6.06,494,367,611,426,,,,6090,74.9,,,,,,,,,,,,,,,605,
,250x150x12.5 RHS,,R,UK,Steel,-,72.3,250,150,12.5,12.5,,,17,9,,,,0.768,10.6,7390,3270,8.96,5.96,591,435,740,514,,,,7330,92.1,,,,,,,,,,,,,,,717,
,250x150x14.2 RHS,,R,UK,Steel,-,81.1,250,150,14.2,14.2,,,14.6,7.56,,,,0.763,9.38,8140,3580,8.87,5.88,651,477,823,570,,,,8100,103,,,,,,,,,,,,,,,784,
,250x150x16 RHS,,R,UK,Steel,-,90.3,250,150,16,16,,,12.6,6.38,,,,0.759,8.42,8880,3870,8.79,5.8,710,516,906,625,,,,8870,115,,,,,,,,,,,,,,,849,
,250x200x10 RHS,,R,UK,Steel,-,66.7,250,200,10,10,,,22,17,,,,0.874,15,7610,5370,9.47,7.95,609,537,731,626,,,,9890,84.9,,,,,,,,,,,,,,,835,
,250x200x12.5 RHS,,R,UK,Steel,-,82.1,250,200,12.5,12.5,,,17,13,,,,0.868,10.6,9150,6440,9.35,7.85,732,644,888,760,,,,12000,105,,,,,,,,,,,,,,,997,
,260x140x5 RHS,,R,UK,Steel,-,30.4,260,140,5,5,,,49,25,,,,0.787,25.9,3530,1350,9.55,5.91,272,193,331,216,,,,3080,38.7,,,,,,,,,,,,,,,326,
,260x140x6.3 RHS,,R,UK,Steel,-,38,260,140,6.3,6.3,,,38.3,19.2,,,,0.784,20.6,4360,1660,9.49,5.86,335,237,411,267,,,,3800,48.4,,,,,,,,,,,,,,,399,
,260x140x7.1 RHS,,R,UK,Steel,-,42.6,260,140,7.1,7.1,,,33.6,16.7,,,,0.782,18.4,4840,1840,9.45,5.82,372,263,459,298,,,,4230,54.2,,,,,,,,,,,,,,,442,
,260x140x8 RHS,,R,UK,Steel,-,47.7,260,140,8,8,,,29.5,14.5,,,,0.779,16.4,5370,2030,9.4,5.78,413,290,511,331,,,,4700,60.8,,,,,,,,,,,,,,,488,
,260x140x8.8 RHS,,R,UK,Steel,-,52.2,260,140,8.8,8.8,,,26.5,12.9,,,,0.777,14.9,5830,2200,9.37,5.75,449,314,557,360,,,,5110,66.5,,,,,,,,,,,,,,,527,
,260x140x10 RHS,,R,UK,Steel,-,58.8,260,140,10,10,,,23,11,,,,0.774,13.2,6490,2430,9.31,5.7,499,347,624,402,,,,5700,74.9,,,,,,,,,,,,,,,584,
,260x140x12.5 RHS,,R,UK,Steel,-,72.3,260,140,12.5,12.5,,,17.8,8.2,,,,0.768,10.6,7770,2880,9.18,5.59,597,411,756,485,,,,6840,92.1,,,,,,,,,,,,,,,690,
,260x140x14.2 RHS,,R,UK,Steel,-,81.1,260,140,14.2,14.2,,,15.3,6.86,,,,0.763,9.38,8560,3140,9.1,5.52,658,449,840,537,,,,7560,103,,,,,,,,,,,,,,,754,
,260x140x16 RHS,,R,UK,Steel,-,90.3,260,140,16,16,,,13.3,5.75,,,,0.759,8.42,9340,3400,9.01,5.44,718,486,925,588,,,,8260,115,,,,,,,,,,,,,,,815,
,260x180x8 RHS,,R,UK,Steel,-,52.7,260,180,8,8,,,29.5,19.5,,,,0.859,19,6390,3610,9.75,7.33,492,401,592,459,,,,7220,67.2,,,,,,,,,,,,,,,644,
,260x180x10 RHS,,R,UK,Steel,-,65.1,260,180,10,10,,,23,15,,,,0.854,15.4,7740,4350,9.66,7.24,595,483,724,560,,,,8800,82.9,,,,,,,,,,,,,,,775,
,260x180x12 RHS,,R,UK,Steel,-,80.1,260,180,12,12,,,18.7,12,,,,0.848,10.6,9300,5200,9.54,7.13,715,577,879,679,,,,10600,102,,,,,,,,,,,,,,,924,
,300x100x5 RHS,,R,UK,Steel,-,30.4,300,100,5,5,,,57,17,,,,0.787,25.9,4150,731,10.3,4.34,276,146,354,161,,,,2040,38.7,,,,,,,,,,,,,,,262,
,300x100x6.3 RHS,,R,UK,Steel,-,38,300,100,6.3,6.3,,,44.6,12.9,,,,0.784,20.6,5110,890,10.3,4.29,341,178,439,199,,,,2500,48.4,,,,,,,,,,,,,,,319,
,300x100x7.1 RHS,,R,UK,Steel,-,42.6,300,100,7.1,7.1,,,39.3,11.1,,,,0.782,18.4,5680,981,10.2,4.25,379,196,490,221,,,,2780,54.2,,,,,,,,,,,,,,,352,
,300x100x8 RHS,,R,UK,Steel,-,47.7,300,100,8,8,,,34.5,9.5,,,,0.779,16.4,6310,1080,10.2,4.21,420,216,546,245,,,,3070,60.8,,,,,,,,,,,,,,,387,
,300x100x8.8 RHS,,R,UK,Steel,-,52.2,300,100,8.8,8.8,,,31.1,8.36,,,,0.777,14.9,6840,1160,10.1,4.18,456,232,594,266,,,,3320,66.5,,,,,,,,,,,,,,,416,
,300x100x10 RHS,,R,UK,Steel,-,58.8,300,100,10,10,,,27,7,,,,0.774,13.2,7610,1280,10.1,4.13,508,255,666,296,,,,3680,74.9,,,,,,,,,,,,,,,458,
,300x100x12.5 RHS,,R,UK,Steel,-,72.3,300,100,12.5,12.5,,,21,5,,,,0.768,10.6,9100,1490,9.94,4.02,607,297,806,354,,,,4350,92.1,,,,,,,,,,,,,,,534,
,300x100x14.2 RHS,,R,UK,Steel,-,81.1,300,100,14.2,14.2,,,18.1,4.04,,,,0.763,9.38,10000,1610,9.85,3.94,669,321,896,390,,,,4760,103,,,,,,,,,,,,,,,578,
,300x100x16 RHS,,R,UK,Steel,-,90.3,300,100,16,16,,,15.8,3.25,,,,0.759,8.42,10900,1720,9.75,3.87,729,344,986,425,,,,5140,115,,,,,,,,,,,,,,,619,
,300x150x8 RHS,,R,UK,Steel,-,54,300,150,8,8,,,34.5,15.8,,,,0.879,16.3,8010,2700,10.8,6.27,534,360,663,407,,,,6450,68.8,,,,,,,,,,,,,,,613,
,300x150x8.8 RHS,,R,UK,Steel,-,59.1,300,150,8.8,8.8,,,31.1,14,,,,0.877,14.8,8710,2930,10.8,6.23,580,390,723,443,,,,7020,75.3,,,,,,,,,,,,,,,664,
,300x150x10 RHS,,R,UK,Steel,-,66.7,300,150,10,10,,,27,12,,,,0.874,13.1,9720,3250,10.7,6.18,648,433,811,496,,,,7840,84.9,,,,,,,,,,,,,,,736,
,300x150x12.5 RHS,,R,UK,Steel,-,82.1,300,150,12.5,12.5,,,21,9,,,,0.868,10.6,11700,3860,10.6,6.07,779,514,986,600,,,,9450,105,,,,,,,,,,,,,,,874,
,300x150x14.2 RHS,,R,UK,Steel,-,92.3,300,150,14.2,14.2,,,18.1,7.56,,,,0.863,9.32,12900,4230,10.5,6,862,564,1100,666,,,,10500,118,,,,,,,,,,,,,,,959,
,300x150x16 RHS,,R,UK,Steel,-,103,300,150,16,16,,,15.8,6.38,,,,0.859,8.35,14200,4600,10.4,5.92,944,613,1210,732,,,,11500,131,,,,,,,,,,,,,,,1040,
,300x200x5 RHS,,R,UK,Steel,-,38.3,300,200,5,5,,,57,37,,,,0.987,25.8,6320,3400,11.4,8.35,421,340,501,380,,,,6820,48.7,,,,,,,,,,,,,,,552,
,300x200x6.3 RHS,,R,UK,Steel,-,47.9,300,200,6.3,6.3,,,44.6,28.7,,,,0.984,20.6,7830,4190,11.3,8.29,522,419,624,472,,,,8480,61,,,,,,,,,,,,,,,681,
,300x200x7.1 RHS,,R,UK,Steel,-,53.7,300,200,7.1,7.1,,,39.3,25.2,,,,0.982,18.3,8730,4670,11.3,8.26,582,467,698,528,,,,9470,68.4,,,,,,,,,,,,,,,757,
,300x200x8 RHS,,R,UK,Steel,-,60.3,300,200,8,8,,,34.5,22,,,,0.979,16.3,9720,5180,11.3,8.22,648,518,779,589,,,,10600,76.8,,,,,,,,,,,,,,,840,
,300x200x8.8 RHS,,R,UK,Steel,-,66,300,200,8.8,8.8,,,31.1,19.7,,,,0.977,14.9,10600,5630,11.2,8.18,705,563,851,643,,,,11500,84.1,,,,,,,,,,,,,,,912,
,300x200x10 RHS,,R,UK,Steel,-,74.5,300,200,10,10,,,27,17,,,,0.974,13.1,11800,6280,11.2,8.13,788,628,956,721,,,,12900,94.9,,,,,,,,,,,,,,,1020,
,300x200x12.5 RHS,,R,UK,Steel,-,91.9,300,200,12.5,12.5,,,21,13,,,,0.968,10.6,14300,7540,11,8.02,952,754,1170,877,,,,15700,117,,,,,,,,,,,,,,,1220,
,300x200x14.2 RHS,,R,UK,Steel,-,103,300,200,14.2,14.2,,,18.1,11.1,,,,0.963,9.31,15800,8330,11,7.95,1060,833,1300,978,,,,17500,132,,,,,,,,,,,,,,,1340,
,300x200x16 RHS,,R,UK,Steel,-,115,300,200,16,16,,,15.8,9.5,,,,0.959,8.31,17400,9110,10.9,7.87,1160,911,1440,1080,,,,19300,147,,,,,,,,,,,,,,,1470,
,300x250x5 RHS,,R,UK,Steel,-,42.2,300,250,5,5,,,57,47,,,,1.09,25.8,7410,5610,11.7,10.2,494,449,575,508,,,,9770,53.7,,,,,,,,,,,,,,,697,
,300x250x6.3 RHS,,R,UK,Steel,-,52.8,300,250,6.3,6.3,,,44.6,36.7,,,,1.08,20.4,9190,6950,11.7,10.2,613,556,716,633,,,,12200,67.3,,,,,,,,,,,,,,,862,
,300x250x7.1 RHS,,R,UK,Steel,-,59.3,300,250,7.1,7.1,,,39.3,32.2,,,,1.08,18.3,10300,7750,11.6,10.1,683,620,802,708,,,,13600,75.5,,,,,,,,,,,,,,,960,
,300x250x8 RHS,,R,UK,Steel,-,66.5,300,250,8,8,,,34.5,28.3,,,,1.08,16.2,11400,8630,11.6,10.1,761,690,896,791,,,,15200,84.8,,,,,,,,,,,,,,,1070,
,300x250x8.8 RHS,,R,UK,Steel,-,72.9,300,250,8.8,8.8,,,31.1,25.4,,,,1.08,14.8,12400,9390,11.6,10.1,829,751,979,864,,,,16600,92.9,,,,,,,,,,,,,,,1160,
,300x250x10 RHS,,R,UK,Steel,-,82.4,300,250,10,10,,,27,22,,,,1.07,12.9,13900,10500,11.5,10,928,840,1100,971,,,,18600,105,,,,,,,,,,,,,,,1300,
,300x250x12.5 RHS,,R,UK,Steel,-,102,300,250,12.5,12.5,,,21,17,,,,1.07,10.5,16900,12700,11.4,9.89,1120,1010,1350,1190,,,,22700,130,,,,,,,,,,,,,,,1560,
,300x250x14.2 RHS,,R,UK,Steel,-,115,300,250,14.2,14.2,,,18.1,14.6,,,,1.06,9.25,18700,14100,11.3,9.82,1250,1130,1510,1330,,,,25400,146,,,,,,,,,,,,,,,1730,
,300x250x16 RHS,,R,UK,Steel,-,128,300,250,16,16,,,15.8,12.6,,,,1.06,8.28,20600,15500,11.2,9.74,1380,1240,1670,1470,,,,28100,163,,,,,,,,,,,,,,,1900,
,340x100x10 RHS,,R,UK,Steel,-,65.1,340,100,10,10,,,31,7,,,,0.854,13.2,10600,1440,11.3,4.16,623,288,823,332,,,,4300,82.9,,,,,,,,,,,,,,,523,
,350x150x5 RHS,,R,UK,Steel,-,38.3,350,150,5,5,,,67,27,,,,0.987,25.8,7660,2050,12.5,6.49,437,274,543,301,,,,5160,48.7,,,,,,,,,,,,,,,477,
,350x150x6.3 RHS,,R,UK,Steel,-,47.9,350,150,6.3,6.3,,,52.6,20.8,,,,0.984,20.6,9480,2530,12.5,6.43,542,337,676,373,,,,6390,61,,,,,,,,,,,,,,,586,
,350x150x7.1 RHS,,R,UK,Steel,-,53.7,350,150,7.1,7.1,,,46.3,18.1,,,,0.982,18.3,10600,2800,12.4,6.4,604,374,756,416,,,,7120,68.4,,,,,,,,,,,,,,,651,
,350x150x8 RHS,,R,UK,Steel,-,60.3,350,150,8,8,,,40.8,15.8,,,,0.979,16.3,11800,3110,12.4,6.36,673,414,844,464,,,,7930,76.8,,,,,,,,,,,,,,,721,
,350x150x8.8 RHS,,R,UK,Steel,-,66,350,150,8.8,8.8,,,36.8,14,,,,0.977,14.9,12800,3360,12.3,6.33,732,449,922,506,,,,8620,84.1,,,,,,,,,,,,,,,781,
,350x150x10 RHS,,R,UK,Steel,-,74.5,350,150,10,10,,,32,12,,,,0.974,13.1,14300,3740,12.3,6.27,818,498,1040,566,,,,9630,94.9,,,,,,,,,,,,,,,867,
,350x150x12.5 RHS,,R,UK,Steel,-,91.9,350,150,12.5,12.5,,,25,9,,,,0.968,10.6,17300,4450,12.2,6.17,988,593,1260,686,,,,11600,117,,,,,,,,,,,,,,,1030,
,350x150x14.2 RHS,,R,UK,Steel,-,103,350,150,14.2,14.2,,,21.6,7.56,,,,0.963,9.31,19200,4890,12.1,6.09,1100,652,1410,763,,,,12900,132,,,,,,,,,,,,,,,1130,
,350x150x16 RHS,,R,UK,Steel,-,115,350,150,16,16,,,18.9,6.38,,,,0.959,8.31,21100,5320,12,6.01,1210,709,1560,840,,,,14100,147,,,,,,,,,,,,,,,1230,
,350x250x6.3 RHS,,R,UK,Steel,-,57.8,350,250,6.3,6.3,,,52.6,36.7,,,,1.18,20.4,13200,7890,13.4,10.4,754,631,892,709,,,,15200,73.6,,,,,,,,,,,,,,,1010,
,350x250x7.1 RHS,,R,UK,Steel,-,64.9,350,250,7.1,7.1,,,46.3,32.2,,,,1.18,18.2,14700,8800,13.4,10.3,843,704,999,794,,,,17000,82.6,,,,,,,,,,,,,,,1130,
,350x250x8 RHS,,R,UK,Steel,-,72.8,350,250,8,8,,,40.8,28.3,,,,1.18,16.2,16400,9800,13.3,10.3,940,784,1120,888,,,,19000,92.8,,,,,,,,,,,,,,,1250,
,350x250x8.8 RHS,,R,UK,Steel,-,79.8,350,250,8.8,8.8,,,36.8,25.4,,,,1.18,14.8,17900,10700,13.3,10.2,1030,853,1220,970,,,,20800,102,,,,,,,,,,,,,,,1370,
,350x250x10 RHS,,R,UK,Steel,-,90.2,350,250,10,10,,,32,22,,,,1.17,13,20100,11900,13.2,10.2,1150,955,1380,1090,,,,23400,115,,,,,,,,,,,,,,,1530,
,350x250x12.5 RHS,,R,UK,Steel,-,112,350,250,12.5,12.5,,,25,17,,,,1.17,10.5,24400,14400,13.1,10.1,1400,1160,1690,1330,,,,28500,142,,,,,,,,,,,,,,,1840,
,350x250x14.2 RHS,,R,UK,Steel,-,126,350,250,14.2,14.2,,,21.6,14.6,,,,1.16,9.22,27200,16000,13,10,1550,1280,1890,1490,,,,31900,160,,,,,,,,,,,,,,,2040,
,350x250x16 RHS,,R,UK,Steel,-,141,350,250,16,16,,,18.9,12.6,,,,1.16,8.26,30000,17700,12.9,9.93,1720,1410,2100,1660,,,,35300,179,,,,,,,,,,,,,,,2250,
,400x120x6.3 RHS,,R,UK,Steel,-,49.9,400,120,6.3,6.3,,,60.5,16,,,,1.02,20.1,11800,1740,13.6,5.24,590,291,762,320,,,,5040,63.5,,,,,,,,,,,,,,,527,
,400x120x8 RHS,,R,UK,Steel,-,62.8,400,120,8,8,,,47,12,,,,1.02,15.9,14600,2130,13.5,5.17,732,356,952,397,,,,6220,80,,,,,,,,,,,,,,,645,
,400x120x10 RHS,,R,UK,Steel,-,77.7,400,120,10,10,,,37,9,,,,1.01,12.9,17800,2550,13.4,5.08,891,425,1170,483,,,,7510,98.9,,,,,,,,,,,,,,,771,
,400x120x12.5 RHS,,R,UK,Steel,-,95.8,400,120,12.5,12.5,,,29,6.6,,,,1.01,10.5,21600,3010,13.3,4.97,1080,502,1430,583,,,,8980,122,,,,,,,,,,,,,,,911,
,400x150x5 RHS,,R,UK,Steel,-,42.2,400,150,5,5,,,77,27,,,,1.09,25.8,10700,2320,14.1,6.57,534,309,671,337,,,,6130,53.7,,,,,,,,,,,,,,,547,
,400x150x6.3 RHS,,R,UK,Steel,-,52.8,400,150,6.3,6.3,,,60.5,20.8,,,,1.08,20.4,13300,2850,14,6.51,663,380,836,418,,,,7600,67.3,,,,,,,,,,,,,,,673,
,400x150x7.1 RHS,,R,UK,Steel,-,59.3,400,150,7.1,7.1,,,53.3,18.1,,,,1.08,18.3,14800,3170,14,6.47,740,422,936,467,,,,8470,75.5,,,,,,,,,,,,,,,748,
,400x150x8 RHS,,R,UK,Steel,-,66.5,400,150,8,8,,,47,15.8,,,,1.08,16.2,16500,3510,13.9,6.43,824,468,1050,521,,,,9420,84.8,,,,,,,,,,,,,,,828,
,400x150x8.8 RHS,,R,UK,Steel,-,72.9,400,150,8.8,8.8,,,42.5,14,,,,1.08,14.8,18000,3800,13.9,6.4,898,507,1140,568,,,,10300,92.9,,,,,,,,,,,,,,,898,
,400x150x10 RHS,,R,UK,Steel,-,82.4,400,150,10,10,,,37,12,,,,1.07,12.9,20100,4230,13.8,6.35,1010,564,1290,636,,,,11500,105,,,,,,,,,,,,,,,998,
,400x150x12.5 RHS,,R,UK,Steel,-,102,400,150,12.5,12.5,,,29,9,,,,1.07,10.5,24400,5040,13.7,6.24,1220,672,1570,772,,,,13800,130,,,,,,,,,,,,,,,1190,
,400x150x14.2 RHS,,R,UK,Steel,-,115,400,150,14.2,14.2,,,25.2,7.56,,,,1.06,9.25,27100,5550,13.6,6.16,1360,740,1760,859,,,,15300,146,,,,,,,,,,,,,,,1310,
,400x150x16 RHS,,R,UK,Steel,-,128,400,150,16,16,,,22,6.38,,,,1.06,8.28,29800,6040,13.5,6.09,1490,805,1950,947,,,,16800,163,,,,,,,,,,,,,,,1430,
,400x200x6.3 RHS,,R,UK,Steel,-,57.8,400,200,6.3,6.3,,,60.5,28.7,,,,1.18,20.4,15700,5380,14.6,8.55,785,538,960,594,,,,12600,73.6,,,,,,,,,,,,,,,917,
,400x200x7.1 RHS,,R,UK,Steel,-,64.9,400,200,7.1,7.1,,,53.3,25.2,,,,1.18,18.2,17500,5990,14.6,8.51,877,599,1080,665,,,,14100,82.6,,,,,,,,,,,,,,,1020,
,400x200x8 RHS,,R,UK,Steel,-,72.8,400,200,8,8,,,47,22,,,,1.18,16.2,19600,6660,14.5,8.47,978,666,1200,743,,,,15700,92.8,,,,,,,,,,,,,,,1140,
,400x200x8.8 RHS,,R,UK,Steel,-,79.8,400,200,8.8,8.8,,,42.5,19.7,,,,1.18,14.8,21300,7240,14.5,8.44,1070,724,1320,811,,,,17200,102,,,,,,,,,,,,,,,1230,
,400x200x10 RHS,,R,UK,Steel,-,90.2,400,200,10,10,,,37,17,,,,1.17,13,23900,8080,14.4,8.39,1200,808,1480,911,,,,19300,115,,,,,,,,,,,,,,,1380,
,400x200x12.5 RHS,,R,UK,Steel,-,112,400,200,12.5,12.5,,,29,13,,,,1.17,10.5,29100,9740,14.3,8.28,1450,974,1810,1110,,,,23400,142,,,,,,,,,,,,,,,1660,
,400x200x14.2 RHS,,R,UK,Steel,-,126,400,200,14.2,14.2,,,25.2,11.1,,,,1.16,9.22,32400,10800,14.2,8.21,1620,1080,2030,1240,,,,26100,160,,,,,,,,,,,,,,,1830,
,400x200x16 RHS,,R,UK,Steel,-,141,400,200,16,16,,,22,9.5,,,,1.16,8.26,35700,11800,14.1,8.13,1790,1180,2260,1370,,,,28900,179,,,,,,,,,,,,,,,2010,
,400x300x8 RHS,,R,UK,Steel,-,85.4,400,300,8,8,,,47,34.5,,,,1.38,16.1,25700,16500,15.4,12.3,1290,1100,1520,1250,,,,31000,109,,,,,,,,,,,,,,,1750,
,400x300x8.8 RHS,,R,UK,Steel,-,93.6,400,300,8.8,8.8,,,42.5,31.1,,,,1.38,14.8,28100,18000,15.3,12.3,1400,1200,1660,1360,,,,33900,119,,,,,,,,,,,,,,,1910,
,400x300x10 RHS,,R,UK,Steel,-,106,400,300,10,10,,,37,27,,,,1.37,12.9,31500,20200,15.3,12.2,1580,1350,1870,1540,,,,38200,135,,,,,,,,,,,,,,,2140,
,400x300x12.5 RHS,,R,UK,Steel,-,131,400,300,12.5,12.5,,,29,21,,,,1.37,10.4,38500,24600,15.2,12.1,1920,1640,2300,1880,,,,46800,167,,,,,,,,,,,,,,,2590,
,400x300x14.2 RHS,,R,UK,Steel,-,148,400,300,14.2,14.2,,,25.2,18.1,,,,1.36,9.19,43000,27400,15.1,12.1,2150,1830,2580,2110,,,,52500,189,,,,,,,,,,,,,,,2890,
,400x300x16 RHS,,R,UK,Steel,-,166,400,300,16,16,,,22,15.8,,,,1.36,8.21,47500,30300,15,12,2380,2020,2870,2350,,,,58300,211,,,,,,,,,,,,,,,3180,
,450x250x8 RHS,,R,UK,Steel,-,85.4,450,250,8,8,,,53.3,28.3,,,,1.38,16.1,30100,12100,16.6,10.6,1340,971,1620,1080,,,,27100,109,,,,,,,,,,,,,,,1630,
,450x250x8.8 RHS,,R,UK,Steel,-,93.6,450,250,8.8,8.8,,,48.1,25.4,,,,1.38,14.8,32800,13200,16.6,10.5,1460,1060,1770,1180,,,,29600,119,,,,,,,,,,,,,,,1770,
,450x250x10 RHS,,R,UK,Steel,-,106,450,250,10,10,,,42,22,,,,1.37,12.9,36900,14800,16.5,10.5,1640,1190,2000,1330,,,,33300,135,,,,,,,,,,,,,,,1990,
,450x250x12.5 RHS,,R,UK,Steel,-,131,450,250,12.5,12.5,,,33,17,,,,1.37,10.4,45000,18000,16.4,10.4,2000,1440,2460,1630,,,,40700,167,,,,,,,,,,,,,,,2410,
,450x250x14.2 RHS,,R,UK,Steel,-,148,450,250,14.2,14.2,,,28.7,14.6,,,,1.36,9.19,50300,20000,16.3,10.3,2240,1600,2760,1830,,,,45600,189,,,,,,,,,,,,,,,2680,
,450x250x16 RHS,,R,UK,Steel,-,166,450,250,16,16,,,25.1,12.6,,,,1.36,8.21,55700,22000,16.2,10.2,2480,1760,3070,2030,,,,50500,211,,,,,,,,,,,,,,,2950,
,500x200x8 RHS,,R,UK,Steel,-,85.4,500,200,8,8,,,59.5,22,,,,1.38,16.1,34000,8140,17.7,8.65,1360,814,1710,896,,,,21100,109,,,,,,,,,,,,,,,1430,
,500x200x8.8 RHS,,R,UK,Steel,-,93.6,500,200,8.8,8.8,,,53.8,19.7,,,,1.38,14.8,37200,8850,17.7,8.61,1490,885,1870,979,,,,23000,119,,,,,,,,,,,,,,,1560,
,500x200x10 RHS,,R,UK,Steel,-,106,500,200,10,10,,,47,17,,,,1.37,12.9,41800,9890,17.6,8.56,1670,989,2110,1100,,,,25900,135,,,,,,,,,,,,,,,1740,
,500x200x12.5 RHS,,R,UK,Steel,-,131,500,200,12.5,12.5,,,37,13,,,,1.37,10.4,51000,11900,17.5,8.45,2040,1190,2590,1350,,,,31500,167,,,,,,,,,,,,,,,2100,
,500x200x14.2 RHS,,R,UK,Steel,-,148,500,200,14.2,14.2,,,32.2,11.1,,,,1.36,9.19,56900,13200,17.4,8.38,2280,1320,2900,1510,,,,35200,189,,,,,,,,,,,,,,,2320,
,500x200x16 RHS,,R,UK,Steel,-,166,500,200,16,16,,,28.3,9.5,,,,1.36,8.21,63000,14500,17.3,8.3,2520,1450,3230,1670,,,,38900,211,,,,,,,,,,,,,,,2550,
,500x300x8 RHS,,R,UK,Steel,-,97.9,500,300,8,8,,,59.5,34.5,,,,1.58,16.1,43700,20000,18.7,12.6,1750,1330,2100,1480,,,,42600,125,,,,,,,,,,,,,,,2200,
,500x300x8.8 RHS,,R,UK,Steel,-,107,500,300,8.8,8.8,,,53.8,31.1,,,,1.58,14.7,47800,21800,18.7,12.6,1910,1450,2300,1620,,,,46600,137,,,,,,,,,,,,,,,2400,
,500x300x10 RHS,,R,UK,Steel,-,122,500,300,10,10,,,47,27,,,,1.57,12.9,53800,24400,18.6,12.6,2150,1630,2600,1830,,,,52500,155,,,,,,,,,,,,,,,2700,
,500x300x12.5 RHS,,R,UK,Steel,-,151,500,300,12.5,12.5,,,37,21,,,,1.57,10.4,65800,29800,18.5,12.5,2630,1990,3200,2240,,,,64400,192,,,,,,,,,,,,,,,3280,
,500x300x14.2 RHS,,R,UK,Steel,-,170,500,300,14.2,14.2,,,32.2,18.1,,,,1.56,9.16,73700,33200,18.4,12.4,2950,2220,3590,2520,,,,72200,217,,,,,,,,,,,,,,,3660,
,500x300x16 RHS,,R,UK,Steel,-,191,500,300,16,16,,,28.3,15.8,,,,1.56,8.17,81800,36800,18.3,12.3,3270,2450,4010,2800,,,,80300,243,,,,,,,,,,,,,,,4040,
,500x300x20 RHS,,R,UK,Steel,-,235,500,300,20,20,,,22,12,,,,1.55,6.59,98800,44100,18.2,12.1,3950,2940,4890,3410,,,,97400,300,,,,,,,,,,,,,,,4840,
,HE 100 A,,H,EU,Steel,-,16.7,96,100,5,8,12,56,11.2,4.44,,,,0.5614,33.68,349.2,133.8,4.06,2.51,72.76,26.76,83.01,41.14,,,2580,5.24,21.24,,,,,,,,,,,,,,,,
,HE 120 A,,H,EU,Steel,-,19.9,114,120,5,8,12,74,14.8,5.69,,,,0.6774,34.06,606.2,230.9,4.89,3.02,106.3,38.48,119.5,58.85,,,6470,5.99,25.34,,,,,,,,,,,,,,,,
,HE 140 A,,H,EU,Steel,-,24.7,133,140,5.5,8.5,12,92,16.7,6.5,,,,0.7944,32.21,1033,389.3,5.73,3.52,155.4,55.62,173.5,84.85,,,15060,8.13,31.42,,,,,,,,,,,,,,,,
,HE 160 A,,H,EU,Steel,-,30.4,152,160,6,9,15,104,17.3,6.89,,,,0.896,29.44,1673,615.6,6.57,3.98,220.1,76.95,245.1,117.6,,,31410,12.19,38.77,,,,,,,,,,,,,,,,
,HE 180 A,,H,EU,Steel,-,35.5,171,180,6,9.5,15,122,20.3,7.58,,,,1.024,28.83,2510,924.6,7.45,4.52,293.6,102.7,324.9,156.5,,,60210,14.8,45.25,,,,,,,,,,,,,,,,
,HE 200 A,,H,EU,Steel,-,42.3,190,200,6.5,10,18,134,20.6,7.88,,,,1.136,26.89,3692,1336,8.28,4.98,388.6,133.6,429.5,203.8,,,108000,20.98,53.83,,,,,,,,,,,,,,,,
,HE 220 A,,H,EU,Steel,-,50.5,210,220,7,11,18,152,21.7,8.05,,,,1.255,24.85,5410,1955,9.17,5.51,515.2,177.7,568.5,270.6,,,193300,28.46,64.34,,,,,,,,,,,,,,,,
,HE 240 A,,H,EU,Steel,-,60.3,230,240,7.5,12,21,164,21.9,7.94,,,,1.369,22.7,7763,2769,10.05,6,675.1,230.7,744.6,351.7,,,328500,41.55,76.84,,,,,,,,,,,,,,,,
,HE 260 A,,H,EU,Steel,-,68.2,250,260,7.5,12.5,24,177,23.6,8.18,,,,1.484,21.77,10450,3668,10.97,6.5,836.4,282.1,919.8,430.2,,,516400,52.37,86.82,,,,,,,,,,,,,,,,
,HE 280 A,,H,EU,Steel,-,76.4,270,280,8,13,24,196,24.5,8.62,,,,1.603,20.99,13670,4763,11.86,7,1013,340.2,1112,518.1,,,785400,62.1,97.26,,,,,,,,,,,,,,,,
,HE 300 A,,H,EU,Steel,-,88.3,290,300,8.5,14,27,208,24.5,8.48,,,,1.717,19.43,18260,6310,12.74,7.49,1260,420.6,1383,641.2,,,1200000,85.17,112.5,,,,,,,,,,,,,,,,
,HE 320 A,,H,EU,Steel,-,97.6,310,300,9,15.5,27,225,25,7.65,,,,1.756,17.98,22930,6985,13.58,7.49,1479,465.7,1628,709.7,,,1512000,108,124.4,,,,,,,,,,,,,,,,
,HE 340 A,,H,EU,Steel,-,105,330,300,9.5,16.5,27,243,25.6,7.17,,,,1.795,17.13,27690,7436,14.4,7.46,1678,495.7,1850,755.9,,,1824000,127.2,133.5,,,,,,,,,,,,,,,,
,HE 360 A,,H,EU,Steel,-,112,350,300,10,17.5,27,261,26.1,6.74,,,,1.834,16.36,33090,7887,15.22,7.43,1891,525.8,2088,802.3,,,2177000,148.8,142.8,,,,,,,,,,,,,,,,
,HE 400 A,,H,EU,Steel,-,125,390,300,11,19,27,298,27.1,6.18,,,,1.912,15.32,45070,8564,16.84,7.34,2311,570.9,2562,872.9,,,2942000,189,159,,,,,,,,,,,,,,,,
,HE 450 A,,H,EU,Steel,-,140,440,300,11.5,21,27,344,29.9,5.58,,,,2.011,14.39,63720,9465,18.92,7.29,2896,631,3216,965.5,,,4148000,243.8,178,,,,,,,,,,,,,,,,
,HE 500 A,,H,EU,Steel,-,155,490,300,12,23,27,390,32.5,5.09,,,,2.11,13.6,86970,10370,20.98,7.24,3550,691.1,3949,1059,,,5643000,309.3,197.5,,,,,,,,,,,,,,,,
,HE 550 A,,H,EU,Steel,-,166,540,300,12.5,24,27,438,35,4.86,,,,2.209,13.29,111900,10820,22.99,7.15,4146,721.3,4622,1107,,,7189000,351.5,211.8,,,,,,,,,,,,,,,,
,HE 600 A,,H,EU,Steel,-,178,590,300,13,25,27,486,37.4,4.66,,,,2.308,12.98,141200,11270,24.97,7.05,4787,751.4,5350,1156,,,8978000,397.8,226.5,,,,,,,,,,,,,,,,
,HE 650 A,,H,EU,Steel,-,190,640,300,13.5,26,27,534,39.6,4.47,,,,2.407,12.69,175200,11720,26.93,6.97,5474,781.6,6136,1205,,,11030000,448.3,241.6,,,,,,,,,,,,,,,,
,HE 700 A,,H,EU,Steel,-,204,690,300,14.5,27,27,582,40.1,4.29,,,,2.505,12.25,215300,12180,28.75,6.84,6241,811.9,7032,1257,,,13350000,513.9,260.5,,,,,,,,,,,,,,,,
,HE 800 A,,H,EU,Steel,-,224,790,300,15,28,30,674,44.9,4.02,,,,2.698,12.03,303400,12640,32.58,6.65,7682,842.6,8699,1312,,,18290000,596.9,285.8,,,,,,,,,,,,,,,,
,HE 900 A,,H,EU,Steel,-,252,890,300,16,30,30,770,48.1,3.73,,,,2.896,11.51,422100,13550,36.29,6.5,9485,903.2,10810,1414,,,24960000,736.8,320.5,,,,,,,,,,,,,,,,
,HE 1000 A,,H,EU,Steel,-,272,990,300,16.5,31,30,868,52.6,3.6,,,,3.096,11.37,553800,14000,39.96,6.35,11190,933.6,12820,1470,,,32070000,822.4,346.8,,,,,,,,,,,,,,,,
,HE 100 M,,H,EU,Steel,-,41.8,120,106,12,20,12,56,4.67,1.75,,,,0.6194,14.82,1143,399.2,4.63,2.74,190.4,75.31,235.8,116.3,,,9930,68.21,53.24,,,,,,,,,,,,,,,,
,HE120 M,,H,EU,Steel,-,52.1,140,126,12.5,21,12,74,5.92,2.13,,,,0.7384,14.16,2018,702.8,5.51,3.25,288.2,111.6,350.6,171.6,,,24790,91.66,66.41,,,,,,,,,,,,,,,,
,HE 140 M,,H,EU,Steel,-,63.2,160,146,13,22,12,92,7.08,2.48,,,,0.835,13.2,3291,1144,6.39,3.77,411.4,156.8,493.8,240.5,,,54330,120,80.56,,,,,,,,,,,,,,,,
,HE 160 M,,H,EU,Steel,-,76.2,180,166,14,23,15,104,7.43,2.65,,,,0.9702,12.74,5098,1759,7.25,4.26,566.5,211.9,674.6,325.5,,,108100,162.4,97.05,,,,,,,,,,,,,,,,
,HE 180 M,,H,EU,Steel,-,88.9,200,186,14.5,24,15,122,8.41,2.95,,,,1.089,12.25,7483,2580,8.13,4.77,748.3,277.4,883.4,425.2,,,199300,203.3,113.3,,,,,,,,,,,,,,,,
,HE 200 M,,H,EU,Steel,-,103,220,206,15,25,18,134,8.93,3.1,,,,1.203,11.67,10640,3651,9,5.27,967.4,354.5,1135,543.2,,,346300,259.4,131.3,,,,,,,,,,,,,,,,
,HE 220 M,,H,EU,Steel,-,117,240,226,15.5,26,18,152,9.81,3.36,,,,1.322,11.27,14600,5012,9.89,5.79,1217,443.5,1419,678.6,,,572700,315.3,149.4,,,,,,,,,,,,,,,,
,HE 240 M,,H,EU,Steel,-,157,270,248,18,32,21,164,9.11,2.94,,,,1.46,9.318,24290,8153,11.03,6.39,1799,657.5,2117,1006,,,1152000,627.9,199.6,,,,,,,,,,,,,,,,
,HE 260 M,,H,EU,Steel,-,172,290,268,18,32.5,24,177,9.83,3.11,,,,1.575,9.133,31310,10450,11.94,6.9,2159,779.7,2524,1192,,,1728000,719,219.6,,,,,,,,,,,,,,,,
,HE 280 M,,H,EU,Steel,-,189,310,288,18.5,33,24,196,10.6,3.36,,,,1.694,8.984,39550,13160,12.83,7.4,2551,914.1,2966,1397,,,2520000,807.3,240.2,,,,,,,,,,,,,,,,
,HE 300 M,,H,EU,Steel,-,238,340,310,21,39,27,208,9.9,3.01,,,,1.832,7.699,59200,19400,13.98,8,3482,1252,4078,1913,,,4386000,1408,303.1,,,,,,,,,,,,,,,,
,HE 320 M,,H,EU,Steel,-,245,359,309,21,40,27,225,10.7,2.92,,,,1.866,7.616,68130,19710,14.78,7.95,3796,1276,4435,1951,,,5004000,1501,312,,,,,,,,,,,,,,,,
,HE 340 M,,H,EU,Steel,-,248,377,309,21,40,27,243,11.6,2.92,,,,1.902,7.67,76370,19710,15.55,7.9,4052,1276,4718,1953,,,5584000,1506,315.8,,,,,,,,,,,,,,,,
,HE 360 M,,H,EU,Steel,-,250,395,308,21,40,27,261,12.4,2.91,,,,1.934,7.726,84870,19520,16.32,7.83,4297,1268,4989,1942,,,6137000,1507,318.8,,,,,,,,,,,,,,,,
,HE 400 M,,H,EU,Steel,-,256,432,307,21,40,27,298,14.2,2.9,,,,2.004,7.835,104100,19340,17.88,7.7,4820,1260,5571,1934,,,7410000,1515,325.8,,,,,,,,,,,,,,,,
,HE 450 M,,H,EU,Steel,-,263,478,307,21,40,27,344,16.4,2.9,,,,2.096,7.959,131500,19340,19.8,7.59,5501,1260,6331,1939,,,9251000,1529,335.4,,,,,,,,,,,,,,,,
,HE 500 M,,H,EU,Steel,-,270,524,306,21,40,27,390,18.6,2.89,,,,2.184,8.079,161900,19150,21.69,7.46,6180,1252,7094,1932,,,11190000,1539,344.3,,,,,,,,,,,,,,,,
,HE 550 M,,H,EU,Steel,-,278,572,306,21,40,27,438,20.9,2.89,,,,2.28,8.195,198000,19160,23.64,7.35,6923,1252,7933,1937,,,13520000,1554,354.4,,,,,,,,,,,,,,,,
,HE 600 M,,H,EU,Steel,-,285,620,305,21,40,27,486,23.1,2.88,,,,2.372,8.308,237400,18980,25.55,7.22,7660,1244,8772,1930,,,15910000,1564,363.7,,,,,,,,,,,,,,,,
,HE 650 M,,H,EU,Steel,-,293,668,305,21,40,27,534,25.4,2.88,,,,2.468,8.411,281700,18980,27.45,7.13,8433,1245,9657,1936,,,18650000,1579,373.7,,,,,,,,,,,,,,,,
,HE 700 M,,H,EU,Steel,-,301,716,304,21,40,27,582,27.7,2.86,,,,2.56,8.513,329300,18800,29.32,7.01,9198,1237,10540,1929,,,21400000,1589,383,,,,,,,,,,,,,,,,
,HE 800 M,,H,EU,Steel,-,317,814,303,21,40,30,674,32.1,2.78,,,,2.746,8.655,442600,18630,33.09,6.79,10870,1230,12490,1930,,,27780000,1646,404.3,,,,,,,,,,,,,,,,
,HE 900 M,,H,EU,Steel,-,333,910,302,21,40,30,770,36.7,2.76,,,,2.934,8.824,570400,18450,36.7,6.6,12540,1222,14440,1929,,,34750000,1671,423.6,,,,,,,,,,,,,,,,
,HE 1000 M,,H,EU,Steel,-,349,1008,302,21,40,30,868,41.3,2.76,,,,3.13,8.978,722300,18460,40.32,6.45,14330,1222,16570,1940,,,43020000,1701,444.2,,,,,,,,,,,,,,,,
,HE 100 B,,H,EU,Steel,-,20.4,100,100,6,10,12,56,9.33,3.5,,,,0.5674,27.76,449.5,167.3,4.16,2.53,89.91,33.45,104.2,51.42,,,3233,9.309,26.04,,,,,,,,,,,,,,,,
,HE 120 B,,H,EU,Steel,-,26.7,120,120,6.5,11,12,74,11.4,4.07,,,,0.6864,25.71,864.4,317.5,5.04,3.06,144.1,52.92,165.2,80.97,,,9125,13.94,34.01,,,,,,,,,,,,,,,,
,HE 140 B,,H,EU,Steel,-,33.7,140,140,7,12,12,92,13.1,4.54,,,,0.8054,23.88,1509,549.7,5.93,3.58,215.6,78.52,245.4,119.8,,,21965,20.2,42.96,,,,,,,,,,,,,,,,
,HE 160 B,,H,EU,Steel,-,42.6,160,160,8,13,15,104,13,4.69,,,,0.9182,21.56,2492,889.2,6.78,4.05,311.5,111.2,354,170,,,46667,31.24,54.25,,,,,,,,,,,,,,,,
,HE 180 B,,H,EU,Steel,-,51.2,180,180,8.5,14,15,122,14.4,5.05,,,,1.037,20.25,3831,1363,7.66,4.57,425.7,151.4,481.4,231,,,91728,42.24,65.25,,,,,,,,,,,,,,,,
,HE 200 B,,H,EU,Steel,-,61.3,200,200,9,15,18,134,14.9,5.17,,,,1.151,18.78,5696,2003,8.54,5.07,569.6,200.3,642.5,305.8,,,167060,59.59,78.08,,,,,,,,,,,,,,,,
,HE 220 B,,H,EU,Steel,-,71.5,220,220,9.5,16,18,152,16,5.45,,,,1.27,17.77,8091,2843,9.43,5.59,735.5,258.5,827,393.9,,,289510,77.02,91.04,,,,,,,,,,,,,,,,
,HE 240 B,,H,EU,Steel,-,83.2,240,240,10,17,21,164,16.4,5.53,,,,1.384,16.63,11260,3923,10.31,6.08,938.3,326.9,1053,498.4,,,476280,103.6,105.99,,,,,,,,,,,,,,,,
,HE 260 B,,H,EU,Steel,-,93,260,260,10,17.5,24,177,17.7,5.77,,,,1.499,16.12,14920,5135,11.22,6.58,1148,395,1283,602.2,,,736280,125.7,118.44,,,,,,,,,,,,,,,,
,HE 280 B,,H,EU,Steel,-,103.1,280,280,10.5,18,24,196,18.7,6.15,,,,1.618,15.69,19270,6595,12.11,7.09,1376,471,1534,717.6,,,1107200,145.3,131.36,,,,,,,,,,,,,,,,
,HE 300 B,,H,EU,Steel,-,117,300,300,11,19,27,208,18.9,6.18,,,,1.732,14.8,25170,8563,12.99,7.58,1678,570.9,1869,870.1,,,1651000,187.4,149.08,,,,,,,,,,,,,,,,
,HE 320 B,,H,EU,Steel,-,126.7,320,300,11.5,20.5,27,225,19.6,5.72,,,,1.771,13.98,30820,9239,13.82,7.57,1926,615.9,2149,939.1,,,2026200,229.2,161.34,,,,,,,,,,,,,,,,
,HE 340 B,,H,EU,Steel,-,134.2,340,300,12,21.5,27,243,20.2,5.44,,,,1.81,13.49,36660,9690,14.65,7.53,2156,646,2408,985.7,,,2405600,262,170.9,,,,,,,,,,,,,,,,
,HE 360 B,,H,EU,Steel,-,141.8,360,300,12.5,22.5,27,261,20.9,5.19,,,,1.849,13.04,43190,10140,15.46,7.49,2400,676.1,2683,1032,,,2829300,297.9,180.63,,,,,,,,,,,,,,,,
,HE 400 B,,H,EU,Steel,-,155.3,400,300,13.5,24,27,298,22.1,4.84,,,,1.927,12.41,57680,10820,17.08,7.4,2884,721.3,3232,1104,,,3751100,361.1,197.78,,,,,,,,,,,,,,,,
,HE 450 B,,H,EU,Steel,-,171.1,450,300,14,26,27,344,24.6,4.46,,,,2.026,11.84,79890,11720,19.14,7.33,3551,781.4,3982,1198,,,5177700,448.9,217.98,,,,,,,,,,,,,,,,
,HE 500 B,,H,EU,Steel,-,187.3,500,300,14.5,28,27,390,26.9,4.13,,,,2.125,11.34,107200,12620,21.19,7.27,4287,841.6,4815,1292,,,6920700,549.9,238.64,,,,,,,,,,,,,,,,
,HE 550 B,,H,EU,Steel,-,199.4,550,300,15,29,27,438,29.2,3.98,,,,2.224,11.15,136700,13080,23.2,7.17,4971,871.8,5591,1341,,,8743900,612.3,254.06,,,,,,,,,,,,,,,,
,HE 600 B,,H,EU,Steel,-,211.9,600,300,15.5,30,27,486,31.4,3.84,,,,2.323,10.96,171000,13530,25.17,7.08,5701,902,6425,1391,,,10838000,679.6,269.96,,,,,,,,,,,,,,,,
,HE 650 B,,H,EU,Steel,-,224.8,650,300,16,31,27,534,33.4,3.71,,,,2.422,10.77,210600,13980,27.12,6.99,6480,932.3,7320,1441,,,13219000,752,286.34,,,,,,,,,,,,,,,,
,HE 700 B,,H,EU,Steel,-,240.5,700,300,17,32,27,582,34.2,3.58,,,,2.52,10.48,256900,14440,28.96,6.87,7340,962.7,8327,1495,,,15900000,841.7,306.38,,,,,,,,,,,,,,,,
,HE 800 B,,H,EU,Steel,-,262.3,800,300,17.5,33,30,674,38.5,3.37,,,,2.714,10.34,359100,14900,32.78,6.68,8977,993.6,10230,1553,,,21617000,962.1,334.18,,,,,,,,,,,,,,,,
,HE 900 B,,H,EU,Steel,-,291.5,900,300,18.5,35,30,770,41.6,3.16,,,,2.912,9.99,494100,15820,36.48,6.53,10980,1054,12580,1658,,,29196000,1154,371.28,,,,,,,,,,,,,,,,
,HE 1000 B,,H,EU,Steel,-,314,1000,300,19,36,30,868,45.7,3.07,,,,3.11,9.905,644700,16280,40.15,6.38,12890,1085,14860,1716,,,37340000,1272,400.05,,,,,,,,,,,,,,,,
,IPE80,,I,EU,Steel,-,6,80,46,3.8,5.2,5,59.6,15.7,3.1,,,,0.3278,54.64,80.14,8.489,3.24,1.05,20.03,3.691,23.22,5.818,,,118,0.7,7.64,,,,,,,,,,,,,,,,
,IPE100,,I,EU,Steel,-,8.1,100,55,4.1,5.7,7,74.6,18.2,3.24,,,,0.3998,49.33,171,15.92,4.07,1.24,34.2,5.789,39.41,9.146,,,351.4,1.21,10.32,,,,,,,,,,,,,,,,
,IPE120,,I,EU,Steel,-,10.4,120,64,4.4,6.3,7,93.4,21.2,3.62,,,,0.4752,45.82,317.8,27.67,4.9,1.45,52.96,8.646,60.73,13.58,,,889.6,1.74,13.21,,,,,,,,,,,,,,,,
,IPE140,,I,EU,Steel,-,12.9,140,73,4.7,6.9,7,112.2,23.9,3.93,,,,0.5506,42.7,541.2,44.92,5.74,1.65,77.32,12.31,88.35,19.25,,,1981,2.45,16.43,,,,,,,,,,,,,,,,
,IPE160,,I,EU,Steel,-,15.8,160,82,5,7.4,9,127.2,25.4,3.99,,,,0.6225,39.47,869.3,68.31,6.58,1.84,108.7,16.66,123.9,26.1,,,3959,3.62,20.09,,,,,,,,,,,,,,,,
,IPE180,,I,EU,Steel,-,18.8,180,91,5.3,8,9,146,27.5,4.23,,,,0.6979,37.13,1317,100.9,7.42,2.05,146.3,22.16,166.4,34.6,,,7431,4.8,23.95,,,,,,,,,,,,,,,,
,IPE200,,I,EU,Steel,-,22.4,200,100,5.6,8.5,12,159,28.4,4.14,,,,0.7682,34.36,1943,142.4,8.26,2.24,194.3,28.47,220.7,44.61,,,12990,7.02,28.48,,,,,,,,,,,,,,,,
,IPE220,,I,EU,Steel,-,26.2,220,110,5.9,9.2,12,177.6,30.1,4.35,,,,0.8476,32.36,2772,204.9,9.11,2.48,252,37.25,285.4,58.11,,,22670,9.1,33.37,,,,,,,,,,,,,,,,
,IPE240,,I,EU,Steel,-,30.7,240,120,6.2,9.8,15,190.4,30.7,4.28,,,,0.9218,30.02,3892,283.6,9.97,2.69,324.3,47.27,366.7,73.93,,,37390,12.9,39.12,,,,,,,,,,,,,,,,
,IPE270,,I,EU,Steel,-,36.1,270,135,6.6,10.2,15,219.6,33.3,4.82,,,,1.041,28.86,5790,419.9,11.23,3.02,428.9,62.2,484,96.95,,,70580,16,45.94,,,,,,,,,,,,,,,,
,IPE300,,I,EU,Steel,-,42.2,300,150,7.1,10.7,15,248.6,35,5.28,,,,1.16,27.46,8356,603.8,12.46,3.35,557.1,80.5,628.4,125.2,,,125900,20.2,53.81,,,,,,,,,,,,,,,,
,IPE330,,I,EU,Steel,-,49.1,330,160,7.5,11.5,18,271,36.1,5.07,,,,1.254,25.52,11770,788.1,13.71,3.55,713.1,98.52,804.4,153.7,,,199100,28.3,62.61,,,,,,,,,,,,,,,,
,IPE360,,I,EU,Steel,-,57.1,360,170,8,12.7,18,298.6,37.3,4.96,,,,1.353,23.7,16270,1043,14.95,3.79,903.6,122.8,1019,191.1,,,313600,37.5,72.73,,,,,,,,,,,,,,,,
,IPE400,,I,EU,Steel,-,66.3,400,180,8.6,13.5,21,331,38.5,4.79,,,,1.467,22.12,23130,1318,16.55,3.95,1156,146.4,1307,229,,,490000,51.4,84.46,,,,,,,,,,,,,,,,
,IPE450,,I,EU,Steel,-,77.6,450,190,9.4,14.6,21,378.8,40.3,4.75,,,,1.605,20.69,33740,1676,18.48,4.12,1500,176.4,1702,276.4,,,791000,67.1,98.82,,,,,,,,,,,,,,,,
,IPE500,,I,EU,Steel,-,90.7,500,200,10.2,16,21,426,41.8,4.62,,,,1.744,19.23,48200,2142,20.43,4.31,1928,214.2,2194,335.9,,,1249000,89.7,115.52,,,,,,,,,,,,,,,,
,IPE550,,I,EU,Steel,-,105.5,550,210,11.1,17.2,24,467.6,42.1,4.39,,,,1.877,17.78,67120,2668,22.35,4.45,2441,254.1,2787,400.5,,,1884000,124,134.42,,,,,,,,,,,,,,,,
,IPE600,,I,EU,Steel,-,122.4,600,220,12,19,24,514,42.8,4.21,,,,2.015,16.45,92080,3387,24.3,4.66,3069,307.9,3513,485.7,,,2846000,166,155.98,,,,,,,,,,,,,,,,
,W44X335,,I,US,Steel,AISC v15.0,498.5,1117.6,403.9,26.2,45,,,,,,,,3.76,7.55,1290000,49900,45.1,8.87,23200,2470,26500,3870,,,,3110,635,,,,,,,,,,,,,,,,
,W44X290,,I,US,Steel,AISC v15.0,431.6,1107.4,401.3,22,40.1,,,,,,,,3.74,8.67,1120000,43300,45.2,8.86,20300,2160,23100,3360,,,,2120,551,,,,,,,,,,,,,,,,
,W44X262,,I,US,Steel,AISC v15.0,389.9,1099.8,401.3,19.9,36.1,,,,,,,,3.73,9.57,1000000,38400,44.9,8.78,18200,1910,20800,2980,,,,1550,498,,,,,,,,,,,,,,,,
,W44X230,,I,US,Steel,AISC v15.0,342.3,1089.7,401.3,18,31,,,,,,,,3.71,10.9,866000,33100,44.5,8.7,15900,1650,18000,2570,,,,1040,437,,,,,,,,,,,,,,,,
,W40X655,,I,US,Steel,AISC v15.0,974.7,1107.4,429.3,50,89.9,,,,,,,,3.78,3.88,2350000,119000,43.5,9.79,42500,5570,50500,8880,,,,24500,1250,,,,,,,,,,,,,,,,
,W40X593,,I,US,Steel,AISC v15.0,882.5,1092.2,424.2,45.5,82,,,,,,,,3.74,4.24,2100000,105000,43.2,9.67,38400,4950,45200,7880,,,,18500,1120,,,,,,,,,,,,,,,,
,W40X503,,I,US,Steel,AISC v15.0,748.5,1069.3,416.6,39.1,70.1,,,,,,,,3.68,4.91,1730000,84900,42.6,9.43,32400,4080,38000,6460,,,,11500,955,,,,,,,,,,,,,,,,
,W40X431,,I,US,Steel,AISC v15.0,641.4,1049,411.5,34,59.9,,,,,,,,3.62,5.65,1450000,70300,42,9.27,27600,3420,32100,5370,,,,7370,819,,,,,,,,,,,,,,,,
,W40X397,,I,US,Steel,AISC v15.0,590.8,1041.4,408.9,31,55.9,,,,,,,,3.61,6.1,1330000,64100,42,9.22,25600,3130,29500,4920,,,,5910,755,,,,,,,,,,,,,,,,
,W40X392,,I,US,Steel,AISC v15.0,583.4,1056.6,315,36.1,64,,,,,,,,3.25,5.57,1240000,33400,40.8,6.68,23600,2120,28000,3470,,,,7160,748,,,,,,,,,,,,,,,,
,W40X372,,I,US,Steel,AISC v15.0,553.6,1031.2,408.9,29.5,52.1,,,,,,,,3.59,6.48,1230000,59100,41.7,9.13,23900,2890,27500,4540,,,,4830,710,,,,,,,,,,,,,,,,
,W40X362,,I,US,Steel,AISC v15.0,538.7,1031.2,406.4,28.4,51.1,,,,,,,,3.58,6.65,1200000,57400,41.9.9.26,23300,2830,26900,4420,,,,4540,684,,,,,,,,,,,,,,,,
,W40X331,,I,US,Steel,AISC v15.0,492.6,1036.3,309.9,31,54.1,,,,,,,,3.2,6.49,1030000,26800,40.4,6.52,19800,1730,23400,2820,,,,4370,630,,,,,,,,,,,,,,,,
,W40X327,,I,US,Steel,AISC v15.0,486.6,1036.3,307.3,30,54.1,,,,,,,,3.19,6.56,1020000,26600,40.6,6.56,19700,1730,23100,2790,,,,4290,619,,,,,,,,,,,,,,,,
,W40X324,,I,US,Steel,AISC v15.0,482.2,1021.1,403.9,25.4,46,,,,,,,,3.56,7.37,1070000,50800,41.6,9.09,20900,2510,23900,3920,,,,3300,615,,,,,,,,,,,,,,,,
,W40X297,,I,US,Steel,AISC v15.0,442,1010.9,401.3,23.6,41.9,,,,,,,,3.53,7.98,966000,45400,41.4,8.98,19100,2260,21800,3520,,,,2550,563,,,,,,,,,,,,,,,,
,W40X294,,I,US,Steel,AISC v15.0,437.5,1026.2,304.8,26.9,49,,,,,,,,3.17,7.24,912000,23400,40.5,6.49,17800,1530,20800,2460,,,,3190,556,,,,,,,,,,,,,,,,
,W40X278,,I,US,Steel,AISC v15.0,413.7,1021.1,304.8,26.2,46,,,,,,,,3.16,7.63,853000,21700,40.1,6.39,16700,1420,19500,2290,,,,2710,531,,,,,,,,,,,,,,,,
,W40X277,,I,US,Steel,AISC v15.0,412.2,1008.4,401.3,21.1,40.1,,,,,,,,3.53,8.56,912000,43300,41.6,9.07,18100,2160,20500,3340,,,,2140,526,,,,,,,,,,,,,,,,
,W40X264,,I,US,Steel,AISC v15.0,392.9,1016,302.3,24.4,43.9,,,,,,,,3.14,7.99,807000,20500,40.2,6.41,15900,1360,18500,2160,,,,2340,499,,,,,,,,,,,,,,,,
,W40X249,,I,US,Steel,AISC v15.0,370.6,1000.8,401.3,19,36.1,,,,,,,,3.52,9.49,816000,38500,41.5,9.02,16300,1920,18400,2980,,,,1590,474,,,,,,,,,,,,,,,,
,W40X235,,I,US,Steel,AISC v15.0,349.7,1008.4,302.3,21.1,40.1,,,,,,,,3.13,8.96,724000,18500,40.3,6.44,14400,1220,16600,1930,,,,1720,446,,,,,,,,,,,,,,,,
,W40X215,,I,US,Steel,AISC v15.0,320,990.6,401.3,16.5,31,,,,,,,,3.5,10.9,695000,33400,41.2,9.03,14000,1670,15800,2560,,,,1030,410,,,,,,,,,,,,,,,,
,W40X211,,I,US,Steel,AISC v15.0,314,1000.8,299.7,19,36.1,,,,,,,,3.11,9.91,645000,16200,40.1,6.37,12900,1080,14800,1720,,,,1270,401,,,,,,,,,,,,,,,,
,W40X199,,I,US,Steel,AISC v15.0,296.1,983,401.3,16.5,27.2,,,,,,,,3.49,11.8,620000,28900,40.4,8.73,12600,1440,14200,2250,,,,762,379,,,,,,,,,,,,,,,,
,W40X183,,I,US,Steel,AISC v15.0,272.3,990.6,299.7,16.5,30.5,,,,,,,,3.1,11.4,549000,13800,40,6.33,11100,919,12700,1450,,,,803,344,,,,,,,,,,,,,,,,
,W40X167,,I,US,Steel,AISC v15.0,248.5,980.4,299.7,16.5,26.2,,,,,,,,3.08,12.4,483000,11800,39,6.09,9850,786,11400,1250,,,,583,318,,,,,,,,,,,,,,,,
,W40X149,,I,US,Steel,AISC v15.0,221.7,970.3,299.7,16,21.1,,,,,,,,3.06,13.8,408000,9530,38,5.81,8410,636,9800,1020,,,,390,283,,,,,,,,,,,,,,,,
,W36X925,,I,US,Steel,AISC v15.0,1376.6,1094.7,472.4,76.7,115.1,,,,,,,,3.89,2.83,3040000,206000,41.6,10.8,55500,8700,67700,14100,,,,59500,1750,,,,,,,,,,,,,,,,
,W36X853,,I,US,Steel,AISC v15.0,1269.4,1094.7,462.3,64,115.1,,,,,,,,3.88,3.05,2910000,191000,42.4,10.9,53200,8280,64200,13200,,,,51600,1620,,,,,,,,,,,,,,,,
,W36X802,,I,US,Steel,AISC v15.0,1193.5,1082,457.2,60.5,109,,,,,,,,3.84,3.22,2700000,175000,42.1,10.7,49900,7670,60000,12200,,,,43700,1520,,,,,,,,,,,,,,,,
,W36X723,,I,US,Steel,AISC v15.0,1075.9,1061.7,452.1,55.1,99.1,,,,,,,,3.79,3.52,2390000,154000,41.7,10.6,44900,6810,53600,10800,,,,32700,1370,,,,,,,,,,,,,,,,
,W36X652,,I,US,Steel,AISC v15.0,970.3,1043.9,447,50,89.9,,,,,,,,3.73,3.85,2110000,134000,41.2,10.4,40300,6010,47700,9520,,,,24700,1240,,,,,,,,,,,,,,,,
,W36X529,,I,US,Steel,AISC v15.0,787.2,1010.9,436.9,40.9,73.9,,,,,,,,3.65,4.63,1650000,104000,40.5,10.1,32600,4740,38200,7440,,,,13600,1010,,,,,,,,,,,,,,,,
,W36X487,,I,US,Steel,AISC v15.0,724.7,998.2,434.3,38.1,68.1,,,,,,,,3.62,4.99,1500000,93700,40.3,10.1,30000,4310,34900,6750,,,,10700,923,,,,,,,,,,,,,,,,
,W36X441,,I,US,Steel,AISC v15.0,656.3,988.1,431.8,34.5,62,,,,,,,,3.59,5.47,1340000,82800,39.9,9.94,27000,3840,31300,6030,,,,8070,839,,,,,,,,,,,,,,,,
,W36X395,,I,US,Steel,AISC v15.0,587.8,975.4,426.7,31,55.9,,,,,,,,3.55,6.05,1190000,72800,39.8,9.87,24300,3410,28000,5330,,,,5910,748,,,,,,,,,,,,,,,,
,W36X361,,I,US,Steel,AISC v15.0,537.2,965.2,424.2,28.4,51.1,,,,,,,,3.53,6.57,1070000,65300,39.6,9.78,22200,3080,25400,4800,,,,4540,684,,,,,,,,,,,,,,,,
,W36X330,,I,US,Steel,AISC v15.0,491.1,957.6,421.6,25.9,47,,,,,,,,3.51,7.14,970000,59100,39.4,9.72,20300,2800,23100,4340,,,,3510,625,,,,,,,,,,,,,,,,
,W36X302,,I,US,Steel,AISC v15.0,449.4,947.4,424.2,24,42.7,,,,,,,,3.5,7.79,878000,54100,39.1,9.71,18500,2550,21000,3950,,,,2680,574,,,,,,,,,,,,,,,,
,W36X282,,I,US,Steel,AISC v15.0,419.7,942.3,421.6,22.5,39.9,,,,,,,,3.48,8.3,816000,49900,39.1,9.66,17300,2370,19500,3650,,,,2190,535,,,,,,,,,,,,,,,,
,W36X262,,I,US,Steel,AISC v15.0,389.9,937.3,421.6,21.3,36.6,,,,,,,,3.48,8.92,745000,45400,38.7,9.54,15900,2150,18000,3340,,,,1730,498,,,,,,,,,,,,,,,,
,W36X256,,I,US,Steel,AISC v15.0,381,950,309.9,24.4,43.9,,,,,,,,3.06,8.03,699000,22000,37.9,6.73,14700,1420,17000,2250,,,,2200,486,,,,,,,,,,,,,,,,
,W36X247,,I,US,Steel,AISC v15.0,367.6,932.2,419.1,20.3,34.3,,,,,,,,3.46,9.41,695000,42000,38.5,9.48,14900,2010,16900,3110,,,,1440,468,,,,,,,,,,,,,,,,
,W36X232,,I,US,Steel,AISC v15.0,345.3,942.3,307.3,22.1,39.9,,,,,,,,3.04,8.8,624000,19500,37.7,6.66,13300,1270,15300,2000,,,,1650,439,,,,,,,,,,,,,,,,
,W36X231,,I,US,Steel,AISC v15.0,343.8,927.1,419.1,19.3,32,,,,,,,,3.45,10,649000,39100,38.4,9.43,14000,1870,15800,2880,,,,1190,440,,,,,,,,,,,,,,,,
,W36X210,,I,US,Steel,AISC v15.0,312.5,932.2,309.9,21.1,34.5,,,,,,,,3.03,9.69,549000,17100,37.1,6.54,11800,1100,13700,1750,,,,1170,399,,,,,,,,,,,,,,,,
,W36X194,,I,US,Steel,AISC v15.0,288.7,927.1,307.3,19.4,32,,,,,,,,3.01,10.4,504000,15600,37,6.51,10900,1020,12600,1600,,,,924,368,,,,,,,,,,,,,,,,
,W36X182,,I,US,Steel,AISC v15.0,270.8,922,307.3,18.4,30,,,,,,,,3,11.1,470000,14400,36.9,6.46,10200,940,11800,1490,,,,770,346,,,,,,,,,,,,,,,,
,W36X170,,I,US,Steel,AISC v15.0,253,919.5,304.8,17.3,27.9,,,,,,,,2.99,11.8,437000,13300,36.8,6.43,9510,874,10900,1370,,,,629,323,,,,,,,,,,,,,,,,
,W36X160,,I,US,Steel,AISC v15.0,238.1,914.4,304.8,16.5,25.9,,,,,,,,2.98,12.5,406000,12300,36.6,6.36,8890,806,10200,1270,,,,516,303,,,,,,,,,,,,,,,,
,W36X150,,I,US,Steel,AISC v15.0,223.2,911.9,304.8,15.9,23.9,,,,,,,,2.98,13.3,376000,11200,36.3,6.27,8250,737,9520,1160,,,,420,286,,,,,,,,,,,,,,,,
,W36X135,,I,US,Steel,AISC v15.0,200.9,904.2,304.8,15.2,20.1,,,,,,,,2.96,14.8,325000,9370,35.5,6.03,7180,615,8340,978,,,,291,257,,,,,,,,,,,,,,,,
,W33X387,,I,US,Steel,AISC v15.0,575.9,914.4,411.5,32,57.9,,,,,,,,3.38,5.86,1010000,67400,37.1,9.58,22100,3280,25600,5110,,,,6160,735,,,,,,,,,,,,,,,,
,W33X354,,I,US,Steel,AISC v15.0,526.8,904.2,408.9,29.5,53.1,,,,,,,,3.35,6.36,916000,60800,36.9,9.52,20300,2970,23300,4620,,,,4790,671,,,,,,,,,,,,,,,,
,W33X318,,I,US,Steel,AISC v15.0,473.2,894.1,406.4,26.4,48,,,,,,,,3.33,7.03,812000,53700,36.6,9.42,18200,2640,20800,4100,,,,3510,605,,,,,,,,,,,,,,,,
,W33X291,,I,US,Steel,AISC v15.0,433.1,883.9,403.9,24.4,43.9,,,,,,,,3.3,7.62,737000,48300,36.5,9.35,16700,2390,19000,3700,,,,2710,552,,,,,,,,,,,,,,,,
,W33X263,,I,US,Steel,AISC v15.0,391.4,876.3,401.3,22.1,39.9,,,,,,,,3.28,8.38,662000,43300,36.4,9.31,15100,2160,17000,3310,,,,2030,499,,,,,,,,,,,,,,,,
,W33X241,,I,US,Steel,AISC v15.0,358.6,868.7,403.9,21.1,35.6,,,,,,,,3.28,9.14,591000,38800,35.9,9.2,13600,1920,15400,2980,,,,1510,459,,,,,,,,,,,,,,,,
,W33X221,,I,US,Steel,AISC v15.0,328.9,861.1,401.3,19.7,32.5,,,,,,,,3.25,9.89,537000,35000,35.7,9.11,12500,1740,14000,2690,,,,1160,421,,,,,,,,,,,,,,,,
,W33X201,,I,US,Steel,AISC v15.0,299.1,856,398.8,18.2,29.2,,,,,,,,3.24,10.8,483000,31200,35.6,9.04,11300,1560,12700,2410,,,,866,381,,,,,,,,,,,,,,,,
,W33X169,,I,US,Steel,AISC v15.0,251.5,858.5,292.1,17,31,,,,,,,,2.82,11.2,387000,12900,34.8,6.36,9010,883,10300,1380,,,,737,319,,,,,,,,,,,,,,,,
,W33X152,,I,US,Steel,AISC v15.0,226.2,850.9,294.6,16.1,26.9,,,,,,,,2.82,12.5,340000,11400,34.2,6.26,7980,771,9160,1210,,,,516,290,,,,,,,,,,,,,,,,
,W33X141,,I,US,Steel,AISC v15.0,209.8,845.8,292.1,15.4,24.4,,,,,,,,2.8,13.3,310000,10200,34,6.18,7330,701,8420,1100,,,,404,268,,,,,,,,,,,,,,,,
,W33X130,,I,US,Steel,AISC v15.0,193.5,840.7,292.1,14.7,21.7,,,,,,,,2.79,14.4,279000,9070,33.6,6.06,6640,621,7650,975,,,,307,247,,,,,,,,,,,,,,,,
,W33X118,,I,US,Steel,AISC v15.0,175.6,835.7,292.1,14,18.8,,,,,,,,2.78,15.8,246000,7780,33.1,5.9,5880,533,6800,841,,,,221,224,,,,,,,,,,,,,,,,
,W30X391,,I,US,Steel,AISC v15.0,581.9,843.3,396.2,34.5,62,,,,,,,,3.17,5.44,862000,64500,34.1,9.33,20400,3260,23800,5080,,,,7200,742,,,,,,,,,,,,,,,,
,W30X357,,I,US,Steel,AISC v15.0,531.3,833.1,393.7,31.5,56.9,,,,,,,,3.14,5.92,778000,57900,33.9,9.24,18700,2940,21600,4570,,,,5580,677,,,,,,,,,,,,,,,,
,W30X326,,I,US,Steel,AISC v15.0,485.1,823,391.2,29,52.1,,,,,,,,3.12,6.43,699000,51600,33.6,9.13,17000,2640,19500,4130,,,,4290,619,,,,,,,,,,,,,,,,
,W30X292,,I,US,Steel,AISC v15.0,434.5,812.8,388.6,25.9,47,,,,,,,,3.09,7.12,620000,45800,33.4,9.08,15300,2360,17400,3650,,,,3130,555,,,,,,,,,,,,,,,,
,W30X261,,I,US,Steel,AISC v15.0,388.4,802.6,386.1,23.6,41.9,,,,,,,,3.07,7.9,545000,39900,33.1,8.96,13600,2070,15500,3210,,,,2250,497,,,,,,,,,,,,,,,,
,W30X235,,I,US,Steel,AISC v15.0,349.7,795,383.5,21.1,38.1,,,,,,,,3.05,8.71,487000,35600,33,8.92,12300,1860,13900,2870,,,,1680,447,,,,,,,,,,,,,,,,
,W30X211,,I,US,Steel,AISC v15.0,314,784.9,383.5,19.7,33.5,,,,,,,,3.03,9.65,429000,31500,32.7,8.85,10900,1640,12300,2540,,,,1180,402,,,,,,,,,,,,,,,,
,W30X191,,I,US,Steel,AISC v15.0,284.2,779.8,381,18,30.2,,,,,,,,3.01,10.6,383000,28000,32.5,8.8,9820,1470,11100,2260,,,,874,362,,,,,,,,,,,,,,,,
,W30X173,,I,US,Steel,AISC v15.0,257.5,772.2,381,16.6,27.2,,,,,,,,3,11.7,343000,24900,32.3,8.71,8870,1310,9950,2020,,,,649,328,,,,,,,,,,,,,,,,
,W30X148,,I,US,Steel,AISC v15.0,220.2,779.8,266.7,16.5,30,,,,,,,,2.56,11.6,278000,9450,31.4,5.8,7130,709,8190,1110,,,,604,281,,,,,,,,,,,,,,,,
,W30X132,,I,US,Steel,AISC v15.0,196.4,769.6,266.7,15.6,25.4,,,,,,,,2.55,13,240000,8160,31,5.71,6240,612,7160,957,,,,405,250,,,,,,,,,,,,,,,,
,W30X124,,I,US,Steel,AISC v15.0,184.5,767.1,266.7,14.9,23.6,,,,,,,,2.54,13.8,223000,7530,30.8,5.66,5820,565,6690,885,,,,333,235,,,,,,,,,,,,,,,,
,W30X116,,I,US,Steel,AISC v15.0,172.6,762,266.7,14.4,21.6,,,,,,,,2.53,14.7,205000,6830,30.5,5.56,5390,512,6190,806,,,,268,221,,,,,,,,,,,,,,,,
,W30X108,,I,US,Steel,AISC v15.0,160.7,756.9,266.7,13.8,19.3,,,,,,,,2.52,15.7,186000,6080,30.2,5.45,4920,456,5670,719,,,,208,205,,,,,,,,,,,,,,,,
,W30X99,,I,US,Steel,AISC v15.0,147.3,754.4,266.7,13.2,17,,,,,,,,2.52,17.1,166000,5330,29.8,5.34,4400,400,5110,633,,,,157,187,,,,,,,,,,,,,,,,
,W30X90,,I,US,Steel,AISC v15.0,133.9,749.3,264.2,11.9,15.5,,,,,,,,2.5,18.7,150000,4790,29.8,5.31,4010,362,4640,569,,,,118,170,,,,,,,,,,,,,,,,
,W27X539,,I,US,Steel,AISC v15.0,802.1,825.5,388.6,50,89.9,,,,,,,,3.07,3.83,1070000,87800,32.2,9.25,25800,4520,31000,7160,,,,20600,1030,,,,,,,,,,,,,,,,
,W27X368,,I,US,Steel,AISC v15.0,547.6,772.2,373.4,35.1,63,,,,,,,,2.93,5.36,674000,54500,31,8.81,17500,2920,20300,4570,,,,7080,703,,,,,,,,,,,,,,,,
,W27X336,,I,US,Steel,AISC v15.0,500,762,370.8,32,57.9,,,,,,,,2.91,5.82,608000,49100,30.8,8.76,16000,2650,18500,4130,,,,5450,640,,,,,,,,,,,,,,,,
,W27X307,,I,US,Steel,AISC v15.0,456.9,751.8,365.8,29.5,53.1,,,,,,,,2.87,6.29,545000,43700,30.6,8.67,14500,2390,16900,3720,,,,4200,582,,,,,,,,,,,,,,,,
,W27X281,,I,US,Steel,AISC v15.0,418.2,744.2,365.8,26.9,49,,,,,,,,2.86,6.85,495000,39700,30.4,8.6,13300,2170,15300,3380,,,,3310,536,,,,,,,,,,,,,,,,
,W27X258,,I,US,Steel,AISC v15.0,383.9,736.6,363.2,24.9,45,,,,,,,,2.84,7.4,450000,35800,30.3,8.53,12200,1970,14000,3060,,,,2560,491,,,,,,,,,,,,,,,,
,W27X235,,I,US,Steel,AISC v15.0,349.7,729,360.7,23.1,40.9,,,,,,,,2.82,8.06,404000,32000,30,8.46,11100,1770,12700,2750,,,,1960,448,,,,,,,,,,,,,,,,
,W27X217,,I,US,Steel,AISC v15.0,322.9,721.4,358.1,21.1,38.1,,,,,,,,2.8,8.67,371000,29300,30,8.43,10300,1640,11700,2520,,,,1570,412,,,,,,,,,,,,,,,,
,W27X194,,I,US,Steel,AISC v15.0,288.7,713.7,355.6,19,34,,,,,,,,2.78,9.62,327000,25800,29.8,8.36,9170,1450,10300,2230,,,,1130,368,,,,,,,,,,,,,,,,
,W27X178,,I,US,Steel,AISC v15.0,264.9,706.1,358.1,18.4,30.2,,,,,,,,2.77,10.5,292000,23100,29.4,8.26,8280,1290,9340,2000,,,,837,339,,,,,,,,,,,,,,,,
,W27X161,,I,US,Steel,AISC v15.0,239.6,701,355.6,16.8,27.4,,,,,,,,2.76,11.5,263000,20700,29.2,8.21,7490,1160,8440,1790,,,,629,307,,,,,,,,,,,,,,,,
,W27X146,,I,US,Steel,AISC v15.0,217.3,696,355.6,15.4,24.8,,,,,,,,2.75,12.7,236000,18400,29.1,8.13,6770,1040,7600,1600,,,,470,279,,,,,,,,,,,,,,,,
,W27X129,,I,US,Steel,AISC v15.0,192,701,254,15.5,27.9,,,,,,,,2.36,12.3,198000,7660,28.5,5.6,5650,603,6470,944,,,,462,244,,,,,,,,,,,,,,,,
,W27X114,,I,US,Steel,AISC v15.0,169.7,693.4,256.5,14.5,23.6,,,,,,,,2.36,13.9,170000,6620,28,5.53,4900,516,5620,808,,,,305,217,,,,,,,,,,,,,,,,
,W27X102,,I,US,Steel,AISC v15.0,151.8,688.3,254,13.1,21.1,,,,,,,,2.34,15.4,151000,5790,27.9,5.47,4380,456,5000,711,,,,220,194,,,,,,,,,,,,,,,,
,W27X94,,I,US,Steel,AISC v15.0,139.9,683.3,254,12.4,18.9,,,,,,,,2.33,16.7,136000,5160,27.6,5.38,3980,406,4560,636,,,,168,178,,,,,,,,,,,,,,,,
,W27X84,,I,US,Steel,AISC v15.0,125,678.2,254,11.7,16.3,,,,,,,,2.32,18.6,119000,4410,27.3,5.26,3500,347,4000,544,,,,117,159,,,,,,,,,,,,,,,,
,W24X370,,I,US,Steel,AISC v15.0,550.6,711.2,348,38.6,69.1,,,,,,,,2.72,4.93,558000,48300,28.2,8.29,15700,2780,18500,4380,,,,8370,703,,,,,,,,,,,,,,,,
,W24X335,,I,US,Steel,AISC v15.0,498.5,698.5,342.9,35.1,63,,,,,,,,2.68,5.37,495000,42900,27.9,8.22,14200,2500,16700,3900,,,,6330,634,,,,,,,,,,,,,,,,
,W24X306,,I,US,Steel,AISC v15.0,455.4,688.3,340.4,32,57.9,,,,,,,,2.65,5.82,445000,38300,27.7,8.13,12900,2250,15100,3510,,,,4870,579,,,,,,,,,,,,,,,,
,W24X279,,I,US,Steel,AISC v15.0,415.2,678.2,337.8,29.5,53.1,,,,,,,,2.63,6.33,400000,34300,27.5,8.05,11800,2030,13700,3160,,,,3770,528,,,,,,,,,,,,,,,,
,W24X250,,I,US,Steel,AISC v15.0,372,668,335.3,26.4,48,,,,,,,,2.6,6.99,353000,30100,27.3,7.97,10600,1800,12200,2800,,,,2770,474,,,,,,,,,,,,,,,,
,W24X229,,I,US,Steel,AISC v15.0,340.8,660.4,332.7,24.4,43.9,,,,,,,,2.58,7.57,318000,27100,27.1,7.91,9640,1630,11100,2520,,,,2140,434,,,,,,,,,,,,,,,,
,W24X207,,I,US,Steel,AISC v15.0,308,652.8,330.2,22.1,39.9,,,,,,,,2.56,8.31,284000,24100,26.9,7.84,8700,1460,9930,2250,,,,1590,392,,,,,,,,,,,,,,,,
,W24X192,,I,US,Steel,AISC v15.0,285.7,647.7,330.2,20.6,37.1,,,,,,,,2.55,8.94,261000,22100,26.7,7.78,8050,1340,9160,2060,,,,1280,365,,,,,,,,,,,,,,,,
,W24X176,,I,US,Steel,AISC v15.0,261.9,640.1,327.7,19,34,,,,,,,,2.53,9.66,236000,19900,26.6,7.73,7390,1220,8370,1880,,,,995,334,,,,,,,,,,,,,,,,
,W24X162,,I,US,Steel,AISC v15.0,241.1,635,330.2,17.9,31,,,,,,,,2.53,10.5,215000,18400,26.4,7.73,6780,1120,7670,1720,,,,770,308,,,,,,,,,,,,,,,,
,W24X146,,I,US,Steel,AISC v15.0,217.3,627.4,327.7,16.5,27.7,,,,,,,,2.51,11.6,191000,16300,26.2,7.66,6080,993,6850,1530,,,,558,277,,,,,,,,,,,,,,,,
,W24X131,,I,US,Steel,AISC v15.0,194.9,622.3,327.7,15.4,24.4,,,,,,,,2.5,12.8,167000,14200,25.9,7.54,5380,864,6060,1340,,,,395,249,,,,,,,,,,,,,,,,
,W24X117,,I,US,Steel,AISC v15.0,174.1,617.2,325.1,14,21.6,,,,,,,,2.49,14.3,147000,12400,25.8,7.46,4770,760,5360,1170,,,,280,222,,,,,,,,,,,,,,,,
,W24X104,,I,US,Steel,AISC v15.0,154.8,612.1,325.1,12.7,19,,,,,,,,2.48,16,129000,10800,25.5,7.38,4220,663,4740,1020,,,,196,198,,,,,,,,,,,,,,,,
,W24X103,,I,US,Steel,AISC v15.0,153.3,622.3,228.6,14,24.9,,,,,,,,2.11,13.8,125000,4950,25.3,5.03,4010,433,4590,680,,,,294,195,,,,,,,,,,,,,,,,
,W24X94,,I,US,Steel,AISC v15.0,139.9,617.2,230.4,13.1,22.2,,,,,,,,2.11,15.1,112000,4540,25.1,5.04,3640,394,4160,615,,,,219,179,,,,,,,,,,,,,,,,
,W24X84,,I,US,Steel,AISC v15.0,125,612.1,229.1,11.9,19.6,,,,,,,,2.09,16.8,98600,3930,24.9,4.97,3220,343,3670,534,,,,154,159,,,,,,,,,,,,,,,,
,W24X76,,I,US,Steel,AISC v15.0,113.1,607.1,228.3,11.2,17.3,,,,,,,,2.08,18.4,87400,3430,24.6,4.87,2880,301,3280,469,,,,112,145,,,,,,,,,,,,,,,,
,W24X68,,I,US,Steel,AISC v15.0,101.2,602,227.8,10.5,14.9,,,,,,,,2.07,20.5,76200,2930,24.2,4.75,2530,257,2900,401,,,,77.8,130,,,,,,,,,,,,,,,,
,W24X62,,I,US,Steel,AISC v15.0,92.3,602,178.8,10.9,15,,,,,,,,1.88,20.3,64500,1440,23.4,3.5,2140,161,2510,257,,,,71.2,117,,,,,,,,,,,,,,,,
,W24X55,,I,US,Steel,AISC v15.0,81.8,599.4,178.1,10,12.8,,,,,,,,1.87,22.8,56200,1210,23.2,3.4,1870,136,2200,218,,,,49.1,105,,,,,,,,,,,,,,,,
,W21X275,,I,US,Steel,AISC v15.0,409.2,612.1,327.7,31,55.6,,,,,,,,2.42,5.92,320000,32800,24.6,7.88,10500,2000,12300,3130,,,,4450,528,,,,,,,,,,,,,,,,
,W21X248,,I,US,Steel,AISC v15.0,369.1,602,325.1,27.9,50.5,,,,,,,,2.4,6.5,284000,29100,24.4,7.82,9450,1790,11000,2790,,,,3360,476,,,,,,,,,,,,,,,,
,W21X223,,I,US,Steel,AISC v15.0,331.9,594.4,322.6,25.4,45.5,,,,,,,,2.38,7.16,253000,25600,24.3,7.72,8520,1580,9850,2460,,,,2480,429,,,,,,,,,,,,,,,,
,W21X201,,I,US,Steel,AISC v15.0,299.1,584.2,320,23.1,41.4,,,,,,,,2.38,7.96,221000,22600,24,7.68,7570,1410,8690,2180,,,,1700,383,,,,,,,,,,,,,,,,
,W21X182,,I,US,Steel,AISC v15.0,270.8,576.6,317.5,21.1,37.6,,,,,,,,2.36,8.71,197000,20100,23.9,7.62,6830,1270,7800,1950,,,,1280,346,,,,,,,,,,,,,,,,
,W21X166,,I,US,Steel,AISC v15.0,247,571.5,315,19,34.5,,,,,,,,2.34,9.48,178000,18100,23.8,7.58,6230,1150,7080,1770,,,,982,315,,,,,,,,,,,,,,,,
,W21X147,,I,US,Steel,AISC v15.0,218.8,561.3,317.5,18.3,29.2,,,,,,,,2.33,10.7,151000,15700,23.3,7.49,5380,986,6110,1520,,,,641,279,,,,,,,,,,,,,,,,
,W21X132,,I,US,Steel,AISC v15.0,196.4,553.7,315,16.5,26.4,,,,,,,,2.31,11.8,134000,13900,23.1,7.44,4840,880,5460,1350,,,,470,250,,,,,,,,,,,,,,,,
,W21X122,,I,US,Steel,AISC v15.0,181.6,551.2,315,15.2,24.4,,,,,,,,2.31,12.7,123000,12700,23.1,7.4,4470,806,5030,1240,,,,374,232,,,,,,,,,,,,,,,,
,W21X111,,I,US,Steel,AISC v15.0,165.2,546.1,312.4,14,22.2,,,,,,,,2.29,13.9,111000,11400,23,7.36,4070,730,4570,1120,,,,284,210,,,,,,,,,,,,,,,,
,W21X101,,I,US,Steel,AISC v15.0,150.3,543.6,312.4,12.7,20.3,,,,,,,,2.29,15.2,101000,10300,22.9,7.33,3710,661,4150,1010,,,,217,192,,,,,,,,,,,,,,,,
,W21X93,,I,US,Steel,AISC v15.0,138.4,548.6,213.9,14.7,23.6,,,,,,,,1.9,13.7,86200,3870,22.1,4.69,3140,362,3620,569,,,,251,176,,,,,,,,,,,,,,,,
,W21X83,,I,US,Steel,AISC v15.0,123.5,543.6,212.3,13.1,21.2,,,,,,,,1.89,15.3,76200,3390,22,4.64,2800,319,3210,500,,,,181,157,,,,,,,,,,,,,,,,
,W21X73,,I,US,Steel,AISC v15.0,108.6,538.5,210.8,11.6,18.8,,,,,,,,1.88,17.3,66600,2940,21.9,4.6,2470,279,2820,436,,,,126,139,,,,,,,,,,,,,,,,
,W21X68,,I,US,Steel,AISC v15.0,101.2,535.9,210.1,10.9,17.4,,,,,,,,1.87,18.5,61600,2690,21.8,4.57,2300,256,2620,400,,,,102,129,,,,,,,,,,,,,,,,
,W21X62,,I,US,Steel,AISC v15.0,92.3,533.4,209.3,10.2,15.6,,,,,,,,1.86,20.2,55400,2390,21.7,4.5,2080,229,2360,356,,,,76.2,118,,,,,,,,,,,,,,,,
,W21X57,,I,US,Steel,AISC v15.0,84.8,535.9,166.6,10.3,16.5,,,,,,,,1.7,20,48700,1270,21.3,3.44,1820,153,2110,243,,,,73.7,108,,,,,,,,,,,,,,,,
,W21X55,,I,US,Steel,AISC v15.0,81.8,528.3,208.8,9.5,13.3,,,,,,,,1.85,22.6,47500,2010,21.3,4.39,1800,193,2060,302,,,,51.6,105,,,,,,,,,,,,,,,,
,W21X50,,I,US,Steel,AISC v15.0,74.4,528.3,165.9,9.7,13.6,,,,,,,,1.68,22.6,41000,1040,20.8,3.31,1550,125,1800,200,,,,47.5,94.8,,,,,,,,,,,,,,,,
,W21X48,,I,US,Steel,AISC v15.0,71.4,523.2,206.8,8.9,10.9,,,,,,,,1.83,25.7,39900,1610,20.9,4.21,1530,156,1750,244,,,,33.4,91,,,,,,,,,,,,,,,,
,W21X44,,I,US,Steel,AISC v15.0,65.5,525.8,165.1,8.9,11.4,,,,,,,,1.67,25.5,35100,862,20.5,3.21,1330,104,1560,167,,,,32,83.9,,,,,,,,,,,,,,,,
,W18X311,,I,US,Steel,AISC v15.0,462.8,566.4,304.8,38.6,69.6,,,,,,,,2.25,4.87,290000,33100,22.2,7.48,10200,2170,12400,3390,,,,7330,591,,,,,,,,,,,,,,,,
,W18X283,,I,US,Steel,AISC v15.0,421.2,556.3,302.3,35.6,63.5,,,,,,,,2.23,5.29,257000,29300,21.9,7.38,9230,1940,11100,3030,,,,5580,537,,,,,,,,,,,,,,,,
,W18X258,,I,US,Steel,AISC v15.0,383.9,546.1,299.7,32.5,58.4,,,,,,,,2.21,5.75,229000,26100,21.6,7.3,8400,1740,10000,2720,,,,4290,490,,,,,,,,,,,,,,,,
,W18X234,,I,US,Steel,AISC v15.0,348.2,535.9,297.2,29.5,53.6,,,,,,,,2.18,6.27,204000,23200,21.5,7.24,7610,1560,9000,2440,,,,3280,443,,,,,,,,,,,,,,,,
,W18X211,,I,US,Steel,AISC v15.0,314,525.8,294.6,26.9,48.5,,,,,,,,2.16,6.88,180000,20500,21.2,7.15,6860,1390,8030,2160,,,,2440,402,,,,,,,,,,,,,,,,
,W18X192,,I,US,Steel,AISC v15.0,285.7,518.2,292.1,24.4,44.4,,,,,,,,2.14,7.48,161000,18300,21.1,7.11,6220,1250,7240,1950,,,,1860,363,,,,,,,,,,,,,,,,
,W18X175,,I,US,Steel,AISC v15.0,260.4,508,289.6,22.6,40.4,,,,,,,,2.11,8.11,144000,16300,20.8,7.01,5650,1120,6520,1740,,,,1410,332,,,,,,,,,,,,,,,,
,W18X158,,I,US,Steel,AISC v15.0,235.1,500.4,287,20.6,36.6,,,,,,,,2.09,8.89,127000,14400,20.6,6.95,5090,1010,5830,1550,,,,1050,299,,,,,,,,,,,,,,,,
,W18X143,,I,US,Steel,AISC v15.0,212.8,495.3,284.5,18.5,33.5,,,,,,,,2.07,9.75,114000,12900,20.6,6.91,4620,910,5280,1400,,,,799,271,,,,,,,,,,,,,,,,
,W18X130,,I,US,Steel,AISC v15.0,193.5,490.2,284.5,17,30.5,,,,,,,,2.07,10.7,102000,11600,20.4,6.84,4180,814,4750,1260,,,,604,247,,,,,,,,,,,,,,,,
,W18X119,,I,US,Steel,AISC v15.0,177.1,482.6,287,16.6,26.9,,,,,,,,2.06,11.6,91200,10500,20.1,6.82,3780,734,4290,1130,,,,441,226,,,,,,,,,,,,,,,,
,W18X106,,I,US,Steel,AISC v15.0,157.7,475,284.5,15,23.9,,,,,,,,2.04,12.9,79500,9160,19.9,6.76,3350,644,3770,991,,,,311,201,,,,,,,,,,,,,,,,
,W18X97,,I,US,Steel,AISC v15.0,144.4,472.4,281.9,13.6,22.1,,,,,,,,2.03,14,72800,8370,19.9,6.75,3080,593,3460,906,,,,244,184,,,,,,,,,,,,,,,,
,W18X86,,I,US,Steel,AISC v15.0,128,467.4,281.9,12.2,19.6,,,,,,,,2.02,15.8,63700,7280,19.8,6.68,2730,517,3050,793,,,,171,163,,,,,,,,,,,,,,,,
,W18X76,,I,US,Steel,AISC v15.0,113.1,462.3,279.4,10.8,17.3,,,,,,,,2,17.7,55400,6330,19.6,6.63,2400,453,2670,692,,,,118,144,,,,,,,,,,,,,,,,
,W18X71,,I,US,Steel,AISC v15.0,105.7,469.9,194.1,12.6,20.6,,,,,,,,1.67,15.8,48700,2510,19,4.31,2070,259,2390,405,,,,145,135,,,,,,,,,,,,,,,,
,W18X65,,I,US,Steel,AISC v15.0,96.7,467.4,192.8,11.4,19,,,,,,,,1.67,17.2,44500,2280,19,4.3,1910,237,2180,369,,,,114,123,,,,,,,,,,,,,,,,
,W18X60,,I,US,Steel,AISC v15.0,89.3,462.3,192,10.5,17.7,,,,,,,,1.65,18.5,41000,2090,19,4.29,1770,217,2020,338,,,,90.3,114,,,,,,,,,,,,,,,,
,W18X55,,I,US,Steel,AISC v15.0,81.8,459.7,191.3,9.9,16,,,,,,,,1.65,20.1,37000,1870,18.8,4.23,1610,195,1840,303,,,,69.1,105,,,,,,,,,,,,,,,,
,W18X50,,I,US,Steel,AISC v15.0,74.4,457.2,190.5,9,14.5,,,,,,,,1.64,22.1,33300,1670,18.7,4.2,1460,175,1660,272,,,,51.6,94.8,,,,,,,,,,,,,,,,
,W18X46,,I,US,Steel,AISC v15.0,68.5,459.7,153.9,9.1,15.4,,,,,,,,1.5,21.9,29600,937,18.4,3.28,1290,122,1490,192,,,,50.8,87.1,,,,,,,,,,,,,,,,
,W18X40,,I,US,Steel,AISC v15.0,59.5,454.7,152.9,8,13.3,,,,,,,,1.49,25,25500,795,18.3,3.23,1120,104,1280,164,,,,33.7,76.1,,,,,,,,,,,,,,,,
,W18X35,,I,US,Steel,AISC v15.0,52.1,449.6,152.4,7.6,10.8,,,,,,,,1.48,28.3,21200,637,17.9,3.1,944,83.6,1090,132,,,,21.1,66.5,,,,,,,,,,,,,,,,
,W16X100,,I,US,Steel,AISC v15.0,148.8,431.8,264.2,14.9,25,,,,,,,,1.87,12.6,62000,7740,18.1,6.39,2870,586,3240,900,,,,322,190,,,,,,,,,,,,,,,,
,W16X89,,I,US,Steel,AISC v15.0,132.4,426.7,264.2,13.3,22.2,,,,,,,,1.87,14.1,54100,6780,17.9,6.34,2540,514,2870,788,,,,227,169,,,,,,,,,,,,,,,,
,W16X77,,I,US,Steel,AISC v15.0,114.6,419.1,261.6,11.6,19.3,,,,,,,,1.84,16.1,46200,5740,17.8,6.28,2200,439,2460,674,,,,149,146,,,,,,,,,,,,,,,,
,W16X67,,I,US,Steel,AISC v15.0,99.7,414,259.1,10,16.9,,,,,,,,1.83,18.3,39700,4950,17.7,6.26,1920,382,2130,582,,,,99.5,126,,,,,,,,,,,,,,,,
,W16X57,,I,US,Steel,AISC v15.0,84.8,416.6,180.8,10.9,18.2,,,,,,,,1.52,17.9,31600,1790,17.1,4.07,1510,198,1720,310,,,,92.4,108,,,,,,,,,,,,,,,,
,W16X50,,I,US,Steel,AISC v15.0,74.4,414,179.6,9.7,16,,,,,,,,1.51,20.3,27400,1550,17,4.04,1330,172,1510,267,,,,63.3,94.8,,,,,,,,,,,,,,,,
,W16X45,,I,US,Steel,AISC v15.0,67,408.9,178.8,8.8,14.4,,,,,,,,1.5,22.4,24400,1370,16.9,3.99,1190,153,1350,238,,,,46.2,85.8,,,,,,,,,,,,,,,,
,W16X40,,I,US,Steel,AISC v15.0,59.5,406.4,177.8,7.7,12.8,,,,,,,,1.49,25,21600,1200,16.8,3.98,1060,135,1200,208,,,,33,76.1,,,,,,,,,,,,,,,,
,W16X36,,I,US,Steel,AISC v15.0,53.6,403.9,177.5,7.5,10.9,,,,,,,,1.49,27.7,18600,1020,16.5,3.86,923,115,1050,177,,,,22.7,68.4,,,,,,,,,,,,,,,,
,W16X31,,I,US,Steel,AISC v15.0,46.1,403.9,140.5,7,11.2,,,,,,,,1.34,29,15600,516,16.3,2.96,773,73.5,885,115,,,,19.2,58.9,,,,,,,,,,,,,,,,
,W16X26,,I,US,Steel,AISC v15.0,38.7,398.8,139.7,6.4,8.8,,,,,,,,1.33,34.3,12500,399,15.9,2.84,628,57.1,724,89.8,,,,10.9,49.5,,,,,,,,,,,,,,,,
,W14X873,,I,US,Steel,AISC v15.0,1299.2,599.4,477.5,100.1,140,,,,,,,,2.88,2.22,753000,257000,21.3,12.4,25100,10800,33300,16700,,,,94500,1660,,,,,,,,,,,,,,,,
,W14X808,,I,US,Steel,AISC v15.0,1202.4,579.1,472.4,95,130,,,,,,,,2.83,2.36,662000,231000,20.8,12.3,22900,9780,30000,15200,,,,76600,1540,,,,,,,,,,,,,,,,
,W14X730,,I,US,Steel,AISC v15.0,1086.4,569,454.7,78,124.7,,,,,,,,2.77,2.55,595000,196000,20.7,11.9,20900,8640,27200,13400,,,,60400,1390,,,,,,,,,,,,,,,,
,W14X665,,I,US,Steel,AISC v15.0,989.6,548.6,449.6,71.9,114.8,,,,,,,,2.73,2.75,516000,174000,20.2,11.7,18800,7720,24300,12000,,,,46600,1260,,,,,,,,,,,,,,,,
,W14X605,,I,US,Steel,AISC v15.0,900.3,530.9,442,66,105.7,,,,,,,,2.67,2.97,450000,153000,19.8,11.5,16900,6930,21600,10700,,,,36200,1150,,,,,,,,,,,,,,,,
,W14X550,,I,US,Steel,AISC v15.0,818.5,513.1,436.9,60.5,97,,,,,,,,2.63,3.21,393000,135000,19.4,11.4,15300,6190,19300,9550,,,,27800,1050,,,,,,,,,,,,,,,,
,W14X500,,I,US,Steel,AISC v15.0,744.1,497.8,431.8,55.6,88.9,,,,,,,,2.59,3.47,342000,120000,19,11.2,13700,5550,17200,8550,,,,21400,948,,,,,,,,,,,,,,,,
,W14X455,,I,US,Steel,AISC v15.0,677.1,482.6,426.7,51.3,81.5,,,,,,,,2.54,3.76,299000,107000,18.6,11.1,12400,4990,15300,7670,,,,16400,865,,,,,,,,,,,,,,,,
,W14X426,,I,US,Steel,AISC v15.0,634,475,424.2,47.8,77.2,,,,,,,,2.53,3.98,275000,98200,18.5,11,11600,4630,14200,7110,,,,13800,806,,,,,,,,,,,,,,,,
,W14X398,,I,US,Steel,AISC v15.0,592.3,464.8,421.6,45,72.4,,,,,,,,2.5,4.22,250000,90300,18.2,10.9,10700,4280,13100,6590,,,,11400,755,,,,,,,,,,,,,,,,
,W14X370,,I,US,Steel,AISC v15.0,550.6,454.7,419.1,42.2,67.6,,,,,,,,2.48,4.5,226000,82800,17.9,10.9,9960,3950,12100,6060,,,,9240,703,,,,,,,,,,,,,,,,
,W14X342,,I,US,Steel,AISC v15.0,509,444.5,416.6,39.1,62.7,,,,,,,,2.45,4.82,204000,75300,17.7,10.8,9180,3620,11000,5540,,,,7410,652,,,,,,,,,,,,,,,,
,W14X311,,I,US,Steel,AISC v15.0,462.8,434.3,411.5,35.8,57.4,,,,,,,,2.42,5.22,180000,67000,17.5,10.7,8300,3260,9880,4980,,,,5660,590,,,,,,,,,,,,,,,,
,W14X283,,I,US,Steel,AISC v15.0,421.2,424.2,408.9,32.8,52.6,,,,,,,,2.39,5.68,160000,59900,17.2,10.6,7540,2930,8880,4490,,,,4330,537,,,,,,,,,,,,,,,,
,W14X257,,I,US,Steel,AISC v15.0,382.5,416.6,406.4,30,48,,,,,,,,2.37,6.2,142000,53700,17,10.5,6790,2640,7980,4030,,,,3290,488,,,,,,,,,,,,,,,,
,W14X233,,I,US,Steel,AISC v15.0,346.7,406.4,403.9,27.2,43.7,,,,,,,,2.35,6.77,125000,47900,16.8,10.4,6170,2370,7140,3620,,,,2480,442,,,,,,,,,,,,,,,,
,W14X211,,I,US,Steel,AISC v15.0,314,398.8,401.3,24.9,39.6,,,,,,,,2.33,7.41,111000,42900,16.6,10.4,5550,2140,6390,3240,,,,1860,400,,,,,,,,,,,,,,,,
,W14X193,,I,US,Steel,AISC v15.0,287.2,393.7,398.8,22.6,36.6,,,,,,,,2.31,8.05,99900,38800,16.5,10.3,5070,1940,5820,2950,,,,1450,366,,,,,,,,,,,,,,,,
,W14X176,,I,US,Steel,AISC v15.0,261.9,386.1,398.8,21.1,33.3,,,,,,,,2.3,8.78,89100,34900,16.3,10.2,4610,1750,5240,2670,,,,1100,334,,,,,,,,,,,,,,,,
,W14X159,,I,US,Steel,AISC v15.0,236.6,381,396.2,18.9,30.2,,,,,,,,2.28,9.65,79100,31100,16.2,10.2,4150,1570,4700,2390,,,,820,301,,,,,,,,,,,,,,,,
,W14X145,,I,US,Steel,AISC v15.0,215.8,375.9,393.7,17.3,27.7,,,,,,,,2.27,10.5,71200,28200,16.1,10.1,3790,1430,4260,2180,,,,633,275,,,,,,,,,,,,,,,,
,W14X132,,I,US,Steel,AISC v15.0,196.4,373.4,373.4,16.4,26.2,,,,,,,,2.18,11.1,63700,22800,16,9.55,3410,1220,3830,1850,,,,512,250,,,,,,,,,,,,,,,,
,W14X120,,I,US,Steel,AISC v15.0,178.6,368.3,373.4,15,23.9,,,,,,,,2.17,12.2,57400,20600,15.9,9.51,3120,1100,3470,1670,,,,390,228,,,,,,,,,,,,,,,,
,W14X109,,I,US,Steel,AISC v15.0,162.2,363.2,370.8,13.3,21.8,,,,,,,,2.16,13.3,51600,18600,15.8,9.49,2840,1000,3150,1520,,,,296,206,,,,,,,,,,,,,,,,
,W14X99,,I,US,Steel,AISC v15.0,147.3,360.7,370.8,12.3,19.8,,,,,,,,2.15,14.6,46200,16700,15.7,9.44,2560,902,2830,1370,,,,224,188,,,,,,,,,,,,,,,,
,W14X90,,I,US,Steel,AISC v15.0,133.9,355.6,368.3,11.2,18,,,,,,,,2.14,15.9,41600,15100,15.6,9.39,2340,818,2570,1240,,,,169,171,,,,,,,,,,,,,,,,
,W14X82,,I,US,Steel,AISC v15.0,122,363.2,256.5,13,21.7,,,,,,,,1.7,13.9,36700,6160,15.4,6.31,2020,480,2280,734,,,,211,155,,,,,,,,,,,,,,,,
,W14X74,,I,US,Steel,AISC v15.0,110.1,360.7,256.5,11.4,19.9,,,,,,,,1.7,15.4,33100,5580,15.3,6.3,1830,435,2060,664,,,,161,141,,,,,,,,,,,,,,,,
,W14X68,,I,US,Steel,AISC v15.0,101.2,355.6,254,10.5,18.3,,,,,,,,1.68,16.6,30100,5040,15.3,6.25,1690,397,1880,605,,,,125,129,,,,,,,,,,,,,,,,
,W14X61,,I,US,Steel,AISC v15.0,90.8,353.1,254,9.5,16.4,,,,,,,,1.68,18.5,26600,4450,15.2,6.21,1510,351,1670,537,,,,91.2,115,,,,,,,,,,,,,,,,
,W14X53,,I,US,Steel,AISC v15.0,78.9,353.1,204.7,9.4,16.8,,,,,,,,1.48,18.8,22500,2400,15,4.88,1280,235,1430,361,,,,80.7,101,,,,,,,,,,,,,,,,
,W14X48,,I,US,Steel,AISC v15.0,71.4,350.5,204,8.6,15.1,,,,,,,,1.47,20.6,20100,2140,14.9,4.85,1150,210,1280,321,,,,60.4,91,,,,,,,,,,,,,,,,
,W14X43,,I,US,Steel,AISC v15.0,64,348,203.2,7.7,13.5,,,,,,,,1.47,22.9,17800,1880,14.8,4.81,1020,185,1140,283,,,,43.7,81.3,,,,,,,,,,,,,,,,
,W14X38,,I,US,Steel,AISC v15.0,56.6,358.1,172,7.9,13.1,,,,,,,,1.37,24.2,16000,1110,14.9,3.92,895,129,1010,198,,,,33.2,72.3,,,,,,,,,,,,,,,,
,W14X34,,I,US,Steel,AISC v15.0,50.6,355.6,171.4,7.2,11.6,,,,,,,,1.37,27,14200,970,14.8,3.88,796,113,895,174,,,,23.7,64.5,,,,,,,,,,,,,,,,
,W14X30,,I,US,Steel,AISC v15.0,44.6,350.5,170.9,6.9,9.8,,,,,,,,1.35,30.3,12100,816,14.6,3.78,691,95.4,775,147,,,,15.8,57.1,,,,,,,,,,,,,,,,
,W14X26,,I,US,Steel,AISC v15.0,38.7,353.1,127.8,6.5,10.7,,,,,,,,1.19,30.7,10200,371,14.3,2.73,578,58.1,659,90.8,,,,14.9,49.6,,,,,,,,,,,,,,,,
,W14X22,,I,US,Steel,AISC v15.0,32.7,348,127,5.8,8.5,,,,,,,,1.17,35.9,8280,291,14.1,2.64,476,45.9,544,71.9,,,,8.66,41.9,,,,,,,,,,,,,,,,
,W12X336,,I,US,Steel,AISC v15.0,500,426.7,340.4,45.2,75.2,,,,,,,,2.1,4.2,169000,49500,16.3,8.81,7920,2910,9880,4490,,,,10100,638,,,,,,,,,,,,,,,,
,W12X305,,I,US,Steel,AISC v15.0,453.9,414,335.3,41.4,68.8,,,,,,,,2.06,4.54,148000,43700,16,8.7,7140,2610,8800,4000,,,,7700,577,,,,,,,,,,,,,,,,
,W12X279,,I,US,Steel,AISC v15.0,415.2,403.9,332.7,38.9,62.7,,,,,,,,2.03,4.9,129000,39000,15.7,8.59,6410,2340,7880,3610,,,,5950,528,,,,,,,,,,,,,,,,
,W12X252,,I,US,Steel,AISC v15.0,375,391.2,330.2,35.6,57.2,,,,,,,,2.01,5.35,113000,34500,15.4,8.49,5790,2090,7010,3210,,,,4500,478,,,,,,,,,,,,,,,,
,W12X230,,I,US,Steel,AISC v15.0,342.3,383.5,327.7,32.8,52.6,,,,,,,,1.99,5.8,101000,30900,15.2,8.41,5250,1890,6330,2900,,,,3490,437,,,,,,,,,,,,,,,,
,W12X210,,I,US,Steel,AISC v15.0,312.5,373.4,325.1,30,48.3,,,,,,,,1.96,6.28,89100,27600,14.9,8.33,4770,1700,5700,2610,,,,2690,399,,,,,,,,,,,,,,,,
,W12X190,,I,US,Steel,AISC v15.0,282.8,365.8,322.6,26.9,44.2,,,,,,,,1.94,6.87,78700,24500,14.8,8.24,4300,1520,5100,2340,,,,2030,361,,,,,,,,,,,,,,,,
,W12X170,,I,US,Steel,AISC v15.0,253,355.6,320,24.4,39.6,,,,,,,,1.92,7.57,68700,21500,14.6,8.17,3860,1340,4510,2060,,,,1480,323,,,,,,,,,,,,,,,,
,W12X152,,I,US,Steel,AISC v15.0,226.2,348,317.5,22.1,35.6,,,,,,,,1.9,8.38,59500,18900,14.4,8.09,3420,1190,3980,1820,,,,1070,288,,,,,,,,,,,,,,,,
,W12X136,,I,US,Steel,AISC v15.0,202.4,340.4,315,20.1,31.8,,,,,,,,1.87,9.26,51600,16600,14.2,8.02,3030,1050,3510,1610,,,,770,257,,,,,,,,,,,,,,,,
,W12X120,,I,US,Steel,AISC v15.0,178.6,332.7,312.4,18,28.2,,,,,,,,1.85,10.4,44500,14400,14,7.95,2680,919,3050,1400,,,,537,227,,,,,,,,,,,,,,,,
,W12X106,,I,US,Steel,AISC v15.0,157.7,327.7,309.9,15.5,25.1,,,,,,,,1.84,11.6,38800,12500,13.9,7.89,2370,809,2690,1230,,,,380,201,,,,,,,,,,,,,,,,
,W12X96,,I,US,Steel,AISC v15.0,142.9,322.6,309.9,14,22.9,,,,,,,,1.83,12.8,34700,11200,13.8,7.86,2150,725,2410,1110,,,,285,182,,,,,,,,,,,,,,,,
,W12X87,,I,US,Steel,AISC v15.0,129.5,317.5,307.3,13.1,20.6,,,,,,,,1.81,14,30800,10000,13.7,7.79,1940,653,2160,990,,,,212,165,,,,,,,,,,,,,,,,
,W12X79,,I,US,Steel,AISC v15.0,117.6,315,307.3,11.9,18.7,,,,,,,,1.81,15.4,27600,8990,13.6,7.75,1750,585,1950,890,,,,160,150,,,,,,,,,,,,,,,,
,W12X72,,I,US,Steel,AISC v15.0,107.1,312.4,304.8,10.9,17,,,,,,,,1.8,16.8,24800,8120,13.5,7.72,1590,533,1770,806,,,,122,136,,,,,,,,,,,,,,,,
,W12X65,,I,US,Steel,AISC v15.0,96.7,307.3,304.8,9.9,15.4,,,,,,,,1.79,18.5,22200,7240,13.4,7.67,1440,475,1590,723,,,,90.7,123,,,,,,,,,,,,,,,,
,W12X58,,I,US,Steel,AISC v15.0,86.3,309.9,254,9.1,16.3,,,,,,,,1.59,18.4,19800,4450,13.4,6.37,1280,351,1420,533,,,,87.4,110,,,,,,,,,,,,,,,,
,W12X53,,I,US,Steel,AISC v15.0,78.9,307.3,254,8.8,14.6,,,,,,,,1.59,20.1,17700,3990,13.3,6.29,1150,314,1280,477,,,,65.8,101,,,,,,,,,,,,,,,,
,W12X50,,I,US,Steel,AISC v15.0,74.4,309.9,205.2,9.4,16.3,,,,,,,,1.4,18.8,16300,2340,13.1,4.99,1050,228,1180,349,,,,71.2,94.2,,,,,,,,,,,,,,,,
,W12X45,,I,US,Steel,AISC v15.0,67,307.3,204.5,8.5,14.6,,,,,,,,1.39,20.8,14500,2080,13.1,4.96,943,204,1050,311,,,,52.4,84.5,,,,,,,,,,,,,,,,
,W12X40,,I,US,Steel,AISC v15.0,59.5,302.3,203.5,7.5,13.1,,,,,,,,1.38,23.2,12800,1840,13,4.93,846,180,934,275,,,,37.7,75.5,,,,,,,,,,,,,,,,
,W12X35,,I,US,Steel,AISC v15.0,52.1,317.5,166.6,7.6,13.2,,,,,,,,1.27,24.4,11900,1020,13.4,3.92,747,122,839,188,,,,30.8,66.5,,,,,,,,,,,,,,,,
,W12X30,,I,US,Steel,AISC v15.0,44.6,312.4,165.6,6.6,11.2,,,,,,,,1.26,28.2,9910,845,13.2,3.86,634,102,706,157,,,,19,56.7,,,,,,,,,,,,,,,,
,W12X26,,I,US,Steel,AISC v15.0,38.7,309.9,164.8,5.8,9.7,,,,,,,,1.25,32.4,8490,720,13.1,3.82,548,87.4,610,134,,,,12.5,49.4,,,,,,,,,,,,,,,,
,W12X22,,I,US,Steel,AISC v15.0,32.7,312.4,102.4,6.6,10.8,,,,,,,,1.01,30.8,6490,194,12.5,2.15,416,37.9,480,60,,,,12.2,41.8,,,,,,,,,,,,,,,,
,W12X19,,I,US,Steel,AISC v15.0,28.3,309.9,101.9,6,8.9,,,,,,,,1,35.4,5410,157,12.3,2.09,349,30.7,405,48.8,,,,7.49,35.9,,,,,,,,,,,,,,,,
,W12X16,,I,US,Steel,AISC v15.0,23.8,304.8,101.3,5.6,6.7,,,,,,,,0.991,41.6,4290,117,11.9,1.97,281,23.2,329,37,,,,4.29,30.4,,,,,,,,,,,,,,,,
,W12X14,,I,US,Steel,AISC v15.0,20.8,302.3,100.8,5.1,5.7,,,,,,,,0.985,47.3,3690,98.2,11.7,1.91,244,19.5,285,31.1,,,,2.93,26.8,,,,,,,,,,,,,,,,
,W10X112,,I,US,Steel,AISC v15.0,166.7,289.6,264.2,19.2,31.8,,,,,,,,1.58,9.45,29800,9820,11.8,6.8,2060,744,2410,1130,,,,629,212,,,,,,,,,,,,,,,,
,W10X100,,I,US,Steel,AISC v15.0,148.8,281.9,261.6,17.3,28.4,,,,,,,,1.55,10.4,25900,8620,11.7,6.75,1840,659,2130,1000,,,,454,189,,,,,,,,,,,,,,,,
,W10X88,,I,US,Steel,AISC v15.0,131,274.3,261.6,15.4,25.1,,,,,,,,1.54,11.8,22200,7450,11.5,6.66,1620,570,1850,870,,,,313,168,,,,,,,,,,,,,,,,
,W10X77,,I,US,Steel,AISC v15.0,114.6,269.2,259.1,13.5,22.1,,,,,,,,1.53,13.3,18900,6410,11.4,6.62,1410,495,1600,752,,,,213,146,,,,,,,,,,,,,,,,
,W10X68,,I,US,Steel,AISC v15.0,101.2,264.2,256.5,11.9,19.6,,,,,,,,1.51,14.9,16400,5580,11.3,6.59,1240,435,1400,657,,,,148,128,,,,,,,,,,,,,,,,
,W10X60,,I,US,Steel,AISC v15.0,89.3,259.1,256.5,10.7,17.3,,,,,,,,1.5,16.8,14200,4830,11.1,6.5,1100,376,1220,574,,,,103,114,,,,,,,,,,,,,,,,
,W10X54,,I,US,Steel,AISC v15.0,80.4,256.5,254,9.4,15.6,,,,,,,,1.49,18.5,12600,4290,11.1,6.49,983,338,1090,513,,,,75.8,102,,,,,,,,,,,,,,,,
,W10X49,,I,US,Steel,AISC v15.0,72.9,254,254,8.6,14.2,,,,,,,,1.48,20.4,11300,3890,11,6.47,891,306,990,464,,,,57.9,92.9,,,,,,,,,,,,,,,,
,W10X45,,I,US,Steel,AISC v15.0,67,256.5,203.7,8.9,15.7,,,,,,,,1.29,19.2,10300,2220,11,5.09,805,218,900,333,,,,62.9,85.8,,,,,,,,,,,,,,,,
,W10X39,,I,US,Steel,AISC v15.0,58,252,202.9,8,13.5,,,,,,,,1.28,22,8700,1870,10.8,5.02,691,185,767,282,,,,40.6,74.2,,,,,,,,,,,,,,,,
,W10X33,,I,US,Steel,AISC v15.0,49.1,247.1,202.2,7.4,11,,,,,,,,1.27,25.8,7120,1520,10.7,4.93,576,151,636,229,,,,24.3,62.6,,,,,,,,,,,,,,,,
,W10X30,,I,US,Steel,AISC v15.0,44.6,266.7,147.6,7.6,13,,,,,,,,1.1,24.5,7080,695,11.1,3.49,531,94.2,600,145,,,,25.9,57,,,,,,,,,,,,,,,,
,W10X26,,I,US,Steel,AISC v15.0,38.7,261.6,146.6,6.6,11.2,,,,,,,,1.08,28,5990,587,11,3.46,458,80.1,513,123,,,,16.7,49.1,,,,,,,,,,,,,,,,
,W10X22,,I,US,Steel,AISC v15.0,32.7,259.1,146,6.1,9.1,,,,,,,,1.08,32.9,4910,475,10.8,3.37,379,65,426,100,,,,9.95,41.9,,,,,,,,,,,,,,,,
,W10X19,,I,US,Steel,AISC v15.0,28.3,259.1,102.1,6.4,10,,,,,,,,0.901,31.9,4010,179,10.5,2.22,309,35,354,54.9,,,,9.7,36.3,,,,,,,,,,,,,,,,
,W10X17,,I,US,Steel,AISC v15.0,25.3,256.5,101.9,6.1,8.4,,,,,,,,0.895,35.4,3410,148,10.3,2.15,266,29.1,306,45.9,,,,6.49,32.2,,,,,,,,,,,,,,,,
,W10X15,,I,US,Steel,AISC v15.0,22.3,253.7,101.6,5.8,6.9,,,,,,,,0.889,39.8,2870,120,10,2.06,226,23.7,262,37.7,,,,4.33,28.5,,,,,,,,,,,,,,,,
,W10X12,,I,US,Steel,AISC v15.0,17.9,250.7,100.6,4.8,5.3,,,,,,,,0.881,49.3,2240,90.7,9.9,1.99,179,18,206,28.5,,,,2.28,22.8,,,,,,,,,,,,,,,,
,W8X67,,I,US,Steel,AISC v15.0,99.7,228.6,210.3,14.5,23.7,,,,,,,,1.25,12.6,11300,3690,9.44,5.39,991,351,1150,536,,,,210,127,,,,,,,,,,,,,,,,
,W8X58,,I,US,Steel,AISC v15.0,86.3,222.2,208.8,13,20.6,,,,,,,,1.24,14.3,9490,3130,9.27,5.32,854,299,980,457,,,,139,110,,,,,,,,,,,,,,,,
,W8X48,,I,US,Steel,AISC v15.0,71.4,215.9,206,10.2,17.4,,,,,,,,1.22,17.1,7660,2530,9.18,5.28,709,246,803,375,,,,81.6,91,,,,,,,,,,,,,,,,
,W8X40,,I,US,Steel,AISC v15.0,59.5,209.6,205,9.1,14.2,,,,,,,,1.2,20.2,6080,2040,8.97,5.2,580,199,652,303,,,,46.6,75.5,,,,,,,,,,,,,,,,
,W8X35,,I,US,Steel,AISC v15.0,52.1,206.2,203.7,7.9,12.6,,,,,,,,1.19,22.9,5290,1770,8.92,5.17,513,174,569,264,,,,32,66.5,,,,,,,,,,,,,,,,
,W8X31,,I,US,Steel,AISC v15.0,46.1,203.2,203.2,7.2,11,,,,,,,,1.19,25.7,4580,1540,8.82,5.12,451,152,498,231,,,,22.3,58.9,,,,,,,,,,,,,,,,
,W8X28,,I,US,Steel,AISC v15.0,41.7,204.7,166.1,7.2,11.8,,,,,,,,1.04,25,4080,903,8.75,4.12,398,109,446,166,,,,22.4,53.2,,,,,,,,,,,,,,,,
,W8X24,,I,US,Steel,AISC v15.0,35.7,201.4,165.1,6.2,10.2,,,,,,,,1.03,28.9,3440,762,8.68,4.08,342,92.3,379,140,,,,14.4,45.7,,,,,,,,,,,,,,,,
,W8X21,,I,US,Steel,AISC v15.0,31.3,210.3,133.9,6.4,10.2,,,,,,,,0.93,29.8,3130,407,8.88,3.2,298,60.8,334,93.2,,,,11.7,39.7,,,,,,,,,,,,,,,,
,W8X18,,I,US,Steel,AISC v15.0,26.8,206.8,133.4,5.8,8.4,,,,,,,,0.922,34.4,2580,332,8.71,3.13,249,49.8,279,76.4,,,,7.16,33.9,,,,,,,,,,,,,,,,
,W8X15,,I,US,Steel,AISC v15.0,22.3,206,102.1,6.2,8,,,,,,,,0.795,35.6,2000,142,8.35,2.23,194,27.8,223,43.8,,,,5.7,28.6,,,,,,,,,,,,,,,,
,W8X13,,I,US,Steel,AISC v15.0,19.3,202.9,101.6,5.8,6.5,,,,,,,,0.788,40.7,1650,114,8.16,2.14,162,22.4,187,35.2,,,,3.63,24.8,,,,,,,,,,,,,,,,
,W8X10,,I,US,Steel,AISC v15.0,14.9,200.4,100.1,4.3,5.2,,,,,,,,0.779,52.4,1280,87,8.19,2.13,128,17.4,145,27.2,,,,1.77,19.1,,,,,,,,,,,,,,,,
,W6X25,,I,US,Steel,AISC v15.0,37.2,162.1,154.4,8.1,11.6,,,,,,,,0.915,24.6,2220,712,6.85,3.88,274,92.2,310,140,,,,19.2,47.4,,,,,,,,,,,,,,,,
,W6X20,,I,US,Steel,AISC v15.0,29.8,157.5,152.9,6.6,9.3,,,,,,,,0.903,30.3,1720,554,6.75,3.82,219,72.4,244,110,,,,9.99,37.9,,,,,,,,,,,,,,,,
,W6X16,,I,US,Steel,AISC v15.0,23.8,159.5,102.4,6.6,10.3,,,,,,,,0.704,29.6,1340,184,6.61,2.46,168,36,192,55.6,,,,9.28,30.6,,,,,,,,,,,,,,,,
,W6X15,,I,US,Steel,AISC v15.0,22.3,152.1,152.1,5.8,6.6,,,,,,,,0.89,39.9,1210,388,6.51,3.68,159,51,177,77.8,,,,4.2,28.6,,,,,,,,,,,,,,,,
,W6X12,,I,US,Steel,AISC v15.0,17.9,153.2,101.6,5.8,7.1,,,,,,,,0.69,38.6,920,124,6.34,2.33,120,24.5,136,38,,,,3.76,22.9,,,,,,,,,,,,,,,,
,W6X9,,I,US,Steel,AISC v15.0,13.4,1.9.9.200.1,4.3,5.5,,,,,,,,0.681,50.8,683,91.6,6.28,2.3,91.1,18.3,102,28.2,,,,1.69,17.3,,,,,,,,,,,,,,,,
,W6X8.5,,I,US,Steel,AISC v15.0,12.6,148.1,100.1,4.3,5,,,,,,,,0.677,53.5,620,82.8,6.18,2.26,83.8,16.6,93.9,25.6,,,,1.39,16.3,,,,,,,,,,,,,,,,
,W5X19,,I,US,Steel,AISC v15.0,28.3,130.8,127.8,6.9,10.9,,,,,,,,0.746,26.4,1090,380,5.52,3.25,167,59.5,190,90.6,,,,13.2,35.9,,,,,,,,,,,,,,,,
,W5X16,,I,US,Steel,AISC v15.0,23.8,127.3,127,6.1,9.1,,,,,,,,0.737,31,891,313,5.41,3.21,140,49.2,158,75.1,,,,7.99,30.4,,,,,,,,,,,,,,,,
,W4X13,,I,US,Steel,AISC v15.0,19.3,105.7,103.1,7.1,8.8,,,,,,,,0.599,30.9,470,161,4.36,2.55,89,31.2,103,47.9,,,,6.29,24.7,,,,,,,,,,,,,,,,
,HP18X204,,H,US,Steel,AISC v15.0,303.6,464.8,459.7,28.7,28.7,,,,,,,,2.66,8.76,145000,46600,19.3,11,6230,2030,7100,3130,,,,1230,388,,,,,,,,,,,,,,,,
,HP18X181,,H,US,Steel,AISC v15.0,269.4,457.2,457.2,25.4,25.4,,,,,,,,2.64,9.81,126000,40500,19.1,10.9,5500,1770,6210,2740,,,,862,343,,,,,,,,,,,,,,,,
,HP18X157,,H,US,Steel,AISC v15.0,233.6,449.6,454.7,22.1,22.1,,,,,,,,2.62,11.2,107000,34700,18.9,10.8,4760,1530,5360,2340,,,,579,298,,,,,,,,,,,,,,,,
,HP18X135,,H,US,Steel,AISC v15.0,200.9,444.5,452.1,19,19,,,,,,,,2.61,13,91600,29400,18.9,10.7,4120,1300,4600,2000,,,,380,257,,,,,,,,,,,,,,,,
,HP16X183,,H,US,Steel,AISC v15.0,272.3,419.1,414,28.7,28.7,,,,,,,,2.39,8.76,104000,34000,17.3,9.88,4990,1640,5720,2560,,,,1120,349,,,,,,,,,,,,,,,,
,HP16X162,,H,US,Steel,AISC v15.0,241.1,414,408.9,25.4,25.4,,,,,,,,2.36,9.8,91200,29000,17.2,9.71,4400,1420,5010,2200,,,,783,308,,,,,,,,,,,,,,,,
,HP16X141,,H,US,Steel,AISC v15.0,209.8,406.4,406.4,22.2,22.2,,,,,,,,2.34,11.2,77800,24900,17,9.63,3830,1230,4330,1900,,,,537,269,,,,,,,,,,,,,,,,
,HP16X121,,H,US,Steel,AISC v15.0,180.1,401.3,403.9,19,19,,,,,,,,2.33,12.9,66200,21000,16.9,9.53,3300,1040,3700,1600,,,,348,231,,,,,,,,,,,,,,,,
,HP16X101,,H,US,Steel,AISC v15.0,150.3,393.7,401.3,15.9,15.9,,,,,,,,2.31,15.4,54100,17100,16.7,9.43,2750,855,3060,1310,,,,211,193,,,,,,,,,,,,,,,,
,HP16X88,,H,US,Steel,AISC v15.0,131,388.6,398.8,13.7,13.7,,,,,,,,2.29,17.5,46200,14500,16.7,9.34,2380,729,2640,1120,,,,144,166,,,,,,,,,,,,,,,,
,HP14X117,,H,US,Steel,AISC v15.0,174.1,360.7,378.5,20.4,20.4,,,,,,,,2.16,12.4,50800,18400,15.1,9.11,2820,974,3180,1500,,,,334,222,,,,,,,,,,,,,,,,
,HP14X102,,H,US,Steel,AISC v15.0,151.8,355.6,375.9,17.9,17.9,,,,,,,,2.15,14.2,43700,15800,15,9.02,2460,841,2770,1290,,,,224,194,,,,,,,,,,,,,,,,
,HP14X89,,H,US,Steel,AISC v15.0,132.4,350.5,373.4,15.6,15.6,,,,,,,,2.13,16.1,37600,13600,14.9,8.98,2150,727,2390,1110,,,,149,168,,,,,,,,,,,,,,,,
,HP14X73,,H,US,Steel,AISC v15.0,108.6,345.4,370.8,12.8,12.8,,,,,,,,2.12,19.5,30300,10900,14.8,8.87,1760,586,1930,895,,,,83.7,138,,,,,,,,,,,,,,,,
,HP12X89,,H,US,Steel,AISC v15.0,132.4,315,312.4,18.3,18.3,,,,,,,,1.82,13.7,28800,9320,13.1,7.47,1830,597,2080,918,,,,205,167,,,,,,,,,,,,,,,,
,HP12X84,,H,US,Steel,AISC v15.0,125,312.4,312.4,17.4,17.4,,,,,,,,1.81,14.5,27100,8870,13.1,7.47,1730,568,1970,872,,,,176,159,,,,,,,,,,,,,,,,
,HP12X74,,H,US,Steel,AISC v15.0,110.1,307.3,309.9,15.4,15.5,,,,,,,,1.79,16.3,23700,7740,13,7.42,1540,500,1720,764,,,,124,141,,,,,,,,,,,,,,,,
,HP12X63,,H,US,Steel,AISC v15.0,93.8,302.3,307.3,13.1,13.1,,,,,,,,1.78,18.9,19600,6370,12.9,7.32,1300,414,1450,634,,,,76.2,119,,,,,,,,,,,,,,,,
,HP12X53,,H,US,Steel,AISC v15.0,78.9,299.7,304.8,11,11,,,,,,,,1.77,22.4,16400,5290,12.8,7.27,1090,347,1210,528,,,,46.6,100,,,,,,,,,,,,,,,,
,HP10X57,,H,US,Steel,AISC v15.0,84.8,253.7,259.1,14.4,14.4,,,,,,,,1.49,17.5,12200,4200,10.7,6.25,965,325,1090,497,,,,82,108,,,,,,,,,,,,,,,,
,HP10X42,,H,US,Steel,AISC v15.0,62.5,246.4,256.5,10.5,10.7,,,,,,,,1.47,23.5,8740,2980,10.5,6.11,710,233,791,357,,,,33.8,80,,,,,,,,,,,,,,,,
,HP8X36,,H,US,Steel,AISC v15.0,53.6,203.7,207.3,11.3,11.3,,,,,,,,1.18,22.1,4950,1680,8.51,4.95,486,162,551,249,,,,32,68.4,,,,,,,,,,,,,,,,
,C15X50,,C,US,Steel,AISC v15.0,74.4,381,94.5,18.2,16.5,,,,,,,,1.09,14.6,16800,458,13.3,2.2,883,61.7,1120,133,,,,110,94.8,,,,,,,,,,,,,,,,
,C15X40,,C,US,Steel,AISC v15.0,59.5,381,89.4,13.2,16.5,,,,,,,,1.08,18.1,14500,382,13.8,2.24,760,54.8,942,112,,,,60.4,76.1,,,,,,,,,,,,,,,,
,C15X33.9,,C,US,Steel,AISC v15.0,50.4,381,86.4,10.2,16.5,,,,,,,,1.07,21.2,13100,336,14.3,2.28,688,50.6,832,101,,,,42,64.5,,,,,,,,,,,,,,,,
,C12X30,,C,US,Steel,AISC v15.0,44.6,304.8,80.5,13,12.7,,,,,,,,0.894,20,6740,213,10.9,1.94,442,33.6,554,70.8,,,,35.8,56.8,,,,,,,,,,,,,,,,
,C12X25,,C,US,Steel,AISC v15.0,37.2,304.8,77.5,9.8,12.7,,,,,,,,0.888,23.9,5990,185,11.3,1.98,393,30.7,482,62.6,,,,22.4,47.4,,,,,,,,,,,,,,,,
,C12X20.7,,C,US,Steel,AISC v15.0,30.8,304.8,74.7,7.2,12.7,,,,,,,,0.882,28.6,5370,161,11.7,2.02,352,28.2,420,56.9,,,,15.4,39.2,,,,,,,,,,,,,,,,
,C10X30,,C,US,Steel,AISC v15.0,44.6,254,77,17.1,11.1,,,,,,,,0.771,17.3,4290,164,8.68,1.7,338,27,438,61.9,,,,50.8,56.8,,,,,,,,,,,,,,,,
,C10X25,,C,US,Steel,AISC v15.0,37.2,254,73.4,13.4,11.1,,,,,,,,0.764,20.5,3790,139,8.94,1.71,299,24.1,379,52.1,,,,28.6,47.4,,,,,,,,,,,,,,,,
,C10X20,,C,US,Steel,AISC v15.0,29.8,254,69.6,9.6,11.1,,,,,,,,0.757,25.4,3280,117,9.31,1.75,259,21.5,318,44.2,,,,15.3,37.9,,,,,,,,,,,,,,,,
,C10X15.3,,C,US,Steel,AISC v15.0,22.8,254,66,6.1,11.1,,,,,,,,0.75,32.9,2800,94.5,9.84,1.81,221,18.9,261,38.3,,,,8.7,28.9,,,,,,,,,,,,,,,,
,C9X20,,C,US,Steel,AISC v15.0,29.8,228.6,67.3,11.4,10.5,,,,,,,,0.693,23.3,2530,100,8.18,1.63,222,19.1,277,40.3,,,,17.8,37.9,,,,,,,,,,,,,,,,
,C9X15,,C,US,Steel,AISC v15.0,22.3,228.6,63.2,7.2,10.5,,,,,,,,0.685,30.7,2120,79.5,8.65,1.67,186,16.4,223,33.4,,,,8.66,28.4,,,,,,,,,,,,,,,,
,C9X13.4,,C,US,Steel,AISC v15.0,19.9,228.6,61.7,5.9,10.5,,,,,,,,0.682,34.2,1990,72.8,8.85,1.69,174,15.7,206,31.8,,,,6.99,25.4,,,,,,,,,,,,,,,,
,C8X18.75,,C,US,Steel,AISC v15.0,27.9,203.2,64.3,12.4,9.9,,,,,,,,0.629,22.5,1830,82,7.17,1.52,180,16.4,228,35.6,,,,18.1,35.5,,,,,,,,,,,,,,,,
,C8X13.75,,C,US,Steel,AISC v15.0,20.5,203.2,59.4,7.7,9.9,,,,,,,,0.619,30.3,1500,63.3,7.6,1.56,148,13.9,180,28.3,,,,7.74,26,,,,,,,,,,,,,,,,
,C8X11.5,,C,US,Steel,AISC v15.0,17.1,203.2,57.4,5.6,9.9,,,,,,,,0.615,35.9,1350,54.5,7.89,1.58,133,12.7,158,25.7,,,,5.41,21.7,,,,,,,,,,,,,,,,
,C7X14.75,,C,US,Steel,AISC v15.0,22,177.8,58.4,10.6,9.3,,,,,,,,0.558,25.4,1130,57,6.37,1.43,127,12.7,160,26.7,,,,11.1,27.9,,,,,,,,,,,,,,,,
,C7X12.25,,C,US,Steel,AISC v15.0,18.2,177.8,55.6,8,9.3,,,,,,,,0.553,30.3,1010,48.3,6.59,1.44,113,11.4,139,23.3,,,,6.7,23.2,,,,,,,,,,,,,,,,
,C7X9.8,,C,US,Steel,AISC v15.0,14.6,177.8,53.1,5.3,9.3,,,,,,,,0.548,37.6,882,39.8,6.9,1.47,99.3,10.1,118,20.6,,,,4.15,18.5,,,,,,,,,,,,,,,,
,C6X13,,C,US,Steel,AISC v15.0,19.3,152.4,54.9,11.1,8.7,,,,,,,,0.493,25.5,720,43.7,5.41,1.33,94.5,10.5,119,22.1,,,,9.86,24.6,,,,,,,,,,,,,,,,
,C6X10.5,,C,US,Steel,AISC v15.0,15.6,152.4,51.6,8,8.7,,,,,,,,0.486,31.1,629,35.8,5.63,1.34,82.5,9.21,101,18.7,,,,5.33,19.8,,,,,,,,,,,,,,,,
,C6X8.2,,C,US,Steel,AISC v15.0,12.2,152.4,48.8,5.1,8.7,,,,,,,,0.481,39.4,545,28.6,5.95,1.36,71.6,8,84.6,16.2,,,,3.06,15.4,,,,,,,,,,,,,,,,
,C5X9,,C,US,Steel,AISC v15.0,13.4,127,48,8.3,8.1,,,,,,,,0.421,31.4,370,26,4.66,1.23,58.3,7.24,71.9,15,,,,4.54,17,,,,,,,,,,,,,,,,
,C5X6.7,,C,US,Steel,AISC v15.0,9.97,127,44.4,4.8,8.1,,,,,,,,0.413,41.5,311,19.6,4.95,1.24,49,6.08,58.2,12.4,,,,2.29,12.7,,,,,,,,,,,,,,,,
,C4X7.25,,C,US,Steel,AISC v15.0,10.8,101.6,43.7,8.2,7.5,,,,,,,,0.353,32.7,191,17.7,3.72,1.13,37.5,5.52,46.5,11.4,,,,3.4,13.7,,,,,,,,,,,,,,,,
,C4X6.25,,C,US,Steel,AISC v15.0,9.3,101.6,41.9,6.3,7.5,,,,,,,,0.35,37.6,174,15.6,3.83,1.15,34.3,5.12,41.8,10.2,,,,2.29,11.9,,,,,,,,,,,,,,,,
,C4X5.4,,C,US,Steel,AISC v15.0,8.04,101.6,40.1,4.7,7.5,,,,,,,,0.346,43,160,13,3.96,1.13,31.5,4.55,37.5,9.26,,,,1.66,10.2,,,,,,,,,,,,,,,,
,C4X4.5,,C,US,Steel,AISC v15.0,6.7,101.6,38.6,3.2,7.5,,,,,,,,0.343,51.2,147,11,4.12,1.13,28.9,4.15,33.6,8.11,,,,1.27,8.65,,,,,,,,,,,,,,,,
,C3X6,,C,US,Steel,AISC v15.0,8.93,76.2,40.6,9,6.9,,,,,,,,0.289,32.4,86.2,12.5,2.75,1.05,22.6,4.29,28.5,8.9,,,,3.02,11.4,,,,,,,,,,,,,,,,
,C3X5,,C,US,Steel,AISC v15.0,7.44,76.2,38.1,6.6,6.9,,,,,,,,0.284,38.1,77,10,2.85,1.03,20.2,3.72,24.9,7.6,,,,1.77,9.48,,,,,,,,,,,,,,,,
,C3X4.1,,C,US,Steel,AISC v15.0,6.1,76.2,35.8,4.3,6.9,,,,,,,,0.279,45.7,68.7,7.95,2.98,1.01,18,3.22,21.6,6.54,,,,1.12,7.74,,,,,,,,,,,,,,,,
,C3X3.5,,C,US,Steel,AISC v15.0,5.21,76.2,34.8,3.4,6.9,,,,,,,,0.277,53.1,65.3,7.03,3.05,1,17.2,2.99,20.3,5.96,,,,0.941,7.03,,,,,,,,,,,,,,,,
,HSS24X12X3/4,,R,US,Steel,AISC v15.0,254.7,609.6,304.8,17.7,17.7,,,31.4,14.2,,,,1.77,6.94,143000,48700,21.7,12.7,4700,3200,5880,3620,,,,119000,304,,,,,,,,,,,,,,,6020,
,HSS24X12X5/8,,R,US,Steel,AISC v15.0,214.9,609.6,304.8,14.8,14.8,,,38.3,17.7,,,,1.78,8.28,122000,41600,21.9,12.8,4010,2730,4980,3080,,,,101000,255,,,,,,,,,,,,,,,5090,
,HSS24X12X1/2,,R,US,Steel,AISC v15.0,174,609.6,304.8,11.8,11.8,,,48.6,22.8,,,,1.79,10.3,101000,34500,22.1,12.9,3300,2260,4060,2520,,,,82400,207,,,,,,,,,,,,,,,4140,
,HSS22X22X7/8,,R,US,Steel,AISC v15.0,364.4,558.8,558.8,20.7,20.7,,,,,,,,2.16,5.94,207000,207000,21.8,21.8,7400,7400,8690,8690,,,,328000,434,,,,,,,,,,,,,,,12000,24
,HSS22X22X3/4,,R,US,Steel,AISC v15.0,315.5,558.8,558.8,17.7,17.7,,,,,,,,2.17,6.89,181000,181000,22,22,6480,6480,7570,7570,,,,286000,375,,,,,,,,,,,,,,,10400,28.5
,HSS20X20X7/8,,R,US,Steel,AISC v15.0,329,508,508,20.7,20.7,,,,,,,,1.96,5.96,153000,153000,19.7,19.7,6010,6010,7100,7100,,,,244000,392,,,,,,,,,,,,,,,9820,21.6
,HSS20X20X3/4,,R,US,Steel,AISC v15.0,285.1,508,508,17.7,17.7,,,,,,,,1.97,6.91,134000,134000,19.9,19.9,5290,5290,6190,6190,,,,213000,339,,,,,,,,,,,,,,,8520,25.7
,HSS20X20X5/8,,R,US,Steel,AISC v15.0,240.2,508,508,14.8,14.8,,,,,,,,1.98,8.25,114000,114000,20,20,4510,4510,5240,5240,,,,180000,286,,,,,,,,,,,,,,,7180,31.4
,HSS20X20X1/2,,R,US,Steel,AISC v15.0,194.2,508,508,11.8,11.8,,,,,,,,1.99,10.3,94100,94100,20.2,20.2,3700,3700,4280,4280,,,,146000,231,,,,,,,,,,,,,,,5820,40
,HSS20X12X3/4,,R,US,Steel,AISC v15.0,224.3,508,304.8,17.7,17.7,,,25.7,14.2,,,,1.56,6.98,91200,41100,18.5,12.4,3590,2700,4420,3110,,,,92400,268,,,,,,,,,,,,,,,4990,
,HSS20X12X5/8,,R,US,Steel,AISC v15.0,189.5,508,304.8,14.8,14.8,,,31.4,17.7,,,,1.57,8.31,78300,35400,18.6,12.5,3080,2320,3770,2650,,,,78700,226,,,,,,,,,,,,,,,4220,
,HSS20X12X1/2,,R,US,Steel,AISC v15.0,153.7,508,304.8,11.8,11.8,,,40,22.8,,,,1.58,10.3,64500,29300,18.8,12.7,2540,1930,3080,2160,,,,64100,183,,,,,,,,,,,,,,,3430,
,HSS20X12X3/8,,R,US,Steel,AISC v15.0,116.9,508,304.8,8.9,8.9,,,54.3,31.4,,,,1.6,13.7,49900,22800,19,12.8,1970,1490,2360,1670,,,,49100,139,,,,,,,,,,,,,,,2620,
,HSS20X12X5/16,,R,US,Steel,AISC v15.0,98,508,304.8,7.4,7.4,,,65.7,38.2,,,,1.6,16.3,42000,19300,19,12.9,1660,1270,2000,1410,,,,41500,117,,,,,,,,,,,,,,,2200,
,HSS20X8X5/8,,R,US,Steel,AISC v15.0,164.2,508,203.2,14.8,14.8,,,31.4,10.8,,,,1.37,8.35,59900,14100,17.5,8.48,2360,1380,3030,1580,,,,38100,195,,,,,,,,,,,,,,,2740,
,HSS20X8X1/2,,R,US,Steel,AISC v15.0,133.5,508,203.2,11.8,11.8,,,40,14.2,,,,1.38,10.4,49500,11800,17.7,8.62,1950,1160,2490,1300,,,,31500,159,,,,,,,,,,,,,,,2240,
,HSS20X8X3/8,,R,US,Steel,AISC v15.0,101.7,508,203.2,8.9,8.9,,,54.3,19.9,,,,1.39,13.7,38500,9240,17.9,8.75,1520,909,1920,1010,,,,24400,121,,,,,,,,,,,,,,,1720,
,HSS20X8X5/16,,R,US,Steel,AISC v15.0,85.4,508,203.2,7.4,7.4,,,65.7,24.5,,,,1.4,16.4,32700,7870,18,8.81,1290,774,1620,852,,,,20600,101,,,,,,,,,,,,,,,1450,
,HSS20X4X1/2,,R,US,Steel,AISC v15.0,113.2,508,101.6,11.8,11.8,,,40,5.6,,,,1.18,10.4,34900,2440,16.1,4.26,1370,481,1880,557,,,,8120,135,,,,,,,,,,,,,,,1050,
,HSS20X4X3/8,,R,US,Steel,AISC v15.0,86.5,508,101.6,8.9,8.9,,,54.3,8.46,,,,1.19,13.7,27300,1980,16.3,4.38,1080,390,1460,439,,,,6490,103,,,,,,,,,,,,,,,821,
,HSS20X4X5/16,,R,US,Steel,AISC v15.0,72.7,508,101.6,7.4,7.4,,,65.7,10.7,,,,1.19,16.4,23300,1710,16.4,4.45,918,338,1240,375,,,,5580,86.5,,,,,,,,,,,,,,,697,
,HSS20X4X1/4,,R,US,Steel,AISC v15.0,58.7,508,101.6,5.9,5.9,,,82.8,14.2,,,,1.2,20.4,19100,1430,16.5,4.53,751,281,1010,306,,,,4620,69.7,,,,,,,,,,,,,,,569,
,HSS18X18X7/8,,R,US,Steel,AISC v15.0,293.5,457.2,457.2,20.7,20.7,,,,,,,,1.76,5.99,109000,109000,17.7,17.7,4790,4790,5670,5670,,,,176000,350,,,,,,,,,,,,,,,7880,19.1
,HSS18X18X3/4,,R,US,Steel,AISC v15.0,254.7,457.2,457.2,17.7,17.7,,,,,,,,1.77,6.94,96600,96600,17.8,17.8,4220,4220,4950,4950,,,,154000,304,,,,,,,,,,,,,,,6850,22.8
,HSS18X18X5/8,,R,US,Steel,AISC v15.0,214.9,457.2,457.2,14.8,14.8,,,,,,,,1.78,8.28,82400,82400,18,18,3610,3610,4210,4210,,,,130000,255,,,,,,,,,,,,,,,5780,28
,HSS18X18X1/2,,R,US,Steel,AISC v15.0,174,457.2,457.2,11.8,11.8,,,,,,,,1.79,10.3,67800,67800,18.1,18.1,2970,2970,3440,3440,,,,106000,207,,,,,,,,,,,,,,,4690,35.7
,HSS18X6X5/8,,R,US,Steel,AISC v15.0,138.9,457.2,152.4,14.8,14.8,,,28,7.33,,,,1.17,8.41,38400,6580,15.2,6.3,1680,863,2210,1000,,,,19200,166,,,,,,,,,,,,,,,1800,
,HSS18X6X1/2,,R,US,Steel,AISC v15.0,113.2,457.2,152.4,11.8,11.8,,,35.7,9.9,,,,1.18,10.4,32000,5580,15.4,6.43,1400,732,1840,831,,,,16100,135,,,,,,,,,,,,,,,1480,
,HSS18X6X3/8,,R,US,Steel,AISC v15.0,86.5,457.2,152.4,8.9,8.9,,,48.6,14.2,,,,1.19,13.7,25100,4410,15.6,6.54,1100,579,1420,647,,,,12600,103,,,,,,,,,,,,,,,1140,
,HSS18X6X5/16,,R,US,Steel,AISC v15.0,72.7,457.2,152.4,7.4,7.4,,,58.9,17.6,,,,1.19,16.4,21400,3800,15.7,6.63,934,499,1200,549,,,,10700,86.5,,,,,,,,,,,,,,,964,
,HSS18X6X1/4,,R,US,Steel,AISC v15.0,58.7,457.2,152.4,5.9,5.9,,,74.3,22.8,,,,1.2,20.4,17400,3130,15.8,6.7,763,410,973,447,,,,8740,69.7,,,,,,,,,,,,,,,782,
,HSS16X12X3/4,,R,US,Steel,AISC v15.0,194,406.4,304.8,17.7,17.7,,,19.9,14.2,,,,1.36,7.02,52900,33700,15.1,12.1,2600,2210,3160,2590,,,,67000,232,,,,,,,,,,,,,,,3960,
,HSS16X12X5/8,,R,US,Steel,AISC v15.0,164.2,406.4,304.8,14.8,14.8,,,24.5,17.7,,,,1.37,8.35,45400,29100,15.2,12.2,2230,1910,2700,2210,,,,57000,195,,,,,,,,,,,,,,,3350,
,HSS16X12X1/2,,R,US,Steel,AISC v15.0,133.5,406.4,304.8,11.8,11.8,,,31.4,22.8,,,,1.38,10.4,37600,24200,15.4,12.3,1850,1590,2210,1820,,,,46600,159,,,,,,,,,,,,,,,2730,
,HSS16X12X3/8,,R,US,Steel,AISC v15.0,101.7,406.4,304.8,8.9,8.9,,,42.8,31.4,,,,1.39,13.7,29200,18800,15.6,12.5,1440,1230,1700,1400,,,,35900,121,,,,,,,,,,,,,,,2090,
,HSS16X12X5/16,,R,US,Steel,AISC v15.0,85.4,406.4,304.8,7.4,7.4,,,52,38.2,,,,1.4,16.4,24800,16000,15.6,12.6,1220,1050,1440,1180,,,,30300,101,,,,,,,,,,,,,,,1750,
,HSS16X8X5/8,,R,US,Steel,AISC v15.0,138.9,406.4,203.2,14.8,14.8,,,24.5,10.8,,,,1.17,8.41,33900,11400,14.3,8.29,1670,1120,2110,1300,,,,28300,166,,,,,,,,,,,,,,,2180,
,HSS16X8X1/2,,R,US,Steel,AISC v15.0,113.2,406.4,203.2,11.8,11.8,,,31.4,14.2,,,,1.18,10.4,28300,9570,14.5,8.43,1390,942,1740,1070,,,,23400,135,,,,,,,,,,,,,,,1780,
,HSS16X8X3/8,,R,US,Steel,AISC v15.0,86.5,406.4,203.2,8.9,8.9,,,42.8,19.9,,,,1.19,13.7,22100,7530,14.6,8.54,1090,742,1350,832,,,,18100,103,,,,,,,,,,,,,,,1370,
,HSS16X8X5/16,,R,US,Steel,AISC v15.0,72.7,406.4,203.2,7.4,7.4,,,52,24.5,,,,1.19,16.4,18800,6450,14.7,8.64,924,635,1140,705,,,,15400,86.5,,,,,,,,,,,,,,,1150,
,HSS16X8X1/4,,R,US,Steel,AISC v15.0,58.7,406.4,203.2,5.9,5.9,,,65.7,31.3,,,,1.2,20.4,15300,5290,14.8,8.71,754,520,924,574,,,,12500,69.7,,,,,,,,,,,,,,,935,
,HSS16X4X5/8,,R,US,Steel,AISC v15.0,113.6,406.4,101.6,14.8,14.8,,,24.5,3.88,,,,0.965,8.5,22400,2250,12.9,4.08,1100,443,1520,533,,,,7240,135,,,,,,,,,,,,,,,1000,
,HSS16X4X1/2,,R,US,Steel,AISC v15.0,93,406.4,101.6,11.8,11.8,,,31.4,5.6,,,,0.975,10.5,18900,1960,13.1,4.2,932,385,1270,449,,,,6240,111,,,,,,,,,,,,,,,837,
,HSS16X4X3/8,,R,US,Steel,AISC v15.0,71.3,406.4,101.6,8.9,8.9,,,42.8,8.46,,,,0.985,13.8,15000,1590,13.3,4.33,737,314,987,356,,,,4990,85.2,,,,,,,,,,,,,,,654,
,HSS16X4X5/16,,R,US,Steel,AISC v15.0,60,406.4,101.6,7.4,7.4,,,52,10.7,,,,0.991,16.5,12800,1380,13.4,4.39,631,272,837,303,,,,4290,71.6,,,,,,,,,,,,,,,556,
,HSS16X4X1/4,,R,US,Steel,AISC v15.0,48.6,406.4,101.6,5.9,5.9,,,65.7,14.2,,,,0.996,20.5,10500,1150,13.5,4.47,518,227,683,249,,,,3550,57.8,,,,,,,,,,,,,,,454,
,HSS16X4X3/16,,R,US,Steel,AISC v15.0,36.8,406.4,101.6,4.4,4.4,,,89,20,,,,1,27.2,8030,895,13.6,4.53,395,176,519,192,,,,2730,43.6,,,,,,,,,,,,,,,345,
,HSS14X10X5/8,,R,US,Steel,AISC v15.0,138.9,355.6,254,14.8,14.8,,,21.1,14.2,,,,1.17,8.41,28600,16900,13.1,10.1,1610,1330,1970,1560,,,,34600,166,,,,,,,,,,,,,,,2410,
,HSS14X10X1/2,,R,US,Steel,AISC v15.0,113.2,355.6,254,11.8,11.8,,,27.1,18.5,,,,1.18,10.4,23900,14200,13.3,10.3,1340,1120,1620,1290,,,,28500,135,,,,,,,,,,,,,,,1970,
,HSS14X10X3/8,,R,US,Steel,AISC v15.0,86.5,355.6,254,8.9,8.9,,,37.1,25.7,,,,1.19,13.7,18600,11100,13.4,10.4,1050,875,1250,995,,,,22000,103,,,,,,,,,,,,,,,1510,
,HSS14X10X5/16,,R,US,Steel,AISC v15.0,72.7,355.6,254,7.4,7.4,,,45.1,31.4,,,,1.19,16.4,15800,9450,13.5,10.5,890,744,1060,842,,,,18600,86.5,,,,,,,,,,,,,,,1270,
,HSS14X10X1/4,,R,US,Steel,AISC v15.0,58.7,355.6,254,5.9,5.9,,,57.1,39.9,,,,1.2,20.4,12900,7740,13.6,10.5,726,610,859,685,,,,15100,69.7,,,,,,,,,,,,,,,1030,
,HSS14X6X5/8,,R,US,Steel,AISC v15.0,113.6,355.6,152.4,14.8,14.8,,,21.1,7.33,,,,0.965,8.5,19900,5160,12.1,6.17,1120,677,1450,793,,,,13900,135,,,,,,,,,,,,,,,1380,
,HSS14X6X1/2,,R,US,Steel,AISC v15.0,93,355.6,152.4,11.8,11.8,,,27.1,9.9,,,,0.975,10.5,16700,4370,12.3,6.28,941,574,1210,662,,,,11600,111,,,,,,,,,,,,,,,1140,
,HSS14X6X3/8,,R,US,Steel,AISC v15.0,71.3,355.6,152.4,8.9,8.9,,,37.1,14.2,,,,0.985,13.8,13200,3500,12.4,6.41,742,459,939,518,,,,9120,85.2,,,,,,,,,,,,,,,882,
,HSS14X6X5/16,,R,US,Steel,AISC v15.0,60,355.6,152.4,7.4,7.4,,,45.1,17.6,,,,0.991,16.5,11300,3010,12.6,6.48,634,395,796,441,,,,7740,71.6,,,,,,,,,,,,,,,746,
,HSS14X6X1/4,,R,US,Steel,AISC v15.0,48.6,355.6,152.4,5.9,5.9,,,57.1,22.8,,,,0.996,20.5,9240,2480,12.6,6.55,520,326,649,361,,,,6330,57.8,,,,,,,,,,,,,,,606,
,HSS14X6X3/16,,R,US,Steel,AISC v15.0,36.8,355.6,152.4,4.4,4.4,,,77.5,31.5,,,,1,27.2,7080,1910,12.7,6.62,398,251,493,274,,,,4830,43.6,,,,,,,,,,,,,,,459,
,HSS14X4X5/8,,R,US,Steel,AISC v15.0,100.9,355.6,101.6,14.8,14.8,,,21.1,3.88,,,,0.864,8.56,15500,1960,11.3,4.04,873,387,1200,467,,,,6160,121,,,,,,,,,,,,,,,874,
,HSS14X4X1/2,,R,US,Steel,AISC v15.0,82.8,355.6,101.6,11.8,11.8,,,27.1,5.6,,,,0.874,10.5,13200,1710,11.6,4.17,742,338,1000,395,,,,5290,98.7,,,,,,,,,,,,,,,729,
,HSS14X4X3/8,,R,US,Steel,AISC v15.0,63.7,355.6,101.6,8.9,8.9,,,37.1,8.46,,,,0.884,13.9,10500,1400,11.7,4.29,590,275,783,313,,,,4250,76.1,,,,,,,,,,,,,,,570,
,HSS14X4X5/16,,R,US,Steel,AISC v15.0,53.7,355.6,101.6,7.4,7.4,,,45.1,10.7,,,,0.889,16.5,8990,1220,11.9,4.36,506,239,665,269,,,,3650,64,,,,,,,,,,,,,,,485,
,HSS14X4X1/4,,R,US,Steel,AISC v15.0,43.5,355.6,101.6,5.9,5.9,,,57.1,14.2,,,,0.894,20.6,7410,1020,12,4.43,417,200,544,221,,,,3010,51.8,,,,,,,,,,,,,,,396,
,HSS14X4X3/16,,R,US,Steel,AISC v15.0,33,355.6,101.6,4.4,4.4,,,77.5,20,,,,0.899,27.2,5700,791,12.1,4.5,321,156,415,169,,,,2320,39.1,,,,,,,,,,,,,,,302,
,HSS12X10X1/2,,R,US,Steel,AISC v15.0,103.1,304.8,254,11.8,11.8,,,22.8,18.5,,,,1.08,10.4,16400,12400,11.6,10.1,1080,977,1290,1140,,,,22700,123,,,,,,,,,,,,,,,1680,
,HSS12X10X3/8,,R,US,Steel,AISC v15.0,78.9,304.8,254,8.9,8.9,,,31.4,25.7,,,,1.09,13.8,12900,9740,11.7,10.2,847,767,1000,885,,,,17500,94.2,,,,,,,,,,,,,,,1290,
,HSS12X10X5/16,,R,US,Steel,AISC v15.0,66.4,304.8,254,7.4,7.4,,,38.2,31.4,,,,1.09,16.5,11000,8320,11.8,10.3,721,655,847,749,,,,14800,78.7,,,,,,,,,,,,,,,1080,
,HSS12X10X1/4,,R,US,Steel,AISC v15.0,53.6,304.8,254,5.9,5.9,,,48.5,39.9,,,,1.1,20.5,8990,6830,11.9,10.3,590,537,690,610,,,,12000,63.9,,,,,,,,,,,,,,,878,
,HSS12X8X5/8,,R,US,Steel,AISC v15.0,113.6,304.8,203.2,14.8,14.8,,,17.7,10.8,,,,0.965,8.5,16500,8740,11,8.03,1080,860,1350,1010,,,,18900,135,,,,,,,,,,,,,,,1610,
,HSS12X8X1/2,,R,US,Steel,AISC v15.0,93,304.8,203.2,11.8,11.8,,,22.8,14.2,,,,0.975,10.5,13900,7410,11.2,8.17,909,729,1120,844,,,,15700,111,,,,,,,,,,,,,,,1320,
,HSS12X8X3/8,,R,US,Steel,AISC v15.0,71.3,304.8,203.2,8.9,8.9,,,31.4,19.9,,,,0.985,13.8,10900,5830,11.3,8.27,716,574,869,657,,,,12200,85.2,,,,,,,,,,,,,,,1020,
,HSS12X8X5/16,,R,US,Steel,AISC v15.0,60,304.8,203.2,7.4,7.4,,,38.2,24.5,,,,0.991,16.5,9320,4990,11.4,8.35,612,492,736,559,,,,10300,71.6,,,,,,,,,,,,,,,861,
,HSS12X8X1/4,,R,US,Steel,AISC v15.0,48.6,304.8,203.2,5.9,5.9,,,48.5,31.3,,,,0.996,20.5,7660,4110,11.5,8.43,503,405,600,456,,,,8410,57.8,,,,,,,,,,,,,,,698,
,HSS12X8X3/16,,R,US,Steel,AISC v15.0,36.8,304.8,203.2,4.4,4.4,,,66,43,,,,1,27.2,5830,3150,11.6,8.5,382,310,456,346,,,,6370,43.6,,,,,,,,,,,,,,,528,
,HSS12X6X5/8,,R,US,Steel,AISC v15.0,100.9,304.8,152.4,14.8,14.8,,,17.7,7.33,,,,0.864,8.56,13400,4450,10.5,6.08,877,584,1130,690,,,,11300,121,,,,,,,,,,,,,,,1180,
,HSS12X6X1/2,,R,US,Steel,AISC v15.0,82.8,304.8,152.4,11.8,11.8,,,22.8,9.9,,,,0.874,10.5,11300,3790,10.7,6.2,740,498,941,577,,,,9450,98.7,,,,,,,,,,,,,,,973,
,HSS12X6X3/8,,R,US,Steel,AISC v15.0,63.7,304.8,152.4,8.9,8.9,,,31.4,14.2,,,,0.884,13.9,8950,3030,10.8,6.31,587,398,734,454,,,,7410,76.1,,,,,,,,,,,,,,,753,
,HSS12X6X5/16,,R,US,Steel,AISC v15.0,53.7,304.8,152.4,7.4,7.4,,,38.2,17.6,,,,0.889,16.5,7660,2610,10.9,6.39,503,343,624,387,,,,6330,64,,,,,,,,,,,,,,,638,
,HSS12X6X1/4,,R,US,Steel,AISC v15.0,43.5,304.8,152.4,5.9,5.9,,,48.5,22.8,,,,0.894,20.6,6290,2160,11,6.46,412,283,510,316,,,,5160,51.8,,,,,,,,,,,,,,,518,
,HSS12X6X3/16,,R,US,Steel,AISC v15.0,33,304.8,152.4,4.4,4.4,,,66,31.5,,,,0.899,27.2,4830,1660,11.1,6.53,317,218,388,241,,,,3940,39.1,,,,,,,,,,,,,,,393,
,HSS12X4X5/8,,R,US,Steel,AISC v15.0,88.3,304.8,101.6,14.8,14.8,,,17.7,3.88,,,,0.762,8.63,10200,1680,9.82,3.99,669,331,909,401,,,,5080,106,,,,,,,,,,,,,,,743,
,HSS12X4X1/2,,R,US,Steel,AISC v15.0,72.7,304.8,101.6,11.8,11.8,,,22.8,5.6,,,,0.772,10.6,8740,1470,10,4.11,574,289,765,342,,,,4370,87.1,,,,,,,,,,,,,,,621,
,HSS12X4X3/8,,R,US,Steel,AISC v15.0,56.1,304.8,101.6,8.9,8.9,,,31.4,8.46,,,,0.782,13.9,6990,1200,10.2,4.23,459,237,601,272,,,,3500,67.1,,,,,,,,,,,,,,,487,
,HSS12X4X5/16,,R,US,Steel,AISC v15.0,47.4,304.8,101.6,7.4,7.4,,,38.2,10.7,,,,0.787,16.6,5990,1050,10.3,4.31,393,206,513,233,,,,3010,56.5,,,,,,,,,,,,,,,414,
,HSS12X4X1/4,,R,US,Steel,AISC v15.0,38.4,304.8,101.6,5.9,5.9,,,48.5,14.2,,,,0.792,20.6,4950,874,10.4,4.37,325,172,420,192,,,,2490,45.8,,,,,,,,,,,,,,,338,
,HSS12X4X3/16,,R,US,Steel,AISC v15.0,29.2,304.8,101.6,4.4,4.4,,,66,20,,,,0.798,27.3,3820,683,10.5,4.44,251,134,321,147,,,,1920,34.6,,,,,,,,,,,,,,,258,
,HSS12X3-1/2X3/8,,R,US,Steel,AISC v15.0,54.2,304.8,88.9,8.9,8.9,,,31.4,7.03,,,,0.757,14,6490,887,10,3.71,426,199,569,229,,,,2690,64.5,,,,,,,,,,,,,,,420,
,HSS12X3-1/2X5/16,,R,US,Steel,AISC v15.0,45.8,304.8,88.9,7.4,7.4,,,38.2,9.03,,,,0.762,16.6,5580,774,10.1,3.77,366,174,485,198,,,,2330,54.6,,,,,,,,,,,,,,,358,
,HSS12X3X5/16,,R,US,Steel,AISC v15.0,44.2,304.8,76.2,7.4,7.4,,,38.2,7.31,,,,0.737,16.7,5160,545,9.9,3.22,339,143,457,164,,,,1720,52.7,,,,,,,,,,,,,,,303,
,HSS12X3X1/4,,R,US,Steel,AISC v15.0,35.9,304.8,76.2,5.9,5.9,,,48.5,9.88,,,,0.742,20.7,4290,462,10,3.29,281,121,375,136,,,,1440,42.8,,,,,,,,,,,,,,,249,
,HSS12X3X3/16,,R,US,Steel,AISC v15.0,27.3,304.8,76.2,4.4,4.4,,,66,14.2,,,,0.747,27.3,3310,363,10.1,3.35,217,95.3,287,105,,,,1120,32.4,,,,,,,,,,,,,,,191,
,HSS12X2X5/16,,R,US,Steel,AISC v15.0,41.1,304.8,50.8,7.4,7.4,,,38.2,3.87,,,,0.686,16.7,4330,212,9.4,2.08,284,83.6,401,99.1,,,,733,49,,,,,,,,,,,,,,,191,
,HSS12X2X1/4,,R,US,Steel,AISC v15.0,33.4,304.8,50.8,5.9,5.9,,,48.5,5.58,,,,0.691,20.7,3620,184,9.53,2.15,237,72.3,329,83.2,,,,629,39.8,,,,,,,,,,,,,,,159,
,HSS12X2X3/16,,R,US,Steel,AISC v15.0,25.4,304.8,50.8,4.4,4.4,,,66,8.49,,,,0.696,27.4,2810,148,9.65,2.21,184,58.2,254,65.1,,,,499,30.1,,,,,,,,,,,,,,,123,
,HSS10X8X5/8,,R,US,Steel,AISC v15.0,100.9,254,203.2,14.8,14.8,,,14.2,10.8,,,,0.864,8.56,10500,7410,9.34,7.84,829,729,1020,873,,,,14400,121,,,,,,,,,,,,,,,1330,
,HSS10X8X1/2,,R,US,Steel,AISC v15.0,82.8,254,203.2,11.8,11.8,,,18.5,14.2,,,,0.874,10.5,8910,6290,9.5,7.98,701,619,850,729,,,,12000,98.7,,,,,,,,,,,,,,,1090,
,HSS10X8X3/8,,R,US,Steel,AISC v15.0,63.7,254,203.2,8.9,8.9,,,25.7,19.9,,,,0.884,13.9,7030,4990,9.61,8.1,554,492,664,570,,,,9320,76.1,,,,,,,,,,,,,,,845,
,HSS10X8X5/16,,R,US,Steel,AISC v15.0,53.7,254,203.2,7.4,7.4,,,31.4,24.5,,,,0.889,16.5,6040,4290,9.71,8.18,475,422,564,485,,,,7910,64,,,,,,,,,,,,,,,714,
,HSS10X8X1/4,,R,US,Steel,AISC v15.0,43.5,254,203.2,5.9,5.9,,,39.9,31.3,,,,0.894,20.6,4950,3530,9.78,8.25,390,347,460,397,,,,6450,51.8,,,,,,,,,,,,,,,579,
,HSS10X8X3/16,,R,US,Steel,AISC v15.0,33,254,203.2,4.4,4.4,,,54.5,43,,,,0.899,27.2,3800,2710,9.86,8.33,300,267,351,302,,,,4910,39.1,,,,,,,,,,,,,,,439,
,HSS10X6X5/8,,R,US,Steel,AISC v15.0,88.3,254,152.4,14.8,14.8,,,14.2,7.33,,,,0.762,8.63,8370,3720,8.89,5.93,659,488,841,587,,,,8700,106,,,,,,,,,,,,,,,972,
,HSS10X6X1/2,,R,US,Steel,AISC v15.0,72.7,254,152.4,11.8,11.8,,,18.5,9.9,,,,0.772,10.6,7120,3200,9.04,6.06,560,420,705,493,,,,7330,87.1,,,,,,,,,,,,,,,804,
,HSS10X6X3/8,,R,US,Steel,AISC v15.0,56.1,254,152.4,8.9,8.9,,,25.7,14.2,,,,0.782,13.9,5700,2570,9.22,6.19,449,338,554,388,,,,5790,67.1,,,,,,,,,,,,,,,624,
,HSS10X6X5/16,,R,US,Steel,AISC v15.0,47.4,254,152.4,7.4,7.4,,,31.4,17.6,,,,0.787,16.6,4910,2220,9.32,6.27,387,291,472,331,,,,4910,56.5,,,,,,,,,,,,,,,529,
,HSS10X6X1/4,,R,US,Steel,AISC v15.0,38.4,254,152.4,5.9,5.9,,,39.9,22.8,,,,0.792,20.6,4030,1840,9.38,6.33,318,241,387,272,,,,4020,45.8,,,,,,,,,,,,,,,430,
,HSS10X6X3/16,,R,US,Steel,AISC v15.0,29.2,254,152.4,4.4,4.4,,,54.5,31.5,,,,0.798,27.3,3110,1420,9.47,6.4,244,186,295,208,,,,3070,34.6,,,,,,,,,,,,,,,326,
,HSS10X5X3/8,,R,US,Steel,AISC v15.0,52.3,254,127,8.9,8.9,,,25.7,11.3,,,,0.732,14,4990,1690,8.95,5.2,393,266,498,306,,,,4160,62.4,,,,,,,,,,,,,,,513,
,HSS10X5X5/16,,R,US,Steel,AISC v15.0,44.2,254,127,7.4,7.4,,,31.4,14.2,,,,0.737,16.7,4330,1470,9.06,5.27,341,231,426,262,,,,3580,52.7,,,,,,,,,,,,,,,436,
,HSS10X5X1/4,,R,US,Steel,AISC v15.0,35.9,254,127,5.9,5.9,,,39.9,18.5,,,,0.742,20.7,3570,1220,9.14,5.34,281,192,349,216,,,,2940,42.8,,,,,,,,,,,,,,,356,
,HSS10X5X3/16,,R,US,Steel,AISC v15.0,27.3,254,127,4.4,4.4,,,54.5,25.7,,,,0.747,27.3,2760,945,9.22,5.4,217,149,267,166,,,,2250,32.4,,,,,,,,,,,,,,,270,
,HSS10X4X5/8,,R,US,Steel,AISC v15.0,75.6,254,101.6,14.8,14.8,,,14.2,3.88,,,,0.661,8.74,6200,1390,8.29,3.93,488,274,660,338,,,,3980,90.3,,,,,,,,,,,,,,,613,
,HSS10X4X1/2,,R,US,Steel,AISC v15.0,62.6,254,101.6,11.8,11.8,,,18.5,5.6,,,,0.671,10.7,5370,1230,8.47,4.05,423,242,559,288,,,,3440,74.8,,,,,,,,,,,,,,,514,
,HSS10X4X3/8,,R,US,Steel,AISC v15.0,48.5,254,101.6,8.9,8.9,,,25.7,8.46,,,,0.681,14,4330,1010,8.65,4.18,341,199,442,229,,,,2770,57.9,,,,,,,,,,,,,,,403,
,HSS10X4X5/16,,R,US,Steel,AISC v15.0,41.1,254,101.6,7.4,7.4,,,31.4,10.7,,,,0.686,16.7,3750,882,8.75,4.25,295,174,379,198,,,,2390,49,,,,,,,,,,,,,,,343,
,HSS10X4X1/4,,R,US,Steel,AISC v15.0,33.4,254,101.6,5.9,5.9,,,39.9,14.2,,,,0.691,20.7,3110,737,8.84,4.3,245,145,311,164,,,,1970,39.8,,,,,,,,,,,,,,,281,
,HSS10X4X3/16,,R,US,Steel,AISC v15.0,25.4,254,101.6,4.4,4.4,,,54.5,20,,,,0.696,27.4,2410,579,8.94,4.38,189,114,239,126,,,,1520,30.1,,,,,,,,,,,,,,,214,
,HSS10X4X1/8,,R,US,Steel,AISC v15.0,17.2,254,101.6,2.9,2.9,,,83.2,31.5,,,,0.701,40.8,1660,402,9.01,4.44,130,79.1,164,86.2,,,,1040,20.4,,,,,,,,,,,,,,,146,
,HSS10X3-1/2X1/2,,R,US,Steel,AISC v15.0,60,254,88.9,11.8,11.8,,,18.5,4.53,,,,0.645,10.7,4910,891,8.28,3.53,387,200,523,241,,,,2630,71.6,,,,,,,,,,,,,,,441,
,HSS10X3-1/2X3/8,,R,US,Steel,AISC v15.0,46.6,254,88.9,8.9,8.9,,,25.7,7.03,,,,0.655,14.1,4000,741,8.48,3.65,315,167,415,193,,,,2140,55.6,,,,,,,,,,,,,,,348,
,HSS10X3-1/2X5/16,,R,US,Steel,AISC v15.0,39.5,254,88.9,7.4,7.4,,,31.4,9.03,,,,0.661,16.7,3460,649,8.57,3.71,273,146,356,167,,,,1860,47.1,,,,,,,,,,,,,,,297,
,HSS10X3-1/2X1/4,,R,US,Steel,AISC v15.0,32.1,254,88.9,5.9,5.9,,,39.9,12,,,,0.665,20.7,2880,545,8.67,3.78,226,123,293,138,,,,1540,38.3,,,,,,,,,,,,,,,244,
,HSS10X3-1/2X3/16,,R,US,Steel,AISC v15.0,24.5,254,88.9,4.4,4.4,,,54.5,17.1,,,,0.671,27.4,2230,429,8.77,3.84,176,96.4,225,107,,,,1190,29,,,,,,,,,,,,,,,186,
,HSS10X3-1/2X1/8,,R,US,Steel,AISC v15.0,16.6,254,88.9,2.9,2.9,,,83.2,27.2,,,,0.676,40.8,1540,301,8.86,3.91,121,67.6,154,73.4,,,,824,19.6,,,,,,,,,,,,,,,127,
,HSS10X3X3/8,,R,US,Steel,AISC v15.0,44.7,254,76.2,8.9,8.9,,,25.7,5.6,,,,0.63,14.1,3660,516,8.29,3.11,288,135,388,159,,,,1570,53.4,,,,,,,,,,,,,,,293,
,HSS10X3X5/16,,R,US,Steel,AISC v15.0,37.9,254,76.2,7.4,7.4,,,31.4,7.31,,,,0.635,16.8,3180,458,8.38,3.18,250,120,333,138,,,,1370,45.2,,,,,,,,,,,,,,,251,
,HSS10X3X1/4,,R,US,Steel,AISC v15.0,30.8,254,76.2,5.9,5.9,,,39.9,9.88,,,,0.64,20.8,2650,386,8.48,3.24,208,101,274,115,,,,1150,36.8,,,,,,,,,,,,,,,206,
,HSS10X3X3/16,,R,US,Steel,AISC v15.0,23.5,254,76.2,4.4,4.4,,,54.5,14.2,,,,0.645,27.4,2060,305,8.59,3.31,162,80.1,210,88.7,,,,895,27.9,,,,,,,,,,,,,,,158,
,HSS10X3X1/8,,R,US,Steel,AISC v15.0,15.9,254,76.2,2.9,2.9,,,83.2,22.9,,,,0.65,40.8,1420,215,8.68,3.37,112,56.4,144,61.3,,,,620,18.9,,,,,,,,,,,,,,,108,
,HSS10X2X3/8,,R,US,Steel,AISC v15.0,40.9,254,50.8,8.9,8.9,,,25.7,2.73,,,,0.579,14.2,2980,196,7.81,2,235,77,333,94.4,,,,662,48.9,,,,,,,,,,,,,,,736,
,HSS10X2X5/16,,R,US,Steel,AISC v15.0,34.7,254,50.8,7.4,7.4,,,31.4,3.87,,,,0.584,16.8,2610,176,7.93,2.06,205,69.5,287,82.9,,,,591,41.5,,,,,,,,,,,,,,,158,
,HSS10X2X1/4,,R,US,Steel,AISC v15.0,28.3,254,50.8,5.9,5.9,,,39.9,5.58,,,,0.589,20.8,2190,153,8.04,2.13,172,60.1,236,69.8,,,,508,33.8,,,,,,,,,,,,,,,132,
,HSS10X2X3/16,,R,US,Steel,AISC v15.0,21.6,254,50.8,4.4,4.4,,,54.5,8.49,,,,0.594,27.5,1710,124,8.15,2.19,134,48.7,182,54.7,,,,405,25.7,,,,,,,,,,,,,,,102,
,HSS10X2X1/8,,R,US,Steel,AISC v15.0,14.7,254,50.8,2.9,2.9,,,83.2,14.2,,,,0.6,40.9,1190,89.1,8.25,2.26,93.4,35.1,125,38.2,,,,287,17.4,,,,,,,,,,,,,,,70.8,
,HSS9X7X5/8,,R,US,Steel,AISC v15.0,88.3,228.6,177.8,14.8,14.8,,,12.5,9.05,,,,0.762,8.63,7240,4870,8.27,6.78,634,548,791,664,,,,9780,106,,,,,,,,,,,,,,,1030,
,HSS9X7X1/2,,R,US,Steel,AISC v15.0,72.7,228.6,177.8,11.8,11.8,,,16.4,12.1,,,,0.772,10.6,6200,4160,8.44,6.91,543,468,664,557,,,,8200,87.1,,,,,,,,,,,,,,,850,
,HSS9X7X3/8,,R,US,Steel,AISC v15.0,56.1,228.6,177.8,8.9,8.9,,,22.8,17.1,,,,0.782,13.9,4950,3350,8.59,7.06,433,376,521,438,,,,6410,67.1,,,,,,,,,,,,,,,658,
,HSS9X7X5/16,,R,US,Steel,AISC v15.0,47.4,228.6,177.8,7.4,7.4,,,27.9,21.1,,,,0.787,16.6,4250,2880,8.67,7.14,371,324,444,374,,,,5450,56.5,,,,,,,,,,,,,,,557,
,HSS9X7X1/4,,R,US,Steel,AISC v15.0,38.4,228.6,177.8,5.9,5.9,,,35.6,27,,,,0.792,20.6,3500,2380,8.74,7.21,306,268,364,306,,,,4450,45.8,,,,,,,,,,,,,,,453,
,HSS9X7X3/16,,R,US,Steel,AISC v15.0,29.2,228.6,177.8,4.4,4.4,,,48.7,37.2,,,,0.798,27.3,2690,1840,8.82,7.28,236,206,277,234,,,,3400,34.6,,,,,,,,,,,,,,,344,
,HSS9X5X5/8,,R,US,Steel,AISC v15.0,75.6,228.6,127,14.8,14.8,,,12.5,5.61,,,,0.661,8.74,5540,2160,7.83,4.9,484,341,631,415,,,,5330,90.3,,,,,,,,,,,,,,,708,
,HSS9X5X1/2,,R,US,Steel,AISC v15.0,62.6,228.6,127,11.8,11.8,,,16.4,7.75,,,,0.671,10.7,4790,1880,8,5.01,419,296,533,352,,,,4540,74.8,,,,,,,,,,,,,,,590,
,HSS9X5X3/8,,R,US,Steel,AISC v15.0,48.5,228.6,127,8.9,8.9,,,22.8,11.3,,,,0.681,14,3850,1530,8.16,5.14,337,241,421,280,,,,3620,57.9,,,,,,,,,,,,,,,460,
,HSS9X5X5/16,,R,US,Steel,AISC v15.0,41.1,228.6,127,7.4,7.4,,,27.9,14.2,,,,0.686,16.7,3320,1330,8.24,5.22,291,210,361,239,,,,3100,49,,,,,,,,,,,,,,,391,
,HSS9X5X1/4,,R,US,Steel,AISC v15.0,33.4,228.6,127,5.9,5.9,,,35.6,18.5,,,,0.691,20.7,2750,1110,8.31,5.27,241,174,297,197,,,,2550,39.8,,,,,,,,,,,,,,,319,
,HSS9X5X3/16,,R,US,Steel,AISC v15.0,25.4,228.6,127,4.4,4.4,,,48.7,25.7,,,,0.696,27.4,2130,862,8.4,5.35,186,136,226,152,,,,1950,30.1,,,,,,,,,,,,,,,243,
,HSS9X3X1/2,,R,US,Steel,AISC v15.0,52.4,228.6,76.2,11.8,11.8,,,16.4,3.45,,,,0.569,10.9,3360,549,7.32,2.96,294,144,403,177,,,,1660,62.8,,,,,,,,,,,,,,,330,
,HSS9X3X3/8,,R,US,Steel,AISC v15.0,40.9,228.6,76.2,8.9,8.9,,,22.8,5.6,,,,0.579,14.2,2760,466,7.51,3.09,241,122,323,144,,,,1380,48.9,,,,,,,,,,,,,,,262,
,HSS9X3X5/16,,R,US,Steel,AISC v15.0,34.7,228.6,76.2,7.4,7.4,,,27.9,7.31,,,,0.584,16.8,2400,411,7.61,3.15,210,108,277,125,,,,1200,41.5,,,,,,,,,,,,,,,225,
,HSS9X3X1/4,,R,US,Steel,AISC v15.0,28.3,228.6,76.2,5.9,5.9,,,35.6,9.88,,,,0.589,20.8,2010,349,7.7,3.21,176,91.5,229,104,,,,1010,33.8,,,,,,,,,,,,,,,185,
,HSS9X3X3/16,,R,US,Steel,AISC v15.0,21.6,228.6,76.2,4.4,4.4,,,48.7,14.2,,,,0.594,27.5,1570,276,7.81,3.28,137,72.5,177,80.6,,,,787,25.7,,,,,,,,,,,,,,,142,
,HSS8X6X5/8,,R,US,Steel,AISC v15.0,75.6,203.2,152.4,14.8,14.8,,,10.8,7.33,,,,0.661,8.74,4750,3010,7.25,5.77,467,395,592,483,,,,6240,90.3,,,,,,,,,,,,,,,766,
,HSS8X6X1/2,,R,US,Steel,AISC v15.0,62.6,203.2,152.4,11.8,11.8,,,14.2,9.9,,,,0.671,10.7,4090,2600,7.39,5.9,402,341,500,408,,,,5290,74.8,,,,,,,,,,,,,,,636,
,HSS8X6X3/8,,R,US,Steel,AISC v15.0,48.5,203.2,152.4,8.9,8.9,,,19.9,14.2,,,,0.681,14,3290,2110,7.54,6.03,324,276,395,324,,,,4160,57.9,,,,,,,,,,,,,,,495,
,HSS8X6X5/16,,R,US,Steel,AISC v15.0,41.1,203.2,152.4,7.4,7.4,,,24.5,17.6,,,,0.686,16.7,2840,1820,7.62,6.1,280,239,338,277,,,,3570,49,,,,,,,,,,,,,,,420,
,HSS8X6X1/4,,R,US,Steel,AISC v15.0,33.4,203.2,152.4,5.9,5.9,,,31.3,22.8,,,,0.691,20.7,2360,1520,7.69,6.17,232,199,277,228,,,,2930,39.8,,,,,,,,,,,,,,,342,
,HSS8X6X3/16,,R,US,Steel,AISC v15.0,25.4,203.2,152.4,4.4,4.4,,,43,31.5,,,,0.696,27.4,1820,1170,7.77,6.24,179,154,213,175,,,,2240,30.1,,,,,,,,,,,,,,,260,
,HSS8X4X5/8,,R,US,Steel,AISC v15.0,62.9,203.2,101.6,14.8,14.8,,,10.8,3.88,,,,0.559,8.88,3410,1110,6.72,3.83,336,218,449,272,,,,2930,75.5,,,,,,,,,,,,,,,483,
,HSS8X4X1/2,,R,US,Steel,AISC v15.0,52.4,203.2,101.6,11.8,11.8,,,14.2,5.6,,,,0.569,10.9,2990,982,6.9,3.95,294,193,385,234,,,,2540,62.8,,,,,,,,,,,,,,,406,
,HSS8X4X3/8,,R,US,Steel,AISC v15.0,40.9,203.2,101.6,8.9,8.9,,,19.9,8.46,,,,0.579,14.2,2440,816,7.07,4.08,240,161,308,188,,,,2050,48.9,,,,,,,,,,,,,,,320,
,HSS8X4X5/16,,R,US,Steel,AISC v15.0,34.7,203.2,101.6,7.4,7.4,,,24.5,10.7,,,,0.584,16.8,2120,716,7.15,4.15,209,141,264,162,,,,1770,41.5,,,,,,,,,,,,,,,273,
,HSS8X4X1/4,,R,US,Steel,AISC v15.0,28.3,203.2,101.6,5.9,5.9,,,31.3,14.2,,,,0.589,20.8,1770,599,7.23,4.21,174,118,218,134,,,,1470,33.8,,,,,,,,,,,,,,,223,
,HSS8X4X3/16,,R,US,Steel,AISC v15.0,21.6,203.2,101.6,4.4,4.4,,,43,20,,,,0.594,27.5,1380,470,7.32,4.28,136,92.6,167,104,,,,1130,25.7,,,,,,,,,,,,,,,171,
,HSS8X4X1/8,,R,US,Steel,AISC v15.0,14.7,203.2,101.6,2.9,2.9,,,66,31.5,,,,0.6,40.9,953,329,7.4,4.34,93.8,64.7,115,71.4,,,,778,17.4,,,,,,,,,,,,,,,116,
,HSS8X3X1/2,,R,US,Steel,AISC v15.0,47.4,203.2,76.2,11.8,11.8,,,14.2,3.45,,,,0.518,10.9,2440,487,6.55,2.93,240,128,328,158,,,,1430,56.8,,,,,,,,,,,,,,,291,
,HSS8X3X3/8,,R,US,Steel,AISC v15.0,37.1,203.2,76.2,8.9,8.9,,,19.9,5.6,,,,0.528,14.2,2020,416,6.74,3.06,199,109,264,129,,,,1190,44.4,,,,,,,,,,,,,,,232,
,HSS8X3X5/16,,R,US,Steel,AISC v15.0,31.6,203.2,76.2,7.4,7.4,,,24.5,7.31,,,,0.533,16.9,1760,367,6.84,3.12,174,96.2,228,112,,,,1040,37.7,,,,,,,,,,,,,,,199,
,HSS8X3X1/4,,R,US,Steel,AISC v15.0,25.8,203.2,76.2,5.9,5.9,,,31.3,9.88,,,,0.539,20.9,1480,312,6.93,3.18,145,81.8,188,93.4,,,,866,30.8,,,,,,,,,,,,,,,164,
,HSS8X3X3/16,,R,US,Steel,AISC v15.0,19.7,203.2,76.2,4.4,4.4,,,43,14.2,,,,0.544,27.6,1160,247,7.03,3.25,114,64.9,145,72.6,,,,674,23.4,,,,,,,,,,,,,,,126,
,HSS8X3X1/8,,R,US,Steel,AISC v15.0,13.4,203.2,76.2,2.9,2.9,,,66,22.9,,,,0.549,40.9,803,175,7.11,3.32,79.1,45.9,100,50.3,,,,470,15.9,,,,,,,,,,,,,,,86.4,
,HSS8X2X3/8,,R,US,Steel,AISC v15.0,33.3,203.2,50.8,8.9,8.9,,,19.9,2.73,,,,0.478,14.3,1590,155,6.31,1.97,156,61.1,220,75.5,,,,504,39.9,,,,,,,,,,,,,,,562,
,HSS8X2X5/16,,R,US,Steel,AISC v15.0,28.4,203.2,50.8,7.4,7.4,,,24.5,3.87,,,,0.482,17,1400,141,6.43,2.04,138,55.4,190,66.5,,,,454,33.9,,,,,,,,,,,,,,,126,
,HSS8X2X1/4,,R,US,Steel,AISC v15.0,23.2,203.2,50.8,5.9,5.9,,,31.3,5.58,,,,0.488,21,1190,122,6.54,2.1,117,48.2,159,56.2,,,,390,27.7,,,,,,,,,,,,,,,105,
,HSS8X2X3/16,,R,US,Steel,AISC v15.0,17.8,203.2,50.8,4.4,4.4,,,43,8.49,,,,0.493,27.7,932,99.5,6.64,2.17,91.8,39.2,123,44.2,,,,311,21.2,,,,,,,,,,,,,,,81.5,
,HSS8X2X1/8,,R,US,Steel,AISC v15.0,12.1,203.2,50.8,2.9,2.9,,,66,14.2,,,,0.498,41,653,71.6,6.74,2.23,64.3,28.2,85,31.1,,,,221,14.4,,,,,,,,,,,,,,,56.5,
,HSS7X5X1/2,,R,US,Steel,AISC v15.0,52.4,177.8,127,11.8,11.8,,,12.1,7.75,,,,0.569,10.9,2520,1480,6.34,4.86,284,233,359,283,,,,3160,62.8,,,,,,,,,,,,,,,452,
,HSS7X5X3/8,,R,US,Steel,AISC v15.0,40.9,177.8,127,8.9,8.9,,,17.1,11.3,,,,0.579,14.2,2060,1220,6.49,4.99,232,192,287,226,,,,2520,48.9,,,,,,,,,,,,,,,354,
,HSS7X5X5/16,,R,US,Steel,AISC v15.0,34.7,177.8,127,7.4,7.4,,,21.1,14.2,,,,0.584,16.8,1790,1060,6.57,5.06,201,167,246,195,,,,2170,41.5,,,,,,,,,,,,,,,301,
,HSS7X5X1/4,,R,US,Steel,AISC v15.0,28.3,177.8,127,5.9,5.9,,,27,18.5,,,,0.589,20.8,1490,887,6.65,5.12,168,140,203,161,,,,1790,33.8,,,,,,,,,,,,,,,246,
,HSS7X5X3/16,,R,US,Steel,AISC v15.0,21.6,177.8,127,4.4,4.4,,,37.2,25.7,,,,0.594,27.5,1160,691,6.73,5.19,131,109,156,124,,,,1370,25.7,,,,,,,,,,,,,,,188,
,HSS7X5X1/8,,R,US,Steel,AISC v15.0,14.7,177.8,127,2.9,2.9,,,57.3,40.1,,,,0.6,40.9,803,483,6.79,5.26,90.4,76,107,85.2,,,,937,17.4,,,,,,,,,,,,,,,128,
,HSS7X4X1/2,,R,US,Steel,AISC v15.0,47.4,177.8,101.6,11.8,11.8,,,12.1,5.6,,,,0.518,10.9,2110,862,6.09,3.89,237,170,308,206,,,,2100,56.8,,,,,,,,,,,,,,,352,
,HSS7X4X3/8,,R,US,Steel,AISC v15.0,37.1,177.8,101.6,8.9,8.9,,,17.1,8.46,,,,0.528,14.2,1740,720,6.26,4.03,196,142,247,167,,,,1710,44.4,,,,,,,,,,,,,,,278,
,HSS7X4X5/16,,R,US,Steel,AISC v15.0,31.6,177.8,101.6,7.4,7.4,,,21.1,10.7,,,,0.533,16.9,1520,633,6.34,4.09,171,125,215,145,,,,1470,37.7,,,,,,,,,,,,,,,237,
,HSS7X4X1/4,,R,US,Steel,AISC v15.0,25.8,177.8,101.6,5.9,5.9,,,27,14.2,,,,0.539,20.9,1270,533,6.42,4.16,143,105,177,120,,,,1220,30.8,,,,,,,,,,,,,,,195,
,HSS7X4X3/16,,R,US,Steel,AISC v15.0,19.7,177.8,101.6,4.4,4.4,,,37.2,20,,,,0.544,27.6,991,416,6.5,4.22,111,81.9,137,92.9,,,,945,23.4,,,,,,,,,,,,,,,149,
,HSS7X4X1/8,,R,US,Steel,AISC v15.0,13.4,177.8,101.6,2.9,2.9,,,57.3,31.5,,,,0.549,40.9,691,293,6.6,4.29,77.7,57.6,93.9,64.1,,,,649,15.9,,,,,,,,,,,,,,,102,
,HSS7X3X1/2,,R,US,Steel,AISC v15.0,42.3,177.8,76.2,11.8,11.8,,,12.1,3.45,,,,0.468,11.1,1690,425,5.77,2.89,191,111,259,139,,,,1190,50.8,,,,,,,,,,,,,,,252,
,HSS7X3X3/8,,R,US,Steel,AISC v15.0,33.3,177.8,76.2,8.9,8.9,,,17.1,5.6,,,,0.478,14.3,1420,363,5.97,3.02,160,95.2,210,114,,,,995,39.9,,,,,,,,,,,,,,,202,
,HSS7X3X5/16,,R,US,Steel,AISC v15.0,28.4,177.8,76.2,7.4,7.4,,,21.1,7.31,,,,0.482,17,1240,322,6.06,3.08,140,84.6,182,99.1,,,,870,33.9,,,,,,,,,,,,,,,173,
,HSS7X3X1/4,,R,US,Steel,AISC v15.0,23.2,177.8,76.2,5.9,5.9,,,27,9.88,,,,0.488,21,1050,275,6.15,3.15,118,72.1,151,82.9,,,,728,27.7,,,,,,,,,,,,,,,143,
,HSS7X3X3/16,,R,US,Steel,AISC v15.0,17.8,177.8,76.2,4.4,4.4,,,37.2,14.2,,,,0.493,27.7,824,218,6.24,3.21,92.7,57.2,117,64.6,,,,570,21.2,,,,,,,,,,,,,,,110,
,HSS7X3X1/8,,R,US,Steel,AISC v15.0,12.1,177.8,76.2,2.9,2.9,,,57.3,22.9,,,,0.498,41,574,154,6.32,3.28,64.6,40.5,80.8,44.7,,,,395,14.4,,,,,,,,,,,,,,,75.5,
,HSS7X2X1/4,,R,US,Steel,AISC v15.0,20.7,177.8,50.8,5.9,5.9,,,27,5.58,,,,0.437,21.1,824,107,5.77,2.08,92.7,42.3,125,49.5,,,,331,24.8,,,,,,,,,,,,,,,91.3,
,HSS7X2X3/16,,R,US,Steel,AISC v15.0,15.9,177.8,50.8,4.4,4.4,,,37.2,8.49,,,,0.442,27.8,653,87.4,5.88,2.15,73.5,34.4,97.5,39.2,,,,264,18.9,,,,,,,,,,,,,,,71.1,
,HSS7X2X1/8,,R,US,Steel,AISC v15.0,10.9,177.8,50.8,2.9,2.9,,,57.3,14.2,,,,0.447,41.1,462,63.3,5.98,2.21,52,24.9,67.7,27.5,,,,188,12.9,,,,,,,,,,,,,,,49.3,
,HSS6X5X1/2,,R,US,Steel,AISC v15.0,47.4,152.4,127,11.8,11.8,,,9.9,7.75,,,,0.518,10.9,1710,1280,5.49,4.75,225,202,282,249,,,,2490,56.8,,,,,,,,,,,,,,,383,
,HSS6X5X3/8,,R,US,Steel,AISC v15.0,37.1,152.4,127,8.9,8.9,,,14.2,11.3,,,,0.528,14.2,1410,1060,5.64,4.89,185,167,226,200,,,,2000,44.4,,,,,,,,,,,,,,,301,
,HSS6X5X5/16,,R,US,Steel,AISC v15.0,31.6,152.4,127,7.4,7.4,,,17.6,14.2,,,,0.533,16.9,1230,928,5.71,4.96,162,146,195,172,,,,1720,37.7,,,,,,,,,,,,,,,256,
,HSS6X5X1/4,,R,US,Steel,AISC v15.0,25.8,152.4,127,5.9,5.9,,,22.8,18.5,,,,0.539,20.9,1030,778,5.78,5.03,135,123,162,143,,,,1420,30.8,,,,,,,,,,,,,,,210,
,HSS6X5X3/16,,R,US,Steel,AISC v15.0,19.7,152.4,127,4.4,4.4,,,31.5,25.7,,,,0.544,27.6,803,608,5.86,5.09,105,95.7,125,110,,,,1090,23.4,,,,,,,,,,,,,,,160,
,HSS6X5X1/8,,R,US,Steel,AISC v15.0,13.4,152.4,127,2.9,2.9,,,48.7,40.1,,,,0.549,40.9,558,425,5.93,5.17,73.2,66.9,85.9,75.9,,,,749,15.9,,,,,,,,,,,,,,,109,
,HSS6X4X1/2,,R,US,Steel,AISC v15.0,42.3,152.4,101.6,11.8,11.8,,,9.9,5.6,,,,0.468,11.1,1420,741,5.28,3.82,186,146,239,180,,,,1680,50.8,,,,,,,,,,,,,,,298,
,HSS6X4X3/8,,R,US,Steel,AISC v15.0,33.3,152.4,101.6,8.9,8.9,,,14.2,8.46,,,,0.478,14.3,1180,620,5.44,3.94,155,122,195,147,,,,1370,39.9,,,,,,,,,,,,,,,236,
,HSS6X4X5/16,,R,US,Steel,AISC v15.0,28.4,152.4,101.6,7.4,7.4,,,17.6,10.7,,,,0.482,17,1030,549,5.52,4.02,135,108,169,127,,,,1180,33.9,,,,,,,,,,,,,,,202,
,HSS6X4X1/4,,R,US,Steel,AISC v15.0,23.2,152.4,101.6,5.9,5.9,,,22.8,14.2,,,,0.488,21,870,462,5.6,4.08,114,90.9,140,106,,,,982,27.7,,,,,,,,,,,,,,,166,
,HSS6X4X3/16,,R,US,Steel,AISC v15.0,17.8,152.4,101.6,4.4,4.4,,,31.5,20,,,,0.493,27.7,683,365,5.68,4.15,89.6,71.8,108,81.9,,,,758,21.2,,,,,,,,,,,,,,,127,
,HSS6X4X1/8,,R,US,Steel,AISC v15.0,12.1,152.4,101.6,2.9,2.9,,,48.7,31.5,,,,0.498,41,475,256,5.74,4.22,62.3,50.4,74.7,56.7,,,,524,14.4,,,,,,,,,,,,,,,86.9,
,HSS6X3X1/2,,R,US,Steel,AISC v15.0,37.2,152.4,76.2,11.8,11.8,,,9.9,3.45,,,,0.417,11.2,1120,362,4.99,2.84,146,94.9,198,119,,,,961,44.8,,,,,,,,,,,,,,,800,
,HSS6X3X3/8,,R,US,Steel,AISC v15.0,29.5,152.4,76.2,8.9,8.9,,,14.2,5.6,,,,0.427,14.5,945,311,5.17,2.97,124,81.7,162,98.8,,,,803,35.4,,,,,,,,,,,,,,,171,
,HSS6X3X5/16,,R,US,Steel,AISC v15.0,25.2,152.4,76.2,7.4,7.4,,,17.6,7.31,,,,0.432,17.1,837,278,5.26,3.03,110,72.9,141,86.4,,,,703,30.2,,,,,,,,,,,,,,,148,
,HSS6X3X1/4,,R,US,Steel,AISC v15.0,20.7,152.4,76.2,5.9,5.9,,,22.8,9.88,,,,0.437,21.1,708,237,5.34,3.09,92.9,62.3,118,72.3,,,,591,24.8,,,,,,,,,,,,,,,122,
,HSS6X3X3/16,,R,US,Steel,AISC v15.0,15.9,152.4,76.2,4.4,4.4,,,31.5,14.2,,,,0.442,27.8,558,189,5.43,3.17,73.2,49.7,91.6,56.5,,,,462,18.9,,,,,,,,,,,,,,,93.9,
,HSS6X3X1/8,,R,US,Steel,AISC v15.0,10.9,152.4,76.2,2.9,2.9,,,48.7,22.9,,,,0.447,41.1,393,134,5.52,3.23,51.5,35.3,63.4,39.3,,,,322,12.9,,,,,,,,,,,,,,,64.5,
,HSS6X2X3/8,,R,US,Steel,AISC v15.0,25.7,152.4,50.8,8.9,8.9,,,14.2,2.73,,,,0.376,14.6,712,115,4.8,1.93,93.4,45.4,130,56.7,,,,350,30.8,,,,,,,,,,,,,,,391,
,HSS6X2X5/16,,R,US,Steel,AISC v15.0,22.1,152.4,50.8,7.4,7.4,,,17.6,3.87,,,,0.381,17.3,637,105,4.91,1.99,83.6,41.3,114,50.3,,,,316,26.5,,,,,,,,,,,,,,,93.1,
,HSS6X2X1/4,,R,US,Steel,AISC v15.0,18.2,152.4,50.8,5.9,5.9,,,22.8,5.58,,,,0.386,21.3,545,92,5.01,2.06,71.6,36.2,95.7,42.8,,,,273,21.7,,,,,,,,,,,,,,,77.8,
,HSS6X2X3/16,,R,US,Steel,AISC v15.0,14,152.4,50.8,4.4,4.4,,,31.5,8.49,,,,0.391,27.9,437,74.9,5.12,2.12,57.4,29.5,75.1,33.9,,,,218,16.6,,,,,,,,,,,,,,,60.7,
,HSS6X2X1/8,,R,US,Steel,AISC v15.0,9.61,152.4,50.8,2.9,2.9,,,48.7,14.2,,,,0.396,41.2,309,54.5,5.2,2.19,40.5,21.5,52.3,23.9,,,,155,11.4,,,,,,,,,,,,,,,42.1,
,HSS5X4X1/2,,R,US,Steel,AISC v15.0,37.2,127,101.6,11.8,11.8,,,7.75,5.6,,,,0.417,11.2,882,620,4.44,3.72,139,122,179,153,,,,1260,44.8,,,,,,,,,,,,,,,244,
,HSS5X4X3/8,,R,US,Steel,AISC v15.0,29.5,127,101.6,8.9,8.9,,,11.3,8.46,,,,0.427,14.5,745,524,4.59,3.85,117,103,147,126,,,,1040,35.4,,,,,,,,,,,,,,,194,
,HSS5X4X5/16,,R,US,Steel,AISC v15.0,25.2,127,101.6,7.4,7.4,,,14.2,10.7,,,,0.432,17.1,658,462,4.67,3.91,104,90.9,128,109,,,,903,30.2,,,,,,,,,,,,,,,167,
,HSS5X4X1/4,,R,US,Steel,AISC v15.0,20.7,127,101.6,5.9,5.9,,,18.5,14.2,,,,0.437,21.1,558,394,4.74,3.99,87.8,77.5,106,91.3,,,,749,24.8,,,,,,,,,,,,,,,137,
,HSS5X4X3/16,,R,US,Steel,AISC v15.0,15.9,127,101.6,4.4,4.4,,,25.7,20,,,,0.442,27.8,441,311,4.83,4.06,69.5,61.3,82.8,71.1,,,,583,18.9,,,,,,,,,,,,,,,105,
,HSS5X4X1/8,,R,US,Steel,AISC v15.0,10.9,127,101.6,2.9,2.9,,,40.1,31.5,,,,0.447,41.1,309,219,4.89,4.12,48.6,43.2,57.4,49.3,,,,402,12.9,,,,,,,,,,,,,,,72.1,
,HSS5X3X1/2,,R,US,Steel,AISC v15.0,32.2,127,76.2,11.8,11.8,,,7.75,3.45,,,,0.366,11.4,683,299,4.19,2.77,107,78.4,145,100,,,,733,38.8,,,,,,,,,,,,,,,613,
,HSS5X3X3/8,,R,US,Steel,AISC v15.0,25.7,127,76.2,8.9,8.9,,,11.3,5.6,,,,0.376,14.6,587,260,4.36,2.9,92.4,68.3,120,83.6,,,,620,30.8,,,,,,,,,,,,,,,141,
,HSS5X3X5/16,,R,US,Steel,AISC v15.0,22.1,127,76.2,7.4,7.4,,,14.2,7.31,,,,0.381,17.3,524,233,4.45,2.97,82.6,61.2,105,73.4,,,,545,26.5,,,,,,,,,,,,,,,122,
,HSS5X3X1/4,,R,US,Steel,AISC v15.0,18.2,127,76.2,5.9,5.9,,,18.5,9.88,,,,0.386,21.3,445,200,4.53,3.03,70.1,52.5,88.2,61.8,,,,458,21.7,,,,,,,,,,,,,,,101,
,HSS5X3X3/16,,R,US,Steel,AISC v15.0,14,127,76.2,4.4,4.4,,,25.7,14.2,,,,0.391,27.9,355,160,4.62,3.1,55.9,42.1,69,48.5,,,,360,16.6,,,,,,,,,,,,,,,77.8,
,HSS5X3X1/8,,R,US,Steel,AISC v15.0,9.61,127,76.2,2.9,2.9,,,40.1,22.9,,,,0.396,41.2,251,114,4.69,3.17,39.5,30,48,33.9,,,,251,11.4,,,,,,,,,,,,,,,53.6,
,HSS5X2-1/2X1/4,,R,US,Steel,AISC v15.0,16.9,127,63.5,5.9,5.9,,,18.5,7.73,,,,0.361,21.3,391,130,4.39,2.54,61.6,41,79.1,48.3,,,,330,20.3,,,,,,,,,,,,,,,82.5,
,HSS5X2-1/2X3/16,,R,US,Steel,AISC v15.0,13.1,127,63.5,4.4,4.4,,,25.7,11.4,,,,0.366,28,313,105,4.48,2.6,49.2,33.2,62.1,38.2,,,,261,15.5,,,,,,,,,,,,,,,64,
,HSS5X2-1/2X1/8,,R,US,Steel,AISC v15.0,8.97,127,63.5,2.9,2.9,,,40.1,18.6,,,,0.371,41.3,222,75.8,4.57,2.67,35,23.9,43.4,26.9,,,,183,10.6,,,,,,,,,,,,,,,44.3,
,HSS5X2X3/8,,R,US,Steel,AISC v15.0,21.9,127,50.8,8.9,8.9,,,11.3,2.73,,,,0.325,14.8,433,94.9,4.05,1.9,68.2,37.4,93.6,47.2,,,,275,26.4,,,,,,,,,,,,,,,307,
,HSS5X2X5/16,,R,US,Steel,AISC v15.0,18.9,127,50.8,7.4,7.4,,,14.2,3.87,,,,0.33,17.5,389,87.4,4.14,1.96,61.3,34.4,82.8,42.1,,,,249,22.7,,,,,,,,,,,,,,,76.8,
,HSS5X2X1/4,,R,US,Steel,AISC v15.0,15.6,127,50.8,5.9,5.9,,,18.5,5.58,,,,0.335,21.4,336,76.6,4.23,2.02,53,30.2,70,36.1,,,,215,18.8,,,,,,,,,,,,,,,64.3,
,HSS5X2X3/16,,R,US,Steel,AISC v15.0,12.1,127,50.8,4.4,4.4,,,25.7,8.49,,,,0.34,28.1,271,62.9,4.33,2.09,42.6,24.7,55.2,28.7,,,,173,14.5,,,,,,,,,,,,,,,50.3,
,HSS5X2X1/8,,R,US,Steel,AISC v15.0,8.35,127,50.8,2.9,2.9,,,40.1,14.2,,,,0.345,41.4,194,45.8,4.41,2.15,30.5,18,38.8,20.3,,,,123,9.94,,,,,,,,,,,,,,,35,
,HSS4X3X3/8,,R,US,Steel,AISC v15.0,21.9,101.6,76.2,8.9,8.9,,,8.46,5.6,,,,0.325,14.8,330,209,3.54,2.81,65,54.7,83.9,68.5,,,,441,26.4,,,,,,,,,,,,,,,111,
,HSS4X3X5/16,,R,US,Steel,AISC v15.0,18.9,101.6,76.2,7.4,7.4,,,10.7,7.31,,,,0.33,17.5,297,188,3.62,2.88,58.5,49.4,73.9,60.5,,,,392,22.7,,,,,,,,,,,,,,,95.8,
,HSS4X3X1/4,,R,US,Steel,AISC v15.0,15.6,101.6,76.2,5.9,5.9,,,14.2,9.88,,,,0.335,21.4,256,163,3.69,2.94,50.4,42.7,62.4,51.1,,,,331,18.8,,,,,,,,,,,,,,,79.6,
,HSS4X3X3/16,,R,US,Steel,AISC v15.0,12.1,101.6,76.2,4.4,4.4,,,20,14.2,,,,0.34,28.1,205,132,3.77,3.02,40.4,34.5,49.2,40.3,,,,261,14.5,,,,,,,,,,,,,,,61.7,
,HSS4X3X1/8,,R,US,Steel,AISC v15.0,8.35,101.6,76.2,2.9,2.9,,,31.5,22.9,,,,0.345,41.4,147,94.5,3.84,3.08,28.8,24.8,34.6,28.3,,,,182,9.94,,,,,,,,,,,,,,,42.6,
,HSS4X2-1/2X3/8,,R,US,Steel,AISC v15.0,20,101.6,63.5,8.9,8.9,,,8.46,4.16,,,,0.3,15,282,132,3.42,2.34,55.5,41.6,73.4,52.4,,,,315,24.1,,,,,,,,,,,,,,,89.8,
,HSS4X2-1/2X5/16,,R,US,Steel,AISC v15.0,17.3,101.6,63.5,7.4,7.4,,,10.7,5.59,,,,0.305,17.6,255,120,3.5,2.4,50.2,37.9,65.1,46.7,,,,282,20.8,,,,,,,,,,,,,,,78.1,
,HSS4X2-1/2X1/4,,R,US,Steel,AISC v15.0,14.4,101.6,63.5,5.9,5.9,,,14.2,7.73,,,,0.31,21.6,221,105,3.59,2.47,43.6,33.2,55.4,39.8,,,,241,17.2,,,,,,,,,,,,,,,65.2,
,HSS4X2-1/2X3/16,,R,US,Steel,AISC v15.0,11.2,101.6,63.5,4.4,4.4,,,20,11.4,,,,0.315,28.2,179,85.7,3.67,2.54,35.2,27,43.8,31.6,,,,191,13.3,,,,,,,,,,,,,,,50.7,
,HSS4X2-1/2X1/8,,R,US,Steel,AISC v15.0,7.71,101.6,63.5,2.9,2.9,,,31.5,18.6,,,,0.32,41.5,129,62,3.75,2.6,25.3,19.5,30.8,22.3,,,,134,9.16,,,,,,,,,,,,,,,35.2,
,HSS4X2X3/8,,R,US,Steel,AISC v15.0,18.1,101.6,50.8,8.9,8.9,,,8.46,2.73,,,,0.274,15.1,233,74.9,3.26,1.85,45.9,29.5,62.9,37.9,,,,201,21.9,,,,,,,,,,,,,,,225,
,HSS4X2X5/16,,R,US,Steel,AISC v15.0,15.7,101.6,50.8,7.4,7.4,,,10.7,3.87,,,,0.28,17.8,214,69.5,3.36,1.91,42,27.4,56.2,34.1,,,,183,19,,,,,,,,,,,,,,,60.5,
,HSS4X2X1/4,,R,US,Steel,AISC v15.0,13.1,101.6,50.8,5.9,5.9,,,14.2,5.58,,,,0.284,21.7,187,61.6,3.45,1.98,36.8,24.3,48.2,29.3,,,,159,15.7,,,,,,,,,,,,,,,50.8,
,HSS4X2X3/16,,R,US,Steel,AISC v15.0,10.2,101.6,50.8,4.4,4.4,,,20,8.49,,,,0.29,28.3,152,50.8,3.53,2.04,30,20,38.3,23.4,,,,128,12.2,,,,,,,,,,,,,,,39.8,
,HSS4X2X1/8,,R,US,Steel,AISC v15.0,7.07,101.6,50.8,2.9,2.9,,,31.5,14.2,,,,0.295,41.7,110,37.4,3.63,2.11,21.7,14.7,27.2,16.7,,,,91.6,8.39,,,,,,,,,,,,,,,27.8,
,HSS3-1/2X2-1/2X3/8,,R,US,Steel,AISC v15.0,18.1,88.9,63.5,8.9,8.9,,,7.03,4.16,,,,0.274,15.1,198,115,3.01,2.3,44.5,36.3,58.8,46.2,,,,256,21.9,,,,,,,,,,,,,,,77.5,
,HSS3-1/2X2-1/2X5/16,,R,US,Steel,AISC v15.0,15.7,88.9,63.5,7.4,7.4,,,9.03,5.59,,,,0.28,17.8,181,106,3.09,2.36,40.6,33.3,52.4,41.3,,,,230,19,,,,,,,,,,,,,,,67.6,
,HSS3-1/2X2-1/2X1/4,,R,US,Steel,AISC v15.0,13.1,88.9,63.5,5.9,5.9,,,12,7.73,,,,0.284,21.7,158,92.8,3.17,2.43,35.5,29.2,44.9,35.4,,,,198,15.7,,,,,,,,,,,,,,,56.6,
,HSS3-1/2X2-1/2X3/16,,R,US,Steel,AISC v15.0,10.2,88.9,63.5,4.4,4.4,,,17.1,11.4,,,,0.29,28.3,129,75.8,3.25,2.49,28.9,23.9,35.7,28.2,,,,157,12.2,,,,,,,,,,,,,,,44.1,
,HSS3-1/2X2-1/2X1/8,,R,US,Steel,AISC v15.0,7.07,88.9,63.5,2.9,2.9,,,27.2,18.6,,,,0.295,41.7,92.8,55.4,3.33,2.57,20.9,17.4,25.2,20,,,,111,8.39,,,,,,,,,,,,,,,30.7,
,HSS3-1/2X2X1/4,,R,US,Steel,AISC v15.0,11.8,88.9,50.8,5.9,5.9,,,12,5.58,,,,0.259,21.9,132,54.1,3.04,1.95,29.7,21.3,38.7,25.9,,,,132,14.3,,,,,,,,,,,,,,,44.1,
,HSS3-1/2X2X3/16,,R,US,Steel,AISC v15.0,9.27,88.9,50.8,4.4,4.4,,,17.1,8.49,,,,0.264,28.5,109,45,3.14,2.02,24.4,17.7,31,20.8,,,,106,11,,,,,,,,,,,,,,,34.6,
,HSS3-1/2X2X1/8,,R,US,Steel,AISC v15.0,6.44,88.9,50.8,2.9,2.9,,,27.2,14.2,,,,0.269,41.8,79.1,33.1,3.21,2.08,17.8,13,22,14.9,,,,76.2,7.68,,,,,,,,,,,,,,,24.2,
,HSS3-1/2X1-1/2X1/4,,R,US,Steel,AISC v15.0,10.6,88.9,38.1,5.9,5.9,,,12,3.44,,,,0.234,22.1,106,26.6,2.89,1.45,23.9,13.9,32.4,17.4,,,,74.5,12.7,,,,,,,,,,,,,,,31.6,
,HSS3-1/2X1-1/2X3/16,,R,US,Steel,AISC v15.0,8.32,88.9,38.1,4.4,4.4,,,17.1,5.62,,,,0.239,28.7,88.2,22.6,2.98,1.51,19.9,11.9,26.2,14.2,,,,62,9.94,,,,,,,,,,,,,,,25.2,
,HSS3-1/2X1-1/2X1/8,,R,US,Steel,AISC v15.0,5.8,88.9,38.1,2.9,2.9,,,27.2,9.93,,,,0.244,42,65.3,17.1,3.08,1.57,14.7,8.98,18.8,10.3,,,,45.4,6.9,,,,,,,,,,,,,,,17.8,
,HSS3X2-1/2X5/16,,R,US,Steel,AISC v15.0,14.2,76.2,63.5,7.4,7.4,,,7.31,5.59,,,,0.254,17.9,122,90.7,2.67,2.31,31.9,28.6,41.1,36.1,,,,181,17,,,,,,,,,,,,,,,57.1,
,HSS3X2-1/2X1/4,,R,US,Steel,AISC v15.0,11.8,76.2,63.5,5.9,5.9,,,9.88,7.73,,,,0.259,21.9,107,80.3,2.74,2.37,28.1,25.3,35.4,31.1,,,,156,14.3,,,,,,,,,,,,,,,47.9,
,HSS3X2-1/2X3/16,,R,US,Steel,AISC v15.0,9.27,76.2,63.5,4.4,4.4,,,14.2,11.4,,,,0.264,28.5,87.8,66.2,2.82,2.45,23.1,20.8,28.3,24.9,,,,125,11,,,,,,,,,,,,,,,37.5,
,HSS3X2-1/2X1/8,,R,US,Steel,AISC v15.0,6.44,76.2,63.5,2.9,2.9,,,22.9,18.6,,,,0.269,41.8,64.1,48.3,2.89,2.51,16.8,15.2,20.2,17.9,,,,88.7,7.68,,,,,,,,,,,,,,,26.1,
,HSS3X2X5/16,,R,US,Steel,AISC v15.0,12.6,76.2,50.8,7.4,7.4,,,7.31,3.87,,,,0.229,18.2,99.1,51.6,2.56,1.85,26,20.3,34.6,25.9,,,,119,15.2,,,,,,,,,,,,,,,44.2,
,HSS3X2X1/4,,R,US,Steel,AISC v15.0,10.6,76.2,50.8,5.9,5.9,,,9.88,5.58,,,,0.234,22.1,88.7,46.2,2.64,1.91,23.3,18.2,30,22.6,,,,105,12.7,,,,,,,,,,,,,,,37.3,
,HSS3X2X3/16,,R,US,Steel,AISC v15.0,8.32,76.2,50.8,4.4,4.4,,,14.2,8.49,,,,0.239,28.7,73.7,38.8,2.72,1.98,19.3,15.3,24.3,18.4,,,,85.3,9.94,,,,,,,,,,,,,,,29.4,
,HSS3X2X1/8,,R,US,Steel,AISC v15.0,5.8,76.2,50.8,2.9,2.9,,,22.9,14.2,,,,0.244,42,54.1,28.8,2.8,2.04,14.2,11.3,17.4,13.2,,,,61.2,6.9,,,,,,,,,,,,,,,20.7,
,HSS3X1-1/2X1/4,,R,US,Steel,AISC v15.0,9.32,76.2,38.1,5.9,5.9,,,9.88,3.44,,,,0.208,22.3,69.9,22.6,2.5,1.42,18.4,11.9,24.7,14.9,,,,59.9,11.2,,,,,,,,,,,,,,,99.9,
,HSS3X1-1/2X3/16,,R,US,Steel,AISC v15.0,7.38,76.2,38.1,4.4,4.4,,,14.2,5.62,,,,0.213,28.9,59.1,19.4,2.59,1.48,15.5,10.2,20.3,12.3,,,,50.4,8.84,,,,,,,,,,,,,,,21.4,
,HSS3X1-1/2X1/8,,R,US,Steel,AISC v15.0,5.18,76.2,38.1,2.9,2.9,,,22.9,9.93,,,,0.219,42.2,44.1,14.8,2.67,1.55,11.6,7.76,14.7,9.01,,,,36.9,6.17,,,,,,,,,,,,,,,15.2,
,HSS3X1X3/16,,R,US,Steel,AISC v15.0,6.43,76.2,25.4,4.4,4.4,,,14.2,2.75,,,,0.188,29.3,44.5,7.2,2.41,0.968,11.7,5.67,16.2,7.08,,,,21.9,7.68,,,,,,,,,,,,,,,48.9,
,HSS3X1X1/8,,R,US,Steel,AISC v15.0,4.54,76.2,25.4,2.9,2.9,,,22.9,5.62,,,,0.193,42.5,34,5.74,2.5,1.03,8.93,4.52,11.9,5.33,,,,17,5.42,,,,,,,,,,,,,,,9.69,
,HSS2-1/2X2X1/4,,R,US,Steel,AISC v15.0,9.32,63.5,50.8,5.9,5.9,,,7.73,5.58,,,,0.208,22.3,55.4,38.7,2.22,1.86,17.4,15.2,22.5,19.2,,,,79.1,11.2,,,,,,,,,,,,,,,30.6,
,HSS2-1/2X2X3/16,,R,US,Steel,AISC v15.0,7.38,63.5,50.8,4.4,4.4,,,11.4,8.49,,,,0.213,28.9,46.6,32.7,2.3,1.92,14.7,12.9,18.4,15.7,,,,64.5,8.84,,,,,,,,,,,,,,,24.2,
,HSS2-1/2X2X1/8,,R,US,Steel,AISC v15.0,5.18,63.5,50.8,2.9,2.9,,,18.6,14.2,,,,0.219,42.2,34.7,24.5,2.37,1.99,10.9,9.65,13.3,11.4,,,,46.6,6.17,,,,,,,,,,,,,,,17.1,
,HSS2-1/2X1-1/2X1/4,,R,US,Steel,AISC v15.0,8.05,63.5,38.1,5.9,5.9,,,7.73,3.44,,,,0.183,22.7,42.9,18.7,2.1,1.39,13.5,9.81,18.2,12.5,,,,45.8,9.74,,,,,,,,,,,,,,,76.5,
,HSS2-1/2X1-1/2X3/16,,R,US,Steel,AISC v15.0,6.43,63.5,38.1,4.4,4.4,,,11.4,5.62,,,,0.188,29.3,36.7,16.2,2.19,1.45,11.6,8.52,15,10.4,,,,38.7,7.68,,,,,,,,,,,,,,,17.6,
,HSS2-1/2X1-1/2X1/8,,R,US,Steel,AISC v15.0,4.54,63.5,38.1,2.9,2.9,,,18.6,9.93,,,,0.193,42.5,27.8,12.5,2.27,1.52,8.76,6.55,11,7.69,,,,28.6,5.42,,,,,,,,,,,,,,,12.5,
,HSS2-1/2X1X3/16,,R,US,Steel,AISC v15.0,5.48,63.5,25.4,4.4,4.4,,,11.4,2.75,,,,0.163,29.7,26.9,5.95,2.02,0.951,8.47,4.69,11.7,5.9,,,,17.1,6.58,,,,,,,,,,,,,,,38.4,
,HSS2-1/2X1X1/8,,R,US,Steel,AISC v15.0,3.91,63.5,25.4,2.9,2.9,,,18.6,5.62,,,,0.168,42.8,20.9,4.79,2.12,1.01,6.59,3.77,8.72,4.49,,,,13.4,4.67,,,,,,,,,,,,,,,8.01,
,HSS2-1/4X2X3/16,,R,US,Steel,AISC v15.0,6.91,57.2,50.8,4.4,4.4,,,9.93,8.49,,,,0.201,29.1,35.8,29.7,2.08,1.9,12.5,11.7,15.6,14.4,,,,54.9,8.26,,,,,,,,,,,,,,,21.6,
,HSS2-1/4X2X1/8,,R,US,Steel,AISC v15.0,4.87,57.2,50.8,2.9,2.9,,,16.4,14.2,,,,0.206,42.3,26.9,22.4,2.15,1.97,9.41,8.82,11.4,10.5,,,,39.8,5.79,,,,,,,,,,,,,,,15.3,
,HSS2X1-1/2X3/16,,R,US,Steel,AISC v15.0,5.48,50.8,38.1,4.4,4.4,,,8.49,5.62,,,,0.163,29.7,20.6,13,1.77,1.41,8.11,6.84,10.5,8.54,,,,27.6,6.58,,,,,,,,,,,,,,,13.8,
,HSS2X1-1/2X1/8,,R,US,Steel,AISC v15.0,3.91,50.8,38.1,2.9,2.9,,,14.2,9.93,,,,0.168,42.8,15.9,10.2,1.85,1.47,6.28,5.33,7.78,6.37,,,,20.6,4.67,,,,,,,,,,,,,,,9.91,
,HSS2X1X3/16,,R,US,Steel,AISC v15.0,4.52,50.8,25.4,4.4,4.4,,,8.49,2.75,,,,0.137,30.3,14.6,4.66,1.63,0.925,5.74,3.67,7.87,4.72,,,,12.5,5.45,,,,,,,,,,,,,,,28.1,
,HSS2X1X1/8,,R,US,Steel,AISC v15.0,3.27,50.8,25.4,2.9,2.9,,,14.2,5.62,,,,0.142,43.5,11.7,3.84,1.72,0.989,4.59,3.02,6,3.65,,,,9.91,3.92,,,,,,,,,,,,,,,6.33,
,HSS16X16X7/8,,R,US,Steel,AISC v15.0,258.1,406.4,406.4,20.7,20.7,,,,,,,,1.55,6.02,74900,74900,15.6,15.6,3690,3690,4390,4390,,,,122000,308,,,,,,,,,,,,,,,6150,16.7
,HSS16X16X3/4,,R,US,Steel,AISC v15.0,224.3,406.4,406.4,17.7,17.7,,,,,,,,1.56,6.98,66200,66200,15.7,15.7,3260,3260,3850,3850,,,,107000,268,,,,,,,,,,,,,,,5360,19.9
,HSS16X16X5/8,,R,US,Steel,AISC v15.0,189.5,406.4,406.4,14.8,14.8,,,,,,,,1.57,8.31,57000,57000,15.9,15.9,2810,2810,3280,3280,,,,90300,226,,,,,,,,,,,,,,,4530,24.5
,HSS16X16X1/2,,R,US,Steel,AISC v15.0,153.7,406.4,406.4,11.8,11.8,,,,,,,,1.58,10.3,47000,47000,16.1,16.1,2310,2310,2690,2690,,,,73700,183,,,,,,,,,,,,,,,3680,31.4
,HSS16X16X3/8,,R,US,Steel,AISC v15.0,116.9,406.4,406.4,8.9,8.9,,,,,,,,1.6,13.7,36300,36300,16.2,16.2,1790,1790,2060,2060,,,,56200,139,,,,,,,,,,,,,,,2800,42.8
,HSS16X16X5/16,,R,US,Steel,AISC v15.0,98,406.4,406.4,7.4,7.4,,,,,,,,1.6,16.3,30800,30800,16.2,16.2,1510,1510,1740,1740,,,,47500,117,,,,,,,,,,,,,,,2350,52
,HSS14X14X7/8,,R,US,Steel,AISC v15.0,222.6,355.6,355.6,20.7,20.7,,,,,,,,1.35,6.07,48700,48700,13.5,13.5,2740,2740,3290,3290,,,,79500,266,,,,,,,,,,,,,,,4640,14.2
,HSS14X14X3/4,,R,US,Steel,AISC v15.0,194,355.6,355.6,17.7,17.7,,,,,,,,1.36,7.02,43300,43300,13.7,13.7,2430,2430,2900,2900,,,,69900,232,,,,,,,,,,,,,,,4050,17.1
,HSS14X14X5/8,,R,US,Steel,AISC v15.0,164.2,355.6,355.6,14.8,14.8,,,,,,,,1.37,8.35,37300,37300,13.8,13.8,2100,2100,2470,2470,,,,59500,195,,,,,,,,,,,,,,,3430,21.1
,HSS14X14X1/2,,R,US,Steel,AISC v15.0,133.5,355.6,355.6,11.8,11.8,,,,,,,,1.38,10.4,30900,30900,14,14,1740,1740,2030,2030,,,,48700,159,,,,,,,,,,,,,,,2790,27.1
,HSS14X14X3/8,,R,US,Steel,AISC v15.0,101.7,355.6,355.6,8.9,8.9,,,,,,,,1.39,13.7,24000,24000,14.1,14.1,1350,1350,1560,1560,,,,37500,121,,,,,,,,,,,,,,,2130,37.1
,HSS14X14X5/16,,R,US,Steel,AISC v15.0,85.4,355.6,355.6,7.4,7.4,,,,,,,,1.4,16.4,20400,20400,14.2,14.2,1150,1150,1320,1320,,,,31600,101,,,,,,,,,,,,,,,1790,45.1
,HSS12X12X3/4,,R,US,Steel,AISC v15.0,163.6,304.8,304.8,17.7,17.7,,,,,,,,1.16,7.08,26300,26300,11.6,11.6,1720,1720,2080,2080,,,,42900,195,,,,,,,,,,,,,,,2920,14.2
,HSS12X12X5/8,,R,US,Steel,AISC v15.0,138.9,304.8,304.8,14.8,14.8,,,,,,,,1.17,8.41,22800,22800,11.7,11.7,1500,1500,1790,1790,,,,36800,166,,,,,,,,,,,,,,,2480,17.7
,HSS12X12X1/2,,R,US,Steel,AISC v15.0,113.2,304.8,304.8,11.8,11.8,,,,,,,,1.18,10.4,19000,19000,11.9,11.9,1250,1250,1470,1470,,,,30300,135,,,,,,,,,,,,,,,2030,22.8
,HSS12X12X3/8,,R,US,Steel,AISC v15.0,86.5,304.8,304.8,8.9,8.9,,,,,,,,1.19,13.7,14900,14900,12,12,975,975,1130,1130,,,,23400,103,,,,,,,,,,,,,,,1550,31.4
,HSS12X12X5/16,,R,US,Steel,AISC v15.0,72.7,304.8,304.8,7.4,7.4,,,,,,,,1.19,16.4,12700,12700,12.1,12.1,830,830,960,960,,,,19700,86.5,,,,,,,,,,,,,,,1310,38.2
,HSS12X12X1/4,,R,US,Steel,AISC v15.0,58.7,304.8,304.8,5.9,5.9,,,,,,,,1.2,20.4,10300,10300,12.2,12.2,677,677,780,780,,,,16000,69.7,,,,,,,,,,,,,,,1060,48.5
,HSS12X12X3/16,,R,US,Steel,AISC v15.0,44.4,304.8,304.8,4.4,4.4,,,,,,,,1.2,27.1,7870,7870,12.2,12.2,516,516,590,590,,,,12100,52.6,,,,,,,,,,,,,,,798,66
,HSS10X10X3/4,,R,US,Steel,AISC v15.0,133.2,254,254,17.7,17.7,,,,,,,,0.955,7.17,14400,14400,9.52,9.52,1140,1140,1390,1390,,,,24100,159,,,,,,,,,,,,,,,1980,11.3
,HSS10X10X5/8,,R,US,Steel,AISC v15.0,113.6,254,254,14.8,14.8,,,,,,,,0.965,8.5,12700,12700,9.66,9.66,996,996,1200,1200,,,,20700,135,,,,,,,,,,,,,,,1690,14.2
,HSS10X10X1/2,,R,US,Steel,AISC v15.0,93,254,254,11.8,11.8,,,,,,,,0.975,10.5,10700,10700,9.8,9.8,839,839,995,995,,,,17100,111,,,,,,,,,,,,,,,1390,18.5
,HSS10X10X3/8,,R,US,Steel,AISC v15.0,71.3,254,254,8.9,8.9,,,,,,,,0.985,13.8,8410,8410,9.94,9.94,662,662,773,773,,,,13300,85.2,,,,,,,,,,,,,,,1070,25.7
,HSS10X10X5/16,,R,US,Steel,AISC v15.0,60,254,254,7.4,7.4,,,,,,,,0.991,16.5,7160,7160,10,10,564,564,657,657,,,,11300,71.6,,,,,,,,,,,,,,,899,31.4
,HSS10X10X1/4,,R,US,Steel,AISC v15.0,48.6,254,254,5.9,5.9,,,,,,,,0.996,20.5,5870,5870,10.1,10.1,462,462,536,536,,,,9160,57.8,,,,,,,,,,,,,,,728,39.9
,HSS10X10X3/16,,R,US,Steel,AISC v15.0,36.8,254,254,4.4,4.4,,,,,,,,1,27.2,4500,4500,10.2,10.2,354,354,406,406,,,,6950,43.6,,,,,,,,,,,,,,,551,54.5
,HSS9X9X5/8,,R,US,Steel,AISC v15.0,100.9,228.6,228.6,14.8,14.8,,,,,,,,0.864,8.56,8990,8990,8.63,8.63,787,787,952,952,,,,14800,121,,,,,,,,,,,,,,,1350,12.5
,HSS9X9X1/2,,R,US,Steel,AISC v15.0,82.8,228.6,228.6,11.8,11.8,,,,,,,,0.874,10.5,7620,7620,8.78,8.78,666,666,793,793,,,,12300,98.7,,,,,,,,,,,,,,,1110,16.4
,HSS9X9X3/8,,R,US,Steel,AISC v15.0,63.7,228.6,228.6,8.9,8.9,,,,,,,,0.884,13.9,6040,6040,8.9,8.9,528,528,619,619,,,,9610,76.1,,,,,,,,,,,,,,,856,22.8
,HSS9X9X5/16,,R,US,Steel,AISC v15.0,53.7,228.6,228.6,7.4,7.4,,,,,,,,0.889,16.5,5160,5160,8.98,8.98,452,452,526,526,,,,8160,64,,,,,,,,,,,,,,,723,27.9
,HSS9X9X1/4,,R,US,Steel,AISC v15.0,43.5,228.6,228.6,5.9,5.9,,,,,,,,0.894,20.6,4250,4250,9.05,9.05,371,371,429,429,,,,6620,51.8,,,,,,,,,,,,,,,587,35.6
,HSS9X9X3/16,,R,US,Steel,AISC v15.0,33,228.6,228.6,4.4,4.4,,,,,,,,0.899,27.2,3250,3250,9.12,9.12,285,285,328,328,,,,5040,39.1,,,,,,,,,,,,,,,444,48.7
,HSS9X9X1/8,,R,US,Steel,AISC v15.0,22.3,228.6,228.6,2.9,2.9,,,,,,,,0.904,40.6,2230,2230,9.19,9.19,195,195,223,223,,,,3410,26.4,,,,,,,,,,,,,,,300,74.6
,HSS8X8X5/8,,R,US,Steel,AISC v15.0,88.3,203.2,203.2,14.8,14.8,,,,,,,,0.762,8.63,6080,6080,7.58,7.58,598,598,733,733,,,,10200,106,,,,,,,,,,,,,,,1050,10.8
,HSS8X8X1/2,,R,US,Steel,AISC v15.0,72.7,203.2,203.2,11.8,11.8,,,,,,,,0.772,10.6,5200,5200,7.73,7.73,512,512,615,615,,,,8490,87.1,,,,,,,,,,,,,,,865,14.2
,HSS8X8X3/8,,R,US,Steel,AISC v15.0,56.1,203.2,203.2,8.9,8.9,,,,,,,,0.782,13.9,4160,4160,7.88,7.88,410,410,482,482,,,,6660,67.1,,,,,,,,,,,,,,,670,19.9
,HSS8X8X5/16,,R,US,Steel,AISC v15.0,47.4,203.2,203.2,7.4,7.4,,,,,,,,0.787,16.6,3560,3560,7.94,7.94,351,351,411,411,,,,5660,56.5,,,,,,,,,,,,,,,567,24.5
,HSS8X8X1/4,,R,US,Steel,AISC v15.0,38.4,203.2,203.2,5.9,5.9,,,,,,,,0.792,20.6,2940,2940,8.02,8.02,290,290,336,336,,,,4620,45.8,,,,,,,,,,,,,,,461,31.3
,HSS8X8X3/16,,R,US,Steel,AISC v15.0,29.2,203.2,203.2,4.4,4.4,,,,,,,,0.798,27.3,2260,2260,8.08,8.08,223,223,257,257,,,,3520,34.6,,,,,,,,,,,,,,,349,43
,HSS8X8X1/8,,R,US,Steel,AISC v15.0,19.7,203.2,203.2,2.9,2.9,,,,,,,,0.803,40.7,1560,1560,8.16,8.16,153,153,175,175,,,,2390,23.4,,,,,,,,,,,,,,,236,66
,HSS7X7X5/8,,R,US,Steel,AISC v15.0,75.6,177.8,177.8,14.8,14.8,,,,,,,,0.661,8.74,3890,3890,6.56,6.56,437,437,542,542,,,,6580,90.3,,,,,,,,,,,,,,,785,9.05
,HSS7X7X1/2,,R,US,Steel,AISC v15.0,62.6,177.8,177.8,11.8,11.8,,,,,,,,0.671,10.7,3350,3350,6.69,6.69,377,377,457,457,,,,5540,74.8,,,,,,,,,,,,,,,651,12.1
,HSS7X7X3/8,,R,US,Steel,AISC v15.0,48.5,177.8,177.8,8.9,8.9,,,,,,,,0.681,14,2710,2710,6.84,6.84,304,304,362,362,,,,4370,57.9,,,,,,,,,,,,,,,506,17.1
,HSS7X7X5/16,,R,US,Steel,AISC v15.0,41.1,177.8,177.8,7.4,7.4,,,,,,,,0.686,16.7,2340,2340,6.91,6.91,263,263,310,310,,,,3730,49,,,,,,,,,,,,,,,429,21.1
,HSS7X7X1/4,,R,US,Steel,AISC v15.0,33.4,177.8,177.8,5.9,5.9,,,,,,,,0.691,20.7,1940,1940,6.97,6.97,218,218,254,254,,,,3060,39.8,,,,,,,,,,,,,,,350,27
,HSS7X7X3/16,,R,US,Steel,AISC v15.0,25.4,177.8,177.8,4.4,4.4,,,,,,,,0.696,27.4,1500,1500,7.05,7.05,169,169,195,195,,,,2340,30.1,,,,,,,,,,,,,,,266,37.2
,HSS7X7X1/8,,R,US,Steel,AISC v15.0,17.2,177.8,177.8,2.9,2.9,,,,,,,,0.701,40.8,1030,1030,7.12,7.12,116,116,133,133,,,,1590,20.4,,,,,,,,,,,,,,,180,57.3
,HSS6X6X5/8,,R,US,Steel,AISC v15.0,62.9,152.4,152.4,14.8,14.8,,,,,,,,0.559,8.88,2300,2300,5.52,5.52,302,302,380,380,,,,3950,75.5,,,,,,,,,,,,,,,559,7.33
,HSS6X6X1/2,,R,US,Steel,AISC v15.0,52.4,152.4,152.4,11.8,11.8,,,,,,,,0.569,10.9,2010,2010,5.66,5.66,264,264,324,324,,,,3380,62.8,,,,,,,,,,,,,,,467,9.9
,HSS6X6X3/8,,R,US,Steel,AISC v15.0,40.9,152.4,152.4,8.9,8.9,,,,,,,,0.579,14.2,1640,1640,5.8,5.8,216,216,259,259,,,,2690,48.9,,,,,,,,,,,,,,,365,14.2
,HSS6X6X5/16,,R,US,Steel,AISC v15.0,34.7,152.4,152.4,7.4,7.4,,,,,,,,0.584,16.8,1430,1430,5.87,5.87,187,187,223,223,,,,2310,41.5,,,,,,,,,,,,,,,311,17.6
,HSS6X6X1/4,,R,US,Steel,AISC v15.0,28.3,152.4,152.4,5.9,5.9,,,,,,,,0.589,20.8,1190,1190,5.93,5.93,156,156,184,184,,,,1900,33.8,,,,,,,,,,,,,,,254,22.8
,HSS6X6X3/16,,R,US,Steel,AISC v15.0,21.6,152.4,152.4,4.4,4.4,,,,,,,,0.594,27.5,928,928,6.01,6.01,122,122,141,141,,,,1460,25.7,,,,,,,,,,,,,,,194,31.5
,HSS6X6X1/8,,R,US,Steel,AISC v15.0,14.7,152.4,152.4,2.9,2.9,,,,,,,,0.6,40.9,645,645,6.09,6.09,84.7,84.7,97,97,,,,995,17.4,,,,,,,,,,,,,,,132,48.7
,HSS5-1/2X5-1/2X3/8,,R,US,Steel,AISC v15.0,37.1,139.7,139.7,8.9,8.9,,,,,,,,0.528,14.2,1240,1240,5.28,5.28,177,177,215,215,,,,2040,44.4,,,,,,,,,,,,,,,303,12.8
,HSS5-1/2X5-1/2X5/16,,R,US,Steel,AISC v15.0,31.6,139.7,139.7,7.4,7.4,,,,,,,,0.533,16.9,1080,1080,5.34,5.34,154,154,185,185,,,,1760,37.7,,,,,,,,,,,,,,,259,15.9
,HSS5-1/2X5-1/2X1/4,,R,US,Steel,AISC v15.0,25.8,139.7,139.7,5.9,5.9,,,,,,,,0.539,20.9,903,903,5.42,5.42,129,129,153,153,,,,1450,30.8,,,,,,,,,,,,,,,212,20.6
,HSS5-1/2X5-1/2X3/16,,R,US,Steel,AISC v15.0,19.7,139.7,139.7,4.4,4.4,,,,,,,,0.544,27.6,708,708,5.5,5.5,101,101,118,118,,,,1110,23.4,,,,,,,,,,,,,,,162,28.6
,HSS5-1/2X5-1/2X1/8,,R,US,Steel,AISC v15.0,13.4,139.7,139.7,2.9,2.9,,,,,,,,0.549,40.9,491,491,5.56,5.56,70.3,70.3,81.1,81.1,,,,762,15.9,,,,,,,,,,,,,,,110,44.4
,HSS5X5X1/2,,R,US,Steel,AISC v15.0,42.3,127,127,11.8,11.8,,,,,,,,0.468,11.1,1080,1080,4.61,4.61,170,170,215,215,,,,1860,50.8,,,,,,,,,,,,,,,313,7.75
,HSS5X5X3/8,,R,US,Steel,AISC v15.0,33.3,127,127,8.9,8.9,,,,,,,,0.478,14.3,903,903,4.76,4.76,142,142,174,174,,,,1500,39.9,,,,,,,,,,,,,,,247,11.3
,HSS5X5X5/16,,R,US,Steel,AISC v15.0,28.4,127,127,7.4,7.4,,,,,,,,0.482,17,791,791,4.83,4.83,125,125,150,150,,,,1300,33.9,,,,,,,,,,,,,,,211,14.2
,HSS5X5X1/4,,R,US,Steel,AISC v15.0,23.2,127,127,5.9,5.9,,,,,,,,0.488,21,666,666,4.9,4.9,105,105,125,125,,,,1070,27.7,,,,,,,,,,,,,,,174,18.5
,HSS5X5X3/16,,R,US,Steel,AISC v15.0,17.8,127,127,4.4,4.4,,,,,,,,0.493,27.7,524,524,4.98,4.98,82.6,82.6,96.5,96.5,,,,828,21.2,,,,,,,,,,,,,,,133,25.7
,HSS5X5X1/8,,R,US,Steel,AISC v15.0,12.1,127,127,2.9,2.9,,,,,,,,0.498,41,366,366,5.05,5.05,57.7,57.7,66.7,66.7,,,,570,14.4,,,,,,,,,,,,,,,90.7,40.1
,HSS4-1/2X4-1/2X1/2,,R,US,Steel,AISC v15.0,37.2,114.3,114.3,11.8,11.8,,,,,,,,0.417,11.2,753,753,4.1,4.1,132,132,167,167,,,,1300,44.8,,,,,,,,,,,,,,,248,6.68
,HSS4-1/2X4-1/2X3/8,,R,US,Steel,AISC v15.0,29.5,114.3,114.3,8.9,8.9,,,,,,,,0.427,14.5,637,637,4.24,4.24,111,111,137,137,,,,1070,35.4,,,,,,,,,,,,,,,197,9.89
,HSS4-1/2X4-1/2X5/16,,R,US,Steel,AISC v15.0,25.2,114.3,114.3,7.4,7.4,,,,,,,,0.432,17.1,562,562,4.31,4.31,98.3,98.3,119,119,,,,928,30.2,,,,,,,,,,,,,,,169,12.5
,HSS4-1/2X4-1/2X1/4,,R,US,Steel,AISC v15.0,20.7,114.3,114.3,5.9,5.9,,,,,,,,0.437,21.1,475,475,4.38,4.38,83,83,99.3,99.3,,,,770,24.8,,,,,,,,,,,,,,,139,16.3
,HSS4-1/2X4-1/2X3/16,,R,US,Steel,AISC v15.0,15.9,114.3,114.3,4.4,4.4,,,,,,,,0.442,27.8,375,375,4.46,4.46,65.7,65.7,77.2,77.2,,,,599,18.9,,,,,,,,,,,,,,,107,22.9
,HSS4-1/2X4-1/2X1/8,,R,US,Steel,AISC v15.0,10.9,114.3,114.3,2.9,2.9,,,,,,,,0.447,41.1,264,264,4.53,4.53,46.2,46.2,53.6,53.6,,,,413,12.9,,,,,,,,,,,,,,,73.1,35.8
,HSS4X4X1/2,,R,US,Steel,AISC v15.0,32.2,101.6,101.6,11.8,11.8,,,,,,,,0.366,11.4,495,495,3.57,3.57,97.5,97.5,126,126,,,,874,38.8,,,,,,,,,,,,,,,190,5.6
,HSS4X4X3/8,,R,US,Steel,AISC v15.0,25.7,101.6,101.6,8.9,8.9,,,,,,,,0.376,14.6,429,429,3.73,3.73,84.4,84.4,105,105,,,,728,30.8,,,,,,,,,,,,,,,152,8.46
,HSS4X4X5/16,,R,US,Steel,AISC v15.0,22.1,101.6,101.6,7.4,7.4,,,,,,,,0.381,17.3,380,380,3.79,3.79,74.9,74.9,91.6,91.6,,,,637,26.5,,,,,,,,,,,,,,,131,10.7
,HSS4X4X1/4,,R,US,Steel,AISC v15.0,18.2,101.6,101.6,5.9,5.9,,,,,,,,0.386,21.3,325,325,3.86,3.86,63.9,63.9,76.9,76.9,,,,533,21.7,,,,,,,,,,,,,,,108,14.2
,HSS4X4X3/16,,R,US,Steel,AISC v15.0,14,101.6,101.6,4.4,4.4,,,,,,,,0.391,27.9,258,258,3.94,3.94,50.9,50.9,60.1,60.1,,,,416,16.6,,,,,,,,,,,,,,,83.5,20
,HSS4X4X1/8,,R,US,Steel,AISC v15.0,9.61,101.6,101.6,2.9,2.9,,,,,,,,0.396,41.2,183,183,4,4,36.1,36.1,42,42,,,,288,11.4,,,,,,,,,,,,,,,57.4,31.5
,HSS3-1/2X3-1/2X3/8,,R,US,Steel,AISC v15.0,21.9,88.9,88.9,8.9,8.9,,,,,,,,0.325,14.8,270,270,3.2,3.2,60.8,60.8,76.9,76.9,,,,466,26.4,,,,,,,,,,,,,,,114,7.03
,HSS3-1/2X3-1/2X5/16,,R,US,Steel,AISC v15.0,18.9,88.9,88.9,7.4,7.4,,,,,,,,0.33,17.5,243,243,3.27,3.27,54.7,54.7,67.8,67.8,,,,412,22.7,,,,,,,,,,,,,,,98.2,9.03
,HSS3-1/2X3-1/2X1/4,,R,US,Steel,AISC v15.0,15.6,88.9,88.9,5.9,5.9,,,,,,,,0.335,21.4,210,210,3.34,3.34,47.2,47.2,57.4,57.4,,,,348,18.8,,,,,,,,,,,,,,,81.5,12
,HSS3-1/2X3-1/2X3/16,,R,US,Steel,AISC v15.0,12.1,88.9,88.9,4.4,4.4,,,,,,,,0.34,28.1,169,169,3.42,3.42,37.9,37.9,45.2,45.2,,,,273,14.5,,,,,,,,,,,,,,,63.1,17.1
,HSS3-1/2X3-1/2X1/8,,R,US,Steel,AISC v15.0,8.35,88.9,88.9,2.9,2.9,,,,,,,,0.345,41.4,121,121,3.49,3.49,27.2,27.2,31.6,31.6,,,,191,9.94,,,,,,,,,,,,,,,43.5,27.2
,HSS3X3X3/8,,R,US,Steel,AISC v15.0,18.1,76.2,76.2,8.9,8.9,,,,,,,,0.274,15.1,157,157,2.68,2.68,41.3,41.3,53.3,53.3,,,,276,21.9,,,,,,,,,,,,,,,80.4,5.6
,HSS3X3X5/16,,R,US,Steel,AISC v15.0,15.7,76.2,76.2,7.4,7.4,,,,,,,,0.28,17.8,144,144,2.75,2.75,37.7,37.7,47.5,47.5,,,,247,19,,,,,,,,,,,,,,,70,7.31
,HSS3X3X1/4,,R,US,Steel,AISC v15.0,13.1,76.2,76.2,5.9,5.9,,,,,,,,0.284,21.7,126,126,2.83,2.83,33,33,40.6,40.6,,,,211,15.7,,,,,,,,,,,,,,,58.5,9.88
,HSS3X3X3/16,,R,US,Steel,AISC v15.0,10.2,76.2,76.2,4.4,4.4,,,,,,,,0.29,28.3,102,102,2.9,2.9,26.9,26.9,32.3,32.3,,,,168,12.2,,,,,,,,,,,,,,,45.5,14.2
,HSS3X3X1/8,,R,US,Steel,AISC v15.0,7.07,76.2,76.2,2.9,2.9,,,,,,,,0.295,41.7,74.1,74.1,2.97,2.97,19.4,19.4,22.9,22.9,,,,118,8.39,,,,,,,,,,,,,,,31.6,22.9
,HSS2-1/2X2-1/2X5/16,,R,US,Steel,AISC v15.0,12.6,63.5,63.5,7.4,7.4,,,,,,,,0.229,18.2,75.8,75.8,2.24,2.24,23.9,23.9,30.8,30.8,,,,133,15.2,,,,,,,,,,,,,,,46.5,5.59
,HSS2-1/2X2-1/2X1/4,,R,US,Steel,AISC v15.0,10.6,63.5,63.5,5.9,5.9,,,,,,,,0.234,22.1,67.8,67.8,2.31,2.31,21.4,21.4,26.7,26.7,,,,116,12.7,,,,,,,,,,,,,,,39.2,7.73
,HSS2-1/2X2-1/2X3/16,,R,US,Steel,AISC v15.0,8.32,63.5,63.5,4.4,4.4,,,,,,,,0.239,28.7,56.2,56.2,2.38,2.38,17.7,17.7,21.6,21.6,,,,93.7,9.94,,,,,,,,,,,,,,,30.9,11.4
,HSS2-1/2X2-1/2X1/8,,R,US,Steel,AISC v15.0,5.8,63.5,63.5,2.9,2.9,,,,,,,,0.244,42,41.5,41.5,2.45,2.45,13.1,13.1,15.5,15.5,,,,67,6.9,,,,,,,,,,,,,,,21.6,18.6
,HSS2-1/4X2-1/4X1/4,,R,US,Steel,AISC v15.0,9.32,57.2,57.2,5.9,5.9,,,,,,,,0.208,22.3,47,47,2.05,2.05,16.5,16.5,21,21,,,,81.6,11.2,,,,,,,,,,,,,,,31.1,6.66
,HSS2-1/4X2-1/4X3/16,,R,US,Steel,AISC v15.0,7.38,57.2,57.2,4.4,4.4,,,,,,,,0.213,28.9,39.7,39.7,2.12,2.12,13.9,13.9,17,17,,,,66.6,8.84,,,,,,,,,,,,,,,24.6,9.93
,HSS2-1/4X2-1/4X1/8,,R,US,Steel,AISC v15.0,5.18,57.2,57.2,2.9,2.9,,,,,,,,0.219,42.2,29.6,29.6,2.19,2.19,10.4,10.4,12.4,12.4,,,,47.9,6.17,,,,,,,,,,,,,,,17.3,16.4
,HSS2X2X1/4,,R,US,Steel,AISC v15.0,8.05,50.8,50.8,5.9,5.9,,,,,,,,0.183,22.7,31.1,31.1,1.79,1.79,12.2,12.2,15.8,15.8,,,,54.5,9.74,,,,,,,,,,,,,,,23.8,5.58
,HSS2X2X3/16,,R,US,Steel,AISC v15.0,6.43,50.8,50.8,4.4,4.4,,,,,,,,0.188,29.3,26.7,26.7,1.86,1.86,10.5,10.5,13.1,13.1,,,,45.4,7.68,,,,,,,,,,,,,,,19,8.49
,HSS2X2X1/8,,R,US,Steel,AISC v15.0,4.54,50.8,50.8,2.9,2.9,,,,,,,,0.193,42.5,20.2,20.2,1.93,1.93,7.96,7.96,9.57,9.57,,,,33.1,5.42,,,,,,,,,,,,,,,13.5,14.2
,HSS20.000X0.500,,O,US,Steel,AISC v15.0,154.8,508,508,11.8,11.8,,,,,,,,1.6,10.3,56600,56600,17.5,17.5,2230,2230,2900,2900,,,,113000,184,,,,,,,,,,,,,,43,4460,
,HSS20.000X0.375,,O,US,Steel,AISC v15.0,117.1,508,508,8.9,8.9,,,,,,,,1.6,13.6,43300,43300,17.7,17.7,1700,1700,2210,2210,,,,86600,139,,,,,,,,,,,,,,57.3,3410,
,HSS18.000X0.500,,O,US,Steel,AISC v15.0,139.2,457.2,457.2,11.8,11.8,,,,,,,,1.44,10.3,41000,41000,15.8,15.8,1790,1790,2340,2340,,,,82000,165,,,,,,,,,,,,,,38.7,3590,
,HSS18.000X0.375,,O,US,Steel,AISC v15.0,105.2,457.2,457.2,8.9,8.9,,,,,,,,1.44,13.7,31400,31400,15.8,15.8,1370,1370,1790,1790,,,,62900,125,,,,,,,,,,,,,,51.6,2750,
,HSS16.000X0.625,,O,US,Steel,AISC v15.0,153.3,406.4,406.4,14.8,14.8,,,,,,,,1.28,8.33,34900,34900,13.9,13.9,1720,1720,2260,2260,,,,69900,181,,,,,,,,,,,,,,27.5,3440,
,HSS16.000X0.500,,O,US,Steel,AISC v15.0,123.3,406.4,406.4,11.8,11.8,,,,,,,,1.28,10.4,28500,28500,14,14,1400,1400,1840,1840,,,,57000,146,,,,,,,,,,,,,,34.4,2810,
,HSS16.000X0.438,,O,US,Steel,AISC v15.0,108.4,406.4,406.4,10.3,10.3,,,,,,,,1.28,11.8,25200,25200,14,14,1240,1240,1620,1620,,,,50400,128,,,,,,,,,,,,,,39.3,2480,
,HSS16.000X0.375,,O,US,Steel,AISC v15.0,93.2,406.4,406.4,8.9,8.9,,,,,,,,1.28,13.7,21900,21900,14,14,1080,1080,1400,1400,,,,43700,111,,,,,,,,,,,,,,45.8,2150,
,HSS16.000X0.312,,O,US,Steel,AISC v15.0,77.9,406.4,406.4,7.4,7.4,,,,,,,,1.28,16.4,18400,18400,14.1,14.1,907,907,1180,1180,,,,36900,92.9,,,,,,,,,,,,,,55,1810,
,HSS16.000X0.250,,O,US,Steel,AISC v15.0,62.6,406.4,406.4,5.9,5.9,,,,,,,,1.28,20.4,14900,14900,14.2,14.2,735,735,949,949,,,,29800,74.2,,,,,,,,,,,,,,68.7,1470,
,HSS14.000X0.625,,O,US,Steel,AISC v15.0,133,355.6,355.6,14.8,14.8,,,,,,,,1.12,8.4,23000,23000,12.1,12.1,1290,1290,1720,1720,,,,45800,158,,,,,,,,,,,,,,24.1,2580,
,HSS14.000X0.500,,O,US,Steel,AISC v15.0,107.4,355.6,355.6,11.8,11.8,,,,,,,,1.12,10.4,18900,18900,12.1,12.1,1060,1060,1400,1400,,,,37800,128,,,,,,,,,,,,,,30.1,2120,
,HSS14.000X0.375,,O,US,Steel,AISC v15.0,81.3,355.6,355.6,8.9,8.9,,,,,,,,1.12,13.7,14500,14500,12.3,12.3,817,817,1070,1070,,,,29100,96.8,,,,,,,,,,,,,,40.1,1630,
,HSS14.000X0.312,,O,US,Steel,AISC v15.0,67.9,355.6,355.6,7.4,7.4,,,,,,,,1.12,16.4,12300,12300,12.3,12.3,691,691,896,896,,,,24500,80.6,,,,,,,,,,,,,,48.1,1380,
,HSS14.000X0.250,,O,US,Steel,AISC v15.0,54.7,355.6,355.6,5.9,5.9,,,,,,,,1.12,20.4,9950,9950,12.4,12.4,560,560,724,724,,,,19900,65.2,,,,,,,,,,,,,,60.1,1120,
,HSS12.750X0.500,,O,US,Steel,AISC v15.0,97.4,323.8,323.8,11.8,11.8,,,,,,,,1.02,10.4,14100,14100,11.1,11.1,871,871,1150,1150,,,,28200,115,,,,,,,,,,,,,,27.4,1740,
,HSS12.750X0.375,,O,US,Steel,AISC v15.0,73.8,323.8,323.8,8.9,8.9,,,,,,,,1.02,13.8,10900,10900,11.1,11.1,673,673,880,880,,,,21800,87.7,,,,,,,,,,,,,,36.5,1340,
,HSS12.750X0.250,,O,US,Steel,AISC v15.0,49.7,323.8,323.8,5.9,5.9,,,,,,,,1.02,20.5,7490,7490,11.3,11.3,463,463,598,598,,,,14900,59.1,,,,,,,,,,,,,,54.7,923,
,HSS10.750X0.500,,O,US,Steel,AISC v15.0,81.5,273,273,11.8,11.8,,,,,,,,0.858,10.5,8280,8280,9.25,9.25,607,607,806,806,,,,16600,96.8,,,,,,,,,,,,,,23.1,1210,
,HSS10.750X0.375,,O,US,Steel,AISC v15.0,61.9,273,273,8.9,8.9,,,,,,,,0.858,13.9,6410,6410,9.34,9.34,470,470,619,619,,,,12900,73.5,,,,,,,,,,,,,,30.8,942,
,HSS10.750X0.250,,O,US,Steel,AISC v15.0,41.8,273,273,5.9,5.9,,,,,,,,0.858,20.5,4410,4410,9.42,9.42,323,323,423,423,,,,8870,49.7,,,,,,,,,,,,,,46.1,649,
,HSS10.000X0.625,,O,US,Steel,AISC v15.0,93.2,254,254,14.8,14.8,,,,,,,,0.798,8.56,7950,7950,8.46,8.46,626,626,846,846,,,,15900,111,,,,,,,,,,,,,,17.2,1260,
,HSS10.000X0.500,,O,US,Steel,AISC v15.0,75.6,254,254,11.8,11.8,,,,,,,,0.798,10.6,6620,6620,8.59,8.59,521,521,693,693,,,,13200,89.7,,,,,,,,,,,,,,21.5,1040,
,HSS10.000X0.375,,O,US,Steel,AISC v15.0,57.4,254,254,8.9,8.9,,,,,,,,0.798,13.9,5120,5120,8.65,8.65,403,403,533,533,,,,10300,68.4,,,,,,,,,,,,,,28.7,810,
,HSS10.000X0.312,,O,US,Steel,AISC v15.0,48.1,254,254,7.4,7.4,,,,,,,,0.798,16.6,4370,4370,8.73,8.73,344,344,449,449,,,,8700,57.3,,,,,,,,,,,,,,34.4,685,
,HSS10.000X0.250,,O,US,Steel,AISC v15.0,38.8,254,254,5.9,5.9,,,,,,,,0.798,20.6,3550,3550,8.77,8.77,280,280,364,364,,,,7120,46.1,,,,,,,,,,,,,,42.9,560,
,HSS10.000X0.188,,O,US,Steel,AISC v15.0,29.3,254,254,4.4,4.4,,,,,,,,0.798,27.2,2700,2700,8.82,8.82,212,212,275,275,,,,5410,34.6,,,,,,,,,,,,,,57.5,426,
,HSS9.625X0.500,,O,US,Steel,AISC v15.0,72.6,244.5,244.5,11.8,11.8,,,,,,,,0.768,10.6,5870,5870,8.24,8.24,480,480,639,639,,,,11700,86.5,,,,,,,,,,,,,,20.7,957,
,HSS9.625X0.375,,O,US,Steel,AISC v15.0,55.2,244.5,244.5,8.9,8.9,,,,,,,,0.768,13.9,4580,4580,8.34,8.34,375,375,492,492,,,,9120,65.8,,,,,,,,,,,,,,27.6,746,
,HSS9.625X0.312,,O,US,Steel,AISC v15.0,46.2,244.5,244.5,7.4,7.4,,,,,,,,0.768,16.6,3870,3870,8.39,8.39,317,317,416,416,,,,7740,55,,,,,,,,,,,,,,33.1,633,
,HSS9.625X0.250,,O,US,Steel,AISC v15.0,37.3,244.5,244.5,5.9,5.9,,,,,,,,0.768,20.6,3160,3160,8.44,8.44,258,258,338,338,,,,6330,44.3,,,,,,,,,,,,,,41.3,518,
,HSS9.625X0.188,,O,US,Steel,AISC v15.0,28.2,244.5,244.5,4.4,4.4,,,,,,,,0.768,27.2,2400,2400,8.49,8.49,196,196,254,254,,,,4790,33.4,,,,,,,,,,,,,,55.3,392,
,HSS8.625X0.625,,O,US,Steel,AISC v15.0,79.5,219.1,219.1,14.8,14.8,,,,,,,,0.688,8.65,4950,4950,7.23,7.23,452,452,618,618,,,,9950,94.8,,,,,,,,,,,,,,14.8,908,
,HSS8.625X0.500,,O,US,Steel,AISC v15.0,64.6,219.1,219.1,11.8,11.8,,,,,,,,0.688,10.6,4160,4160,7.36,7.36,380,380,508,508,,,,8280,76.8,,,,,,,,,,,,,,18.5,756,
,HSS8.625X0.375,,O,US,Steel,AISC v15.0,49.2,219.1,219.1,8.9,8.9,,,,,,,,0.688,14,3240,3240,7.44,7.44,296,296,392,392,,,,6490,58.5,,,,,,,,,,,,,,24.7,593,
,HSS8.625X0.322,,O,US,Steel,AISC v15.0,42.5,219.1,219.1,7.6,7.6,,,,,,,,0.688,16.2,2830,2830,7.48,7.48,259,259,341,341,,,,5660,50.6,,,,,,,,,,,,,,28.8,517,
,HSS8.625X0.250,,O,US,Steel,AISC v15.0,33.3,219.1,219.1,5.9,5.9,,,,,,,,0.688,20.7,2250,2250,7.54,7.54,206,206,269,269,,,,4500,39.6,,,,,,,,,,,,,,37,410,
,HSS8.625X0.188,,O,US,Steel,AISC v15.0,25.2,219.1,219.1,4.4,4.4,,,,,,,,0.688,27.3,1720,1720,7.59,7.59,157,157,203,203,,,,3430,29.8,,,,,,,,,,,,,,49.6,313,
,HSS7.625X0.375,,O,US,Steel,AISC v15.0,43.2,193.7,193.7,8.9,8.9,,,,,,,,0.608,14.1,2200,2200,6.54,6.54,227,227,303,303,,,,4410,51.5,,,,,,,,,,,,,,21.8,456,
,HSS7.625X0.328,,O,US,Steel,AISC v15.0,38.1,193.7,193.7,7.7,7.7,,,,,,,,0.608,16,1960,1960,6.58,6.58,202,202,269,269,,,,3920,45.2,,,,,,,,,,,,,,25,404,
,HSS7.500X0.500,,O,US,Steel,AISC v15.0,55.7,190.5,190.5,11.8,11.8,,,,,,,,0.598,10.7,2660,2660,6.33,6.33,279,279,377,377,,,,5330,66.5,,,,,,,,,,,,,,16.1,559,
,HSS7.500X0.375,,O,US,Steel,AISC v15.0,42.5,190.5,190.5,8.9,8.9,,,,,,,,0.598,14.1,2090,2090,6.43,6.43,219,219,293,293,,,,4160,50.6,,,,,,,,,,,,,,21.5,437,
,HSS7.500X0.312,,O,US,Steel,AISC v15.0,35.7,190.5,190.5,7.4,7.4,,,,,,,,0.598,16.8,1790,1790,6.48,6.48,187,187,247,247,,,,3570,42.5,,,,,,,,,,,,,,25.8,375,
,HSS7.500X0.250,,O,US,Steel,AISC v15.0,28.8,190.5,190.5,5.9,5.9,,,,,,,,0.598,20.7,1470,1470,6.53,6.53,154,154,202,202,,,,2930,34.3,,,,,,,,,,,,,,32.2,307,
,HSS7.500X0.188,,O,US,Steel,AISC v15.0,21.9,190.5,190.5,4.4,4.4,,,,,,,,0.598,27.4,1120,1120,6.59,6.59,118,118,153,153,,,,2240,25.8,,,,,,,,,,,,,,43.1,235,
,HSS7.000X0.500,,O,US,Steel,AISC v15.0,51.7,177.8,177.8,11.8,11.8,,,,,,,,0.559,10.8,2130,2130,5.88,5.88,240,240,326,326,,,,4250,61.6,,,,,,,,,,,,,,15.1,478,
,HSS7.000X0.375,,O,US,Steel,AISC v15.0,39.5,177.8,177.8,8.9,8.9,,,,,,,,0.559,14.1,1680,1680,5.98,5.98,189,189,254,254,,,,3370,47,,,,,,,,,,,,,,20.1,379,
,HSS7.000X0.312,,O,US,Steel,AISC v15.0,33.2,177.8,177.8,7.4,7.4,,,,,,,,0.559,16.8,1440,1440,6.03,6.03,162,162,215,215,,,,2880,39.5,,,,,,,,,,,,,,24.1,324,
,HSS7.000X0.250,,O,US,Steel,AISC v15.0,26.8,177.8,177.8,5.9,5.9,,,,,,,,0.559,20.8,1180,1180,6.08,6.08,133,133,175,175,,,,2360,31.9,,,,,,,,,,,,,,30,266,
,HSS7.000X0.188,,O,US,Steel,AISC v15.0,20.4,177.8,177.8,4.4,4.4,,,,,,,,0.559,27.4,903,903,6.13,6.13,102,102,133,133,,,,1810,24.1,,,,,,,,,,,,,,40.2,204,
,HSS7.000X0.125,,O,US,Steel,AISC v15.0,13.7,177.8,177.8,2.9,2.9,,,,,,,,0.559,40.9,620,620,6.19,6.19,69.8,69.8,90.1,90.1,,,,1240,16.2,,,,,,,,,,,,,,60.3,139,
,HSS6.875X0.500,,O,US,Steel,AISC v15.0,50.7,174.6,174.6,11.8,11.8,,,,,,,,0.549,10.8,2010,2010,5.77,5.77,230,230,313,313,,,,4020,60.4,,,,,,,,,,,,,,14.8,461,
,HSS6.875X0.375,,O,US,Steel,AISC v15.0,38.8,174.6,174.6,8.9,8.9,,,,,,,,0.549,14.1,1590,1590,5.87,5.87,182,182,244,244,,,,3180,46.2,,,,,,,,,,,,,,19.7,364,
,HSS6.875X0.312,,O,US,Steel,AISC v15.0,32.6,174.6,174.6,7.4,7.4,,,,,,,,0.549,16.8,1360,1360,5.92,5.92,156,156,206,206,,,,2720,38.8,,,,,,,,,,,,,,23.6,312,
,HSS6.875X0.250,,O,US,Steel,AISC v15.0,26.4,174.6,174.6,5.9,5.9,,,,,,,,0.549,20.8,1120,1120,5.96,5.96,128,128,169,169,,,,2240,31.4,,,,,,,,,,,,,,29.5,256,
,HSS6.875X0.188,,O,US,Steel,AISC v15.0,20,174.6,174.6,4.4,4.4,,,,,,,,0.549,27.4,857,857,6.03,6.03,98.2,98.2,128,128,,,,1710,23.6,,,,,,,,,,,,,,39.5,196,
,HSS6.625X0.500,,O,US,Steel,AISC v15.0,48.7,168.3,168.3,11.8,11.8,,,,,,,,0.529,10.8,1790,1790,5.55,5.55,212,212,290,290,,,,3580,58.1,,,,,,,,,,,,,,14.2,425,
,HSS6.625X0.432,,O,US,Steel,AISC v15.0,42.6,168.3,168.3,10.2,10.2,,,,,,,,0.529,12.4,1590,1590,5.6,5.6,189,189,256,256,,,,3180,50.7,,,,,,,,,,,,,,16.5,378,
,HSS6.625X0.375,,O,US,Steel,AISC v15.0,37.3,168.3,168.3,8.9,8.9,,,,,,,,0.529,14.2,1420,1420,5.65,5.65,168,168,226,226,,,,2830,44.4,,,,,,,,,,,,,,19,336,
,HSS6.625X0.312,,O,US,Steel,AISC v15.0,31.3,168.3,168.3,7.4,7.4,,,,,,,,0.529,16.9,1210,1210,5.69,5.69,144,144,192,192,,,,2420,37.4,,,,,,,,,,,,,,22.8,288,
,HSS6.625X0.280,,O,US,Steel,AISC v15.0,28.3,168.3,168.3,6.6,6.6,,,,,,,,0.529,18.7,1100,1100,5.72,5.72,131,131,172,172,,,,2190,33.5,,,,,,,,,,,,,,25.5,261,
,HSS6.625X0.250,,O,US,Steel,AISC v15.0,25.4,168.3,168.3,5.9,5.9,,,,,,,,0.529,20.8,995,995,5.74,5.74,118,118,156,156,,,,1990,30.2,,,,,,,,,,,,,,28.4,237,
,HSS6.625X0.188,,O,US,Steel,AISC v15.0,19.3,168.3,168.3,4.4,4.4,,,,,,,,0.529,27.4,766,766,5.8,5.8,91,91,119,119,,,,1530,22.8,,,,,,,,,,,,,,38.1,182,
,HSS6.625X0.125,,O,US,Steel,AISC v15.0,12.9,168.3,168.3,2.9,2.9,,,,,,,,0.529,40.9,524,524,5.86,5.86,62.3,62.3,80.6,80.6,,,,1040,15.3,,,,,,,,,,,,,,57.1,124,
,HSS6.000X0.500,,O,US,Steel,AISC v15.0,43.8,152.4,152.4,11.8,11.8,,,,,,,,0.479,10.9,1300,1300,4.99,4.99,170,170,234,234,,,,2600,52.2,,,,,,,,,,,,,,12.9,341,
,HSS6.000X0.375,,O,US,Steel,AISC v15.0,33.6,152.4,152.4,8.9,8.9,,,,,,,,0.479,14.3,1030,1030,5.08,5.08,135,135,184,184,,,,2070,40,,,,,,,,,,,,,,17.2,271,
,HSS6.000X0.312,,O,US,Steel,AISC v15.0,28.2,152.4,152.4,7.4,7.4,,,,,,,,0.479,17,887,887,5.13,5.13,116,116,156,156,,,,1770,33.7,,,,,,,,,,,,,,20.6,233,
,HSS6.000X0.280,,O,US,Steel,AISC v15.0,25.5,152.4,152.4,6.6,6.6,,,,,,,,0.479,18.8,803,803,5.15,5.15,105,105,140,140,,,,1610,30.3,,,,,,,,,,,,,,23.1,211,
,HSS6.000X0.250,,O,US,Steel,AISC v15.0,22.9,152.4,152.4,5.9,5.9,,,,,,,,0.479,20.9,733,733,5.19,5.19,96.1,96.1,127,127,,,,1470,27.2,,,,,,,,,,,,,,25.8,192,
,HSS6.000X0.188,,O,US,Steel,AISC v15.0,17.4,152.4,152.4,4.4,4.4,,,,,,,,0.479,27.5,562,562,5.23,5.23,73.7,73.7,96.8,96.8,,,,1120,20.5,,,,,,,,,,,,,,34.5,147,
,HSS6.000X0.125,,O,US,Steel,AISC v15.0,11.7,152.4,152.4,2.9,2.9,,,,,,,,0.479,41,386,386,5.29,5.29,50.7,50.7,65.9,65.9,,,,774,13.8,,,,,,,,,,,,,,51.7,102,
,HSS5.563X0.500,,O,US,Steel,AISC v15.0,40.3,141.3,141.3,11.8,11.8,,,,,,,,0.444,11,1020,1020,4.6,4.6,144,144,198,198,,,,2030,48.1,,,,,,,,,,,,,,12,288,
,HSS5.563X0.375,,O,US,Steel,AISC v15.0,31,141.3,141.3,8.9,8.9,,,,,,,,0.444,14.3,812,812,4.69,4.69,115,115,156,156,,,,1620,36.9,,,,,,,,,,,,,,15.9,230,
,HSS5.563X0.258,,O,US,Steel,AISC v15.0,21.8,141.3,141.3,6.1,6.1,,,,,,,,0.444,20.4,591,591,4.78,4.78,83.7,83.7,111,111,,,,1190,25.9,,,,,,,,,,,,,,23.2,168,
,HSS5.563X0.188,,O,US,Steel,AISC v15.0,16.1,141.3,141.3,4.4,4.4,,,,,,,,0.444,27.6,445,445,4.84,4.84,63,63,82.8,82.8,,,,891,19,,,,,,,,,,,,,,32,126,
,HSS5.563X0.134,,O,US,Steel,AISC v15.0,11.6,141.3,141.3,3.1,3.1,,,,,,,,0.444,38.3,326,326,4.88,4.88,46.2,46.2,60.1,60.1,,,,653,13.7,,,,,,,,,,,,,,44.9,92.5,
,HSS5.500X0.500,,O,US,Steel,AISC v15.0,39.8,139.7,139.7,11.8,11.8,,,,,,,,0.439,11,978,978,4.54,4.54,140,140,193,193,,,,1960,47.5,,,,,,,,,,,,,,11.8,280,
,HSS5.500X0.375,,O,US,Steel,AISC v15.0,30.6,139.7,139.7,8.9,8.9,,,,,,,,0.439,14.4,783,783,4.63,4.63,112,112,152,152,,,,1570,36.5,,,,,,,,,,,,,,15.8,224,
,HSS5.500X0.258,,O,US,Steel,AISC v15.0,21.5,139.7,139.7,6.1,6.1,,,,,,,,0.439,20.4,570,570,4.72,4.72,81.6,81.6,109,109,,,,1140,25.6,,,,,,,,,,,,,,22.9,164,
,HSS5.000X0.500,,O,US,Steel,AISC v15.0,35.8,127,127,11.8,11.8,,,,,,,,0.399,11.1,716,716,4.09,4.09,113,113,157,157,,,,1430,42.7,,,,,,,,,,,,,,10.8,225,
,HSS5.000X0.375,,O,US,Steel,AISC v15.0,27.6,127,127,8.9,8.9,,,,,,,,0.399,14.5,579,579,4.19,4.19,91.1,91.1,124,124,,,,1150,32.9,,,,,,,,,,,,,,14.3,182,
,HSS5.000X0.312,,O,US,Steel,AISC v15.0,23.3,127,127,7.4,7.4,,,,,,,,0.399,17.1,499,499,4.24,4.24,78.7,78.7,106,106,,,,999,27.7,,,,,,,,,,,,,,17.2,157,
,HSS5.000X0.258,,O,US,Steel,AISC v15.0,19.5,127,127,6.1,6.1,,,,,,,,0.399,20.5,425,425,4.28,4.28,66.9,66.9,89.1,89.1,,,,849,23.2,,,,,,,,,,,,,,20.8,134,
,HSS5.000X0.250,,O,US,Steel,AISC v15.0,18.9,127,127,5.9,5.9,,,,,,,,0.399,21.1,414,414,4.29,4.29,65.2,65.2,86.9,86.9,,,,828,22.5,,,,,,,,,,,,,,21.5,130,
,HSS5.000X0.188,,O,US,Steel,AISC v15.0,14.4,127,127,4.4,4.4,,,,,,,,0.399,27.7,320,320,4.34,4.34,50.4,50.4,66.4,66.4,,,,641,17,,,,,,,,,,,,,,28.7,101,
,HSS5.000X0.125,,O,US,Steel,AISC v15.0,9.69,127,127,2.9,2.9,,,,,,,,0.399,41.2,221,221,4.39,4.39,34.8,34.8,45.4,45.4,,,,441,11.5,,,,,,,,,,,,,,43.1,69.5,
,HSS4.500X0.375,,O,US,Steel,AISC v15.0,24.6,114.3,114.3,8.9,8.9,,,,,,,,0.359,14.6,411,411,3.74,3.74,71.9,71.9,98.8,98.8,,,,820,29.4,,,,,,,,,,,,,,12.9,143,
,HSS4.500X0.337,,O,US,Steel,AISC v15.0,22.3,114.3,114.3,8,8,,,,,,,,0.359,16.1,378,378,3.77,3.77,66.1,66.1,90.1,90.1,,,,753,26.6,,,,,,,,,,,,,,14.4,132,
,HSS4.500X0.237,,O,US,Steel,AISC v15.0,16.1,114.3,114.3,5.6,5.6,,,,,,,,0.359,22.3,283,283,3.85,3.85,49.5,49.5,66,66,,,,566,19.1,,,,,,,,,,,,,,20.5,99.1,
,HSS4.500X0.188,,O,US,Steel,AISC v15.0,12.9,114.3,114.3,4.4,4.4,,,,,,,,0.359,27.8,231,231,3.89,3.89,40.3,40.3,53.4,53.4,,,,462,15.2,,,,,,,,,,,,,,25.9,80.8,
,HSS4.500X0.125,,O,US,Steel,AISC v15.0,8.71,114.3,114.3,2.9,2.9,,,,,,,,0.359,41.2,160,160,3.93,3.93,28,28,36.5,36.5,,,,320,10.3,,,,,,,,,,,,,,38.8,55.9,
,HSS4.000X0.313,,O,US,Steel,AISC v15.0,18.4,101.6,101.6,7.4,7.4,,,,,,,,0.319,17.4,244,244,3.34,3.34,48.1,48.1,65.7,65.7,,,,487,21.9,,,,,,,,,,,,,,13.7,95.9,
,HSS4.000X0.250,,O,US,Steel,AISC v15.0,14.9,101.6,101.6,5.9,5.9,,,,,,,,0.319,21.4,204,204,3.39,3.39,40.2,40.2,54.2,54.2,,,,409,17.8,,,,,,,,,,,,,,17.2,80.5,
,HSS4.000X0.237,,O,US,Steel,AISC v15.0,14.2,101.6,101.6,5.6,5.6,,,,,,,,0.319,22.5,195,195,3.4,3.4,38.3,38.3,51.6,51.6,,,,390,16.8,,,,,,,,,,,,,,18.2,76.7,
,HSS4.000X0.226,,O,US,Steel,AISC v15.0,13.6,101.6,101.6,5.3,5.3,,,,,,,,0.319,23.5,187,187,3.41,3.41,36.9,36.9,49.5,49.5,,,,375,16.1,,,,,,,,,,,,,,19,73.8,
,HSS4.000X0.220,,O,US,Steel,AISC v15.0,13.2,101.6,101.6,5.2,5.2,,,,,,,,0.319,24.1,184,184,3.41,3.41,36.1,36.1,48.5,48.5,,,,368,15.7,,,,,,,,,,,,,,19.5,72.3,
,HSS4.000X0.188,,O,US,Steel,AISC v15.0,11.4,101.6,101.6,4.4,4.4,,,,,,,,0.319,28,159,159,3.44,3.44,31.4,31.4,41.8,41.8,,,,319,13.5,,,,,,,,,,,,,,23,62.8,
,HSS4.000X0.125,,O,US,Steel,AISC v15.0,7.71,101.6,101.6,2.9,2.9,,,,,,,,0.319,41.4,111,111,3.48,3.48,21.9,21.9,28.7,28.7,,,,222,9.16,,,,,,,,,,,,,,34.5,43.8,
,HSS3.500X0.313,,O,US,Steel,AISC v15.0,15.9,88.9,88.9,7.4,7.4,,,,,,,,0.279,17.6,159,159,2.9,2.9,35.7,35.7,49.2,49.2,,,,317,18.9,,,,,,,,,,,,,,12,71.3,
,HSS3.500X0.300,,O,US,Steel,AISC v15.0,15.3,88.9,88.9,7.1,7.1,,,,,,,,0.279,18.3,154,154,2.91,2.91,34.6,34.6,47.5,47.5,,,,307,18.2,,,,,,,,,,,,,,12.5,69.1,
,HSS3.500X0.250,,O,US,Steel,AISC v15.0,12.9,88.9,88.9,5.9,5.9,,,,,,,,0.279,21.6,134,134,2.94,2.94,30.1,30.1,40.8,40.8,,,,267,15.4,,,,,,,,,,,,,,15,60,
,HSS3.500X0.216,,O,US,Steel,AISC v15.0,11.3,88.9,88.9,5.1,5.1,,,,,,,,0.279,24.8,118,118,2.97,2.97,26.6,26.6,35.9,35.9,,,,237,13.4,,,,,,,,,,,,,,17.4,53.3,
,HSS3.500X0.203,,O,US,Steel,AISC v15.0,10.6,88.9,88.9,4.8,4.8,,,,,,,,0.279,26.2,112,112,2.97,2.97,25.3,25.3,33.9,33.9,,,,225,12.7,,,,,,,,,,,,,,18.5,50.7,
,HSS3.500X0.188,,O,US,Steel,AISC v15.0,9.91,88.9,88.9,4.4,4.4,,,,,,,,0.279,28.2,105,105,2.99,2.99,23.6,23.6,31.6,31.6,,,,210,11.7,,,,,,,,,,,,,,20.1,47.2,
,HSS3.500X0.125,,O,US,Steel,AISC v15.0,6.71,88.9,88.9,2.9,2.9,,,,,,,,0.279,41.6,73.7,73.7,3.05,3.05,16.6,16.6,21.8,21.8,,,,147,7.94,,,,,,,,,,,,,,30.2,33.1,
,HSS3.000X0.250,,O,US,Steel,AISC v15.0,10.9,76.2,76.2,5.9,5.9,,,,,,,,0.239,21.9,81.2,81.2,2.49,2.49,21.3,21.3,29.3,29.3,,,,162,13.1,,,,,,,,,,,,,,12.9,42.6,
,HSS3.000X0.216,,O,US,Steel,AISC v15.0,9.57,76.2,76.2,5.1,5.1,,,,,,,,0.239,25,72.4,72.4,2.52,2.52,19,19,25.9,25.9,,,,145,11.4,,,,,,,,,,,,,,14.9,38,
,HSS3.000X0.203,,O,US,Steel,AISC v15.0,9.03,76.2,76.2,4.8,4.8,,,,,,,,0.239,26.5,69.1,69.1,2.53,2.53,18.1,18.1,24.6,24.6,,,,138,10.8,,,,,,,,,,,,,,15.9,36.2,
,HSS3.000X0.188,,O,US,Steel,AISC v15.0,8.41,76.2,76.2,4.4,4.4,,,,,,,,0.239,28.5,64.5,64.5,2.55,2.55,16.9,16.9,22.8,22.8,,,,129,9.94,,,,,,,,,,,,,,17.2,33.9,
,HSS3.000X0.152,,O,US,Steel,AISC v15.0,6.89,76.2,76.2,3.6,3.6,,,,,,,,0.239,34.7,54.1,54.1,2.57,2.57,14.2,14.2,18.8,18.8,,,,108,8.19,,,,,,,,,,,,,,21.3,28.3,
,HSS3.000X0.134,,O,US,Steel,AISC v15.0,6.12,76.2,76.2,3.1,3.1,,,,,,,,0.239,39.1,48.3,48.3,2.58,2.58,12.7,12.7,16.9,16.9,,,,96.6,7.23,,,,,,,,,,,,,,24.2,25.3,
,HSS3.000X0.125,,O,US,Steel,AISC v15.0,5.71,76.2,76.2,2.9,2.9,,,,,,,,0.239,41.9,45.4,45.4,2.59,2.59,11.9,11.9,15.8,15.8,,,,91.2,6.77,,,,,,,,,,,,,,25.9,23.9,
,HSS2.875X0.250,,O,US,Steel,AISC v15.0,10.4,73,73,5.9,5.9,,,,,,,,0.23,22,70.8,70.8,2.38,2.38,19.4,19.4,26.7,26.7,,,,142,12.5,,,,,,,,,,,,,,12.3,38.8,
,HSS2.875X0.203,,O,US,Steel,AISC v15.0,8.63,73,73,4.8,4.8,,,,,,,,0.23,26.6,60.4,60.4,2.43,2.43,16.5,16.5,22.5,22.5,,,,120,10.3,,,,,,,,,,,,,,15.2,32.9,
,HSS2.875X0.188,,O,US,Steel,AISC v15.0,8.04,73,73,4.4,4.4,,,,,,,,0.23,28.6,56.2,56.2,2.43,2.43,15.4,15.4,20.8,20.8,,,,112,9.55,,,,,,,,,,,,,,16.5,30.8,
,HSS2.875X0.125,,O,US,Steel,AISC v15.0,5.46,73,73,2.9,2.9,,,,,,,,0.23,42,39.9,39.9,2.47,2.47,10.9,10.9,14.5,14.5,,,,79.9,6.52,,,,,,,,,,,,,,24.8,21.9,
,HSS2.500X0.250,,O,US,Steel,AISC v15.0,8.94,63.5,63.5,5.9,5.9,,,,,,,,0.199,22.3,45,45,2.05,2.05,14.2,14.2,19.7,19.7,,,,89.5,10.7,,,,,,,,,,,,,,10.7,28.2,
,HSS2.500X0.188,,O,US,Steel,AISC v15.0,6.92,63.5,63.5,4.4,4.4,,,,,,,,0.199,28.8,36,36,2.1,2.1,11.3,11.3,15.5,15.5,,,,72,8.19,,,,,,,,,,,,,,14.4,22.7,
,HSS2.500X0.125,,O,US,Steel,AISC v15.0,4.72,63.5,63.5,2.9,2.9,,,,,,,,0.199,42.3,25.8,25.8,2.14,2.14,8.11,8.11,10.8,10.8,,,,51.6,5.61,,,,,,,,,,,,,,21.6,16.3,
,HSS2.375X0.250,,O,US,Steel,AISC v15.0,8.45,60.3,60.3,5.9,5.9,,,,,,,,0.19,22.4,37.9,37.9,1.93,1.93,12.6,12.6,17.5,17.5,,,,75.8,10.1,,,,,,,,,,,,,,10.2,25.1,
,HSS2.375X0.218,,O,US,Steel,AISC v15.0,7.49,60.3,60.3,5.2,5.2,,,,,,,,0.19,25.3,34.3,34.3,1.96,1.96,11.4,11.4,15.7,15.7,,,,68.7,8.97,,,,,,,,,,,,,,11.7,22.8,
,HSS2.375X0.188,,O,US,Steel,AISC v15.0,6.55,60.3,60.3,4.4,4.4,,,,,,,,0.19,29,30.5,30.5,1.99,1.99,10.1,10.1,13.8,13.8,,,,61.2,7.74,,,,,,,,,,,,,,13.6,20.3,
,HSS2.375X0.154,,O,US,Steel,AISC v15.0,5.45,60.3,60.3,3.6,3.6,,,,,,,,0.19,34.8,26.1,26.1,2.01,2.01,8.65,8.65,11.7,11.7,,,,52,6.45,,,,,,,,,,,,,,16.6,17.2,
,HSS2.375X0.125,,O,US,Steel,AISC v15.0,4.48,60.3,60.3,2.9,2.9,,,,,,,,0.19,42.3,21.9,21.9,2.03,2.03,7.27,7.27,9.7,9.7,,,,43.7,5.31,,,,,,,,,,,,,,20.5,14.5,
,HSS1.900X0.188,,O,US,Steel,AISC v15.0,5.12,48.3,48.3,4.4,4.4,,,,,,,,0.151,29.6,14.8,14.8,1.56,1.56,6.12,6.12,8.52,8.52,,,,29.6,6.08,,,,,,,,,,,,,,10.9,12.2,
,HSS1.900X0.145,,O,US,Steel,AISC v15.0,4.05,48.3,48.3,3.4,3.4,,,,,,,,0.151,37.4,12.2,12.2,1.59,1.59,5.05,5.05,6.9,6.9,,,,24.4,4.83,,,,,,,,,,,,,,14.1,10.1,
,HSS1.900X0.120,,O,US,Steel,AISC v15.0,3.39,48.3,48.3,2.8,2.8,,,,,,,,0.151,44.6,10.4,10.4,1.61,1.61,4.33,4.33,5.83,5.83,,,,20.9,4.03,,,,,,,,,,,,,,17.1,8.64,
,HSS1.660X0.140,,O,US,Steel,AISC v15.0,3.38,42.2,42.2,3.3,3.3,,,,,,,,0.133,39.2,7.66,7.66,1.38,1.38,3.63,3.63,5,5,,,,15.3,4.03,,,,,,,,,,,,,,12.8,7.27,
,Pipe26STD,,O,US,Steel,AISC v15.0,153.3,660.4,660.4,8.9,8.9,,,,,,,,2.07,13.5,96600,96600,23,23,2920,2920,3770,3770,,,,193000,182,,,,,,,,,,,,,,74.5,5850,
,Pipe24STD,,O,US,Steel,AISC v15.0,140.9,609.6,609.6,8.9,8.9,,,,,,,,1.92,13.6,75800,75800,21.3,21.3,2490,2490,3210,3210,,,,152000,168,,,,,,,,,,,,,,68.8,4970,
,Pipe20STD,,O,US,Steel,AISC v15.0,117.1,508,508,8.9,8.9,,,,,,,,1.6,13.6,43300,43300,17.6,17.6,1700,1700,2210,2210,,,,87000,139,,,,,,,,,,,,,,57.3,3420,
,Pipe18STD,,O,US,Steel,AISC v15.0,105.2,457.2,457.2,8.9,8.9,,,,,,,,1.44,13.7,31500,31500,15.9,15.9,1380,1380,1790,1790,,,,62900,125,,,,,,,,,,,,,,51.6,2750,
,Pipe16STD,,O,US,Steel,AISC v15.0,93.2,406.4,406.4,8.9,8.9,,,,,,,,1.28,13.7,21900,21900,14.1,14.1,1080,1080,1400,1400,,,,43700,111,,,,,,,,,,,,,,45.8,2150,
,Pipe14STD,,O,US,Steel,AISC v15.0,81.3,355.6,355.6,8.9,8.9,,,,,,,,1.12,13.7,14600,14600,12.3,12.3,819,819,1070,1070,,,,29100,96.8,,,,,,,,,,,,,,40.1,1640,
,Pipe12STD,,O,US,Steel,AISC v15.0,73.8,323.8,323.8,8.9,8.9,,,,,,,,1.02,13.8,10900,10900,11.1,11.1,673,673,880,880,,,,21800,88.4,,,,,,,,,,,,,,36.5,1340,
,Pipe10STD,,O,US,Steel,AISC v15.0,60.3,273,273,8.6,8.6,,,,,,,,0.858,14.2,6280,6280,9.35,9.35,460,460,604,604,,,,12600,71.7,,,,,,,,,,,,,,31.6,919,
,Pipe8STD,,O,US,Steel,AISC v15.0,42.6,219.1,219.1,7.6,7.6,,,,,,,,0.688,16.2,2830,2830,7.48,7.48,259,259,341,341,,,,5660,50.6,,,,,,,,,,,,,,28.8,517,
,Pipe6STD,,O,US,Steel,AISC v15.0,28.3,168.3,168.3,6.6,6.6,,,,,,,,0.529,18.7,1100,1100,5.73,5.73,131,131,174,174,,,,2200,33.5,,,,,,,,,,,,,,25.4,262,
,Pipe5STD,,O,US,Steel,AISC v15.0,21.7,141.3,141.3,6.1,6.1,,,,,,,,0.444,20.4,595,595,4.8,4.8,84.2,84.2,112,112,,,,1190,25.9,,,,,,,,,,,,,,23.1,168,
,Pipe4STD,,O,US,Steel,AISC v15.0,16.1,114.3,114.3,5.6,5.6,,,,,,,,0.359,22.3,284,284,3.86,3.86,49.7,49.7,66.4,66.4,,,,566,19.1,,,,,,,,,,,,,,20.4,99.1,
,Pipe3-1/2STD,,O,US,Steel,AISC v15.0,13.6,101.6,101.6,5.4,5.4,,,,,,,,0.319,23.5,188,188,3.42,3.42,37,37,49.7,49.7,,,,376,16.1,,,,,,,,,,,,,,19,74.1,
,Pipe3STD,,O,US,Steel,AISC v15.0,11.3,88.9,88.9,5.1,5.1,,,,,,,,0.279,24.8,119,119,2.98,2.98,26.7,26.7,35.9,35.9,,,,237,13.4,,,,,,,,,,,,,,17.4,53.3,
,Pipe2-1/2STD,,O,US,Steel,AISC v15.0,8.63,73,73,4.8,4.8,,,,,,,,0.23,26.6,60.4,60.4,2.41,2.41,16.5,16.5,22.5,22.5,,,,120,10.4,,,,,,,,,,,,,,15.2,32.9,
,Pipe2STD,,O,US,Steel,AISC v15.0,5.45,60.3,60.3,3.6,3.6,,,,,,,,0.19,34.8,26.1,26.1,1.99,1.99,8.65,8.65,11.7,11.7,,,,52,6.58,,,,,,,,,,,,,,16.6,17.2,
,Pipe1-1/2STD,,O,US,Steel,AISC v15.0,4.05,48.3,48.3,3.4,3.4,,,,,,,,0.151,37.4,12.2,12.2,1.59,1.59,5.05,5.05,6.9,6.9,,,,24.4,4.83,,,,,,,,,,,,,,14.1,10.1,
,Pipe1-1/4STD,,O,US,Steel,AISC v15.0,3.38,42.2,42.2,3.3,3.3,,,,,,,,0.133,39.2,7.66,7.66,1.38,1.38,3.63,3.63,5,5,,,,15.3,4.03,,,,,,,,,,,,,,12.8,7.27,
,Pipe1STD,,O,US,Steel,AISC v15.0,2.5,33.4,33.4,3.1,3.1,,,,,,,,0.105,41.9,3.45,3.45,1.07,1.07,2.07,2.07,2.9,2.9,,,,6.91,3.03,,,,,,,,,,,,,,10.6,4.14,
,Pipe3/4STD,,O,US,Steel,AISC v15.0,1.68,26.7,26.7,2.7,2.7,,,,,,,,0.0838,49.8,1.46,1.46,0.851,0.851,1.09,1.09,1.54,1.54,,,,2.91,2.01,,,,,,,,,,,,,,10,2.18,
,Pipe1/2STD,,O,US,Steel,AISC v15.0,1.26,21.3,21.3,2.6,2.6,,,,,,,,0.0671,53,0.666,0.666,0.664,0.664,0.624,0.624,0.909,0.909,,,,1.33,1.51,,,,,,,,,,,,,,8.32,1.25,
,Pipe26XS,,O,US,Steel,AISC v15.0,202.4,660.4,660.4,11.8,11.8,,,,,,,,2.07,10.3,127000,127000,22.9,22.9,3830,3830,4970,4970,,,,253000,241,,,,,,,,,,,,,,55.9,7670,
,Pipe24XS,,O,US,Steel,AISC v15.0,187.5,609.6,609.6,11.8,11.8,,,,,,,,1.92,10.2,99100,99100,21.1,21.1,3250,3250,4220,4220,,,,198000,222,,,,,,,,,,,,,,51.6,6500,
,Pipe20XS,,O,US,Steel,AISC v15.0,154.8,508,508,11.8,11.8,,,,,,,,1.6,10.3,56700,56700,17.5,17.5,2230,2230,2910,2910,,,,113000,184,,,,,,,,,,,,,,43,4460,
,Pipe18XS,,O,US,Steel,AISC v15.0,139.1,457.2,457.2,11.8,11.8,,,,,,,,1.44,10.3,41000,41000,15.8,15.8,1790,1790,2340,2340,,,,82000,165,,,,,,,,,,,,,,38.7,3590,
,Pipe16XS,,O,US,Steel,AISC v15.0,123.4,406.4,406.4,11.8,11.8,,,,,,,,1.28,10.3,28500,28500,14,14,1400,1400,1840,1840,,,,57000,146,,,,,,,,,,,,,,34.4,2810,
,Pipe14XS,,O,US,Steel,AISC v15.0,107.4,355.6,355.6,11.8,11.8,,,,,,,,1.12,10.4,18900,18900,12.2,12.2,1060,1060,1400,1400,,,,37700,128,,,,,,,,,,,,,,30.1,2120,
,Pipe12XS,,O,US,Steel,AISC v15.0,97.5,323.8,323.8,11.8,11.8,,,,,,,,1.02,10.4,14100,14100,11,11,872,872,1150,1150,,,,28200,116,,,,,,,,,,,,,,27.4,1740,
,Pipe10XS,,O,US,Steel,AISC v15.0,81.6,273,273,11.8,11.8,,,,,,,,0.858,10.5,8280,8280,9.22,9.22,607,607,806,806,,,,16600,97.4,,,,,,,,,,,,,,23.1,1210,
,Pipe8XS,,O,US,Steel,AISC v15.0,64.6,219.1,219.1,11.8,11.8,,,,,,,,0.688,10.7,4160,4160,7.36,7.36,380,380,508,508,,,,8280,76.8,,,,,,,,,,,,,,18.5,756,
,Pipe6XS,,O,US,Steel,AISC v15.0,42.6,168.3,168.3,10.2,10.2,,,,,,,,0.529,12.4,1590,1590,5.62,5.62,189,189,256,256,,,,3190,50.5,,,,,,,,,,,,,,16.4,379,
,Pipe5XS,,O,US,Steel,AISC v15.0,31,141.3,141.3,8.9,8.9,,,,,,,,0.444,14.3,812,812,4.69,4.69,115,115,156,156,,,,1620,37,,,,,,,,,,,,,,15.9,230,
,Pipe4XS,,O,US,Steel,AISC v15.0,22.3,114.3,114.3,8,8,,,,,,,,0.359,16.1,380,380,3.77,3.77,66.4,66.4,90.6,90.6,,,,758,26.7,,,,,,,,,,,,,,14.3,133,
,Pipe3-1/2XS,,O,US,Steel,AISC v15.0,18.6,101.6,101.6,7.5,7.5,,,,,,,,0.319,17.2,247,247,3.34,3.34,48.7,48.7,66.7,66.7,,,,495,22.1,,,,,,,,,,,,,,13.5,97.5,
,Pipe3XS,,O,US,Steel,AISC v15.0,15.3,88.9,88.9,7.1,7.1,,,,,,,,0.279,18.2,154,154,2.9,2.9,34.6,34.6,47.7,47.7,,,,308,18.3,,,,,,,,,,,,,,12.5,69.3,
,Pipe2-1/2XS,,O,US,Steel,AISC v15.0,11.4,73,73,6.5,6.5,,,,,,,,0.23,20.1,76.2,76.2,2.37,2.37,20.9,20.9,29,29,,,,152,13.5,,,,,,,,,,,,,,11.2,41.7,
,Pipe2XS,,O,US,Steel,AISC v15.0,7.49,60.3,60.3,5.2,5.2,,,,,,,,0.19,25.3,34.4,34.4,1.95,1.95,11.4,11.4,15.8,15.8,,,,68.7,9.03,,,,,,,,,,,,,,11.6,22.8,
,Pipe1-1/2XS,,O,US,Steel,AISC v15.0,5.4,48.3,48.3,4.7,4.7,,,,,,,,0.151,28,15.5,15.5,1.55,1.55,6.42,6.42,9,9,,,,31,6.45,,,,,,,,,,,,,,10.2,12.8,
,Pipe1-1/4XS,,O,US,Steel,AISC v15.0,4.46,42.2,42.2,4.5,4.5,,,,,,,,0.133,29.7,9.61,9.61,1.33,1.33,4.56,4.56,6.44,6.44,,,,19.2,5.4,,,,,,,,,,,,,,9.33,9.12,
,Pipe1XS,,O,US,Steel,AISC v15.0,3.23,33.4,33.4,4.2,4.2,,,,,,,,0.105,32.5,4.2,4.2,1.04,1.04,2.52,2.52,3.62,3.62,,,,8.41,3.88,,,,,,,,,,,,,,7.92,5.03,
,Pipe3/4XS,,O,US,Steel,AISC v15.0,2.2,26.7,26.7,3.6,3.6,,,,,,,,0.0838,38.1,1.79,1.79,0.826,0.826,1.34,1.34,1.95,1.95,,,,3.58,2.63,,,,,,,,,,,,,,7.34,2.68,
,Pipe1/2XS,,O,US,Steel,AISC v15.0,1.62,21.3,21.3,3.5,3.5,,,,,,,,0.0671,41.3,0.808,0.808,0.643,0.643,0.757,0.757,1.12,1.12,,,,1.62,1.95,,,,,,,,,,,,,,6.13,1.51,
,Pipe12XXS,,O,US,Steel,AISC v15.0,187.5,323.8,323.8,23.6,23.6,,,,,,,,1.02,5.43,25300,25300,10.6,10.6,1560,1560,2130,2130,,,,50500,223,,,,,,,,,,,,,,13.7,3120,
,Pipe10XXS,,O,US,Steel,AISC v15.0,154.8,273,273,23.6,23.6,,,,,,,,0.858,5.54,14700,14700,8.91,8.91,1080,1080,1490,1490,,,,29500,186,,,,,,,,,,,,,,11.6,2160,
,Pipe8XXS,,O,US,Steel,AISC v15.0,107.9,219.1,219.1,20.7,20.7,,,,,,,,0.688,6.38,6410,6410,7.05,7.05,585,585,818,818,,,,12800,129,,,,,,,,,,,,,,10.6,1170,
,Pipe6XXS,,O,US,Steel,AISC v15.0,79.2,168.3,168.3,20.4,20.4,,,,,,,,0.529,6.68,2640,2640,5.28,5.28,314,314,449,449,,,,5290,94.8,,,,,,,,,,,,,,8.23,628,
,Pipe5XXS,,O,US,Steel,AISC v15.0,57.4,141.3,141.3,17.8,17.8,,,,,,,,0.444,7.73,1340,1340,4.41,4.41,190,190,274,274,,,,2680,69,,,,,,,,,,,,,,7.96,379,
,Pipe4XXS,,O,US,Steel,AISC v15.0,41.1,114.3,114.3,16,16,,,,,,,,0.359,8.74,612,612,3.52,3.52,107,107,156,156,,,,1220,49.4,,,,,,,,,,,,,,7.17,214,
,Pipe3XXS,,O,US,Steel,AISC v15.0,27.7,88.9,88.9,14.2,14.2,,,,,,,,0.279,10.1,241,241,2.69,2.69,54.2,54.2,80.1,80.1,,,,483,33.4,,,,,,,,,,,,,,6.26,109,
,Pipe2-1/2XXS,,O,US,Steel,AISC v15.0,20.4,73,73,13.1,13.1,,,,,,,,0.23,11.3,116,116,2.16,2.16,31.7,31.7,47.7,47.7,,,,231,24.7,,,,,,,,,,,,,,5.59,63.4,
,Pipe2XXS,,O,US,Steel,AISC v15.0,13.5,60.3,60.3,10.3,10.3,,,,,,,,0.19,14.1,52.9,52.9,1.81,1.81,17.5,17.5,26.2,26.2,,,,106,16.2,,,,,,,,,,,,,,5.85,35.1,
,L12X12X1-3/8,,L,US,Steel,AISC v15.0,156.3,304.8,304.8,34.9,34.9,,,,,,,,1.2,7.7,17200,17200,9.26,9.26,796,796,1440,1440,,,,828,201,,,,8.89,8.89,27500,6870,11.7,5.85,,,1,,,,
,L12X12X1-1/4,,L,US,Steel,AISC v15.0,143.5,304.8,304.8,31.8,31.8,,,,,,,,1.2,8.39,15900,15900,9.3,9.3,730,730,1320,1320,,,,620,183,,,,8.76,8.76,25400,6330,11.8,5.88,,,1,,,,
,L12X12X1-1/8,,L,US,Steel,AISC v15.0,129.8,304.8,304.8,28.6,28.6,,,,,,,,1.2,9.28,14600,14600,9.36,9.36,667,667,1210,1210,,,,462,166,,,,8.66,8.66,23300,5830,11.8,5.92,,,1,,,,
,L12X12X1,,L,US,Steel,AISC v15.0,115.8,304.8,304.8,25.4,25.4,,,,,,,,1.2,10.4,13100,13100,9.4,9.4,597,597,1080,1080,,,,325,148,,,,8.53,8.53,21000,5240,11.9,5.95,,,1,,,,
,L10X10X1-3/8,,L,US,Steel,AISC v15.0,129.6,254,254,34.9,34.9,,,,,,,,0.999,7.7,9610,9610,7.63,7.63,540,540,982,980,,,,683,165,,,,7.62,7.62,15400,3880,9.64,4.85,,,1,,,,
,L10X10X1-1/4,,L,US,Steel,AISC v15.0,118.9,254,254,31.8,31.8,,,,,,,,0.999,8.4,8870,8870,7.66,7.66,495,495,900,900,,,,512,151,,,,7.49,7.49,14200,3550,9.7,4.85,,,1,,,,
,L10X10X1-1/8,,L,US,Steel,AISC v15.0,107.6,254,254,28.6,28.6,,,,,,,,0.999,9.28,8160,8160,7.7,7.7,452,452,823,823,,,,383,137,,,,7.37,7.37,13100,3250,9.75,4.87,,,1,,,,
,L10X10X1,,L,US,Steel,AISC v15.0,96.3,254,254,25.4,25.4,,,,,,,,0.999,10.4,7370,7370,7.75,7.75,406,406,737,737,,,,269,123,,,,7.26,7.26,11800,2930,9.82,4.89,,,1,,,,
,L10X10X7/8,,L,US,Steel,AISC v15.0,84.7,254,254,22.2,22.2,,,,,,,,0.999,11.8,6580,6580,7.79,7.79,360,360,654,654,,,,183,108,,,,7.11,7.11,10500,2610,9.86,4.91,,,1,,,,
,L10X10X3/4,,L,US,Steel,AISC v15.0,73.1,254,254,19,19,,,,,,,,0.999,13.7,5790,5790,7.86,7.86,314,314,567,567,,,,117,93.5,,,,7.01,7.01,9240,2320,9.94,4.98,,,1,,,,
,L8X8X1-1/8,,L,US,Steel,AISC v15.0,84.7,203.2,203.2,28.6,28.6,,,,,,,,0.799,9.44,4080,4080,6.14,6.14,287,287,518,518,,,,297,108,,,,6.1,6.1,6450,1690,7.72,3.95,,,1,,,,
,L8X8X1,,L,US,Steel,AISC v15.0,75.9,203.2,203.2,25.4,25.4,,,,,,,,0.799,10.5,3710,3710,6.17,6.17,259,259,467,467,,,,211,97.4,,,,5.99,5.99,5870,1530,7.76,3.97,,,1,,,,
,L8X8X7/8,,L,US,Steel,AISC v15.0,67,203.2,203.2,22.2,22.2,,,,,,,,0.799,11.9,3320,3320,6.22,6.22,229,230,415,415,,,,144,85.8,,,,5.87,5.87,5290,1360,7.85,3.98,,,1,,,,
,L8X8X3/4,,L,US,Steel,AISC v15.0,57.9,203.2,203.2,19,19,,,,,,,,0.799,13.8,2910,2910,6.26,6.26,200,200,361,361,,,,92,74.2,,,,5.74,5.74,4620,1190,7.89,4,,,1,,,,
,L8X8X5/8,,L,US,Steel,AISC v15.0,48.7,203.2,203.2,15.9,15.9,,,,,,,,0.799,16.4,2480,2480,6.3,6.3,169,169,305,305,,,,54.1,62.5,,,,5.61,5.61,3950,1010,7.95,4.01,,,1,,,,
,L8X8X9/16,,L,US,Steel,AISC v15.0,44,203.2,203.2,14.3,14.3,,,,,,,,0.799,18.1,2260,2260,6.31,6.31,153,153,275,275,,,,40,56.6,,,,5.56,5.56,3600,912,7.97,4.01,,,1,,,,
,L8X8X1/2,,L,US,Steel,AISC v15.0,39.3,203.2,203.2,12.7,12.7,,,,,,,,0.799,20.3,2030,2030,6.34,6.34,137,137,247,247,,,,28.4,50.6,,,,5.51,5.51,3240,824,8.01,4.04,,,1,,,,
,L8X6X1,,L,US,Steel,AISC v15.0,65.8,203.2,152.4,25.4,25.4,,,,,,,,0.7,10.6,3370,1610,6.31,4.37,248,146,447,265,,,,181,84.5,,,,6.73,4.19,4100,887,6.96,3.24,,,0.542,,,,
,L8X6X7/8,,L,US,Steel,AISC v15.0,58.2,203.2,152.4,22.2,22.2,,,,,,,,0.7,12,3010,1450,6.37,4.42,220,130,398,236,,,,123,74.2,,,,6.6,4.06,3680,787,7.04,3.26,,,0.546,,,,
,L8X6X3/4,,L,US,Steel,AISC v15.0,50.3,203.2,152.4,19,19,,,,,,,,0.7,13.9,2640,1280,6.4,4.46,191,114,346,205,,,,79.1,64.5,,,,6.48,3.96,3240,691,7.09,3.27,,,0.55,,,,
,L8X6X5/8,,L,US,Steel,AISC v15.0,42.4,203.2,152.4,15.9,15.9,,,,,,,,0.7,16.5,2260,1100,6.45,4.5,162,96.4,293,172,,,,46.6,54.3,,,,6.35,3.84,2770,587,7.14,3.29,,,0.554,,,,
,L8X6X9/16,,L,US,Steel,AISC v15.0,38.2,203.2,152.4,14.3,14.3,,,,,,,,0.7,18.3,2060,1000,6.47,4.52,147,87.6,265,156,,,,34.3,49.1,,,,6.3,3.78,2530,533,7.17,3.29,,,0.556,,,,
,L8X6X1/2,,L,US,Steel,AISC v15.0,34.2,203.2,152.4,12.7,12.7,,,,,,,,0.7,20.5,1850,903,6.49,4.54,131,78.3,239,140,,,,24.3,43.9,,,,6.25,3.71,2270,479,7.2,3.3,,,0.557,,,,
,L8X6X7/16,,L,US,Steel,AISC v15.0,30.1,203.2,152.4,11.1,11.1,,,,,,,,0.7,23.3,1640,803,6.51,4.56,116,69.4,211,123,,,,16.5,38.6,,,,6.17,3.66,2010,425,7.22,3.31,,,0.559,,,,
,L8X4X1,,L,US,Steel,AISC v15.0,55.7,203.2,101.6,25.4,25.4,,,,,,,,0.599,10.8,2900,483,6.36,2.6,230,64.2,398,127,,,,153,71.6,,,,7.7,2.64,3060,326,6.53,2.13,,,0.247,,,,
,L8X4X7/8,,L,US,Steel,AISC v15.0,49.3,203.2,101.6,22.2,22.2,,,,,,,,0.599,12.2,2610,437,6.42,2.63,205,57.3,356,111,,,,104,63.2,,,,7.59,2.53,2750,290,6.6,2.14,,,0.252,,,,
,L8X4X3/4,,L,US,Steel,AISC v15.0,42.7,203.2,101.6,19,19,,,,,,,,0.599,14,2290,390,6.46,2.67,178,50.3,310,95.4,,,,67,54.8,,,,7.47,2.41,2420,256,6.65,2.16,,,0.257,,,,
,L8X4X5/8,,L,US,Steel,AISC v15.0,36,203.2,101.6,15.9,15.9,,,,,,,,0.599,16.6,1960,338,6.51,2.7,151,42.9,264,79.6,,,,39.8,46.2,,,,7.34,2.29,2080,218,6.71,2.17,,,0.262,,,,
,L8X4X9/16,,L,US,Steel,AISC v15.0,32.6,203.2,101.6,14.3,14.3,,,,,,,,0.599,18.4,1790,310,6.53,2.72,137,39.1,239,71.9,,,,29.3,41.9,,,,7.26,2.23,1900,199,6.73,2.18,,,0.264,,,,
,L8X4X1/2,,L,US,Steel,AISC v15.0,29.2,203.2,101.6,12.7,12.7,,,,,,,,0.599,20.5,1610,281,6.55,2.74,122,35.2,215,64.1,,,,20.9,37.4,,,,7.21,2.17,1710,180,6.75,2.19,,,0.266,,,,
,L8X4X7/16,,L,US,Steel,AISC v15.0,25.6,203.2,101.6,11.1,11.1,,,,,,,,0.599,23.4,1420,251,6.57,2.76,108,31.2,190,56,,,,14.2,33,,,,7.14,2.11,1520,160,6.78,2.2,,,0.268,,,,
,L7X4X3/4,,L,US,Steel,AISC v15.0,39,177.8,101.6,19,19,,,,,,,,0.548,14.1,1570,375,5.61,2.74,137,49.2,243,91.8,,,,61.2,49.9,,,,6.35,2.54,1710,234,5.86,2.17,,,0.324,,,,
,L7X4X5/8,,L,US,Steel,AISC v15.0,32.9,177.8,101.6,15.9,15.9,,,,,,,,0.548,16.7,1350,324,5.67,2.78,117,42,205,76.9,,,,36.1,41.9,,,,6.22,2.43,1470,200,5.93,2.18,,,0.329,,,,
,L7X4X1/2,,L,US,Steel,AISC v15.0,26.6,177.8,101.6,12.7,12.7,,,,,,,,0.548,20.6,1110,270,5.71,2.82,94.6,34.4,167,61.8,,,,19,33.9,,,,6.1,2.31,1210,164,5.97,2.2,,,0.334,,,,
,L7X4X7/16,,L,US,Steel,AISC v15.0,23.4,177.8,101.6,11.1,11.1,,,,,,,,0.548,23.5,982,241,5.73,2.84,83.4,30.5,148,54.2,,,,12.9,29.9,,,,6.05,2.25,1080,146,6.01,2.21,,,0.337,,,,
,L7X4X3/8,,L,US,Steel,AISC v15.0,20.2,177.8,101.6,9.5,9.5,,,,,,,,0.548,27.1,853,211,5.75,2.86,72,26.4,128,46.5,,,,8.24,25.8,,,,5.97,2.19,937,127,6.02,2.21,,,0.339,,,,
,L6X6X1,,L,US,Steel,AISC v15.0,55.7,152.4,152.4,25.4,25.4,,,,,,,,0.599,10.8,1470,1470,4.56,4.56,140,140,252,252,,,,153,71,,,,4.72,4.72,2320,620,5.72,2.96,,,1,,,,
,L6X6X7/8,,L,US,Steel,AISC v15.0,49.3,152.4,152.4,22.2,22.2,,,,,,,,0.599,12.2,1330,1330,4.59,4.59,125,125,225,225,,,,104,62.9,,,,4.6,4.6,2100,554,5.78,2.97,,,1,,,,
,L6X6X3/4,,L,US,Steel,AISC v15.0,42.7,152.4,152.4,19,19,,,,,,,,0.599,14,1170,1170,4.63,4.63,109,109,195,195,,,,67,54.6,,,,4.5,4.5,1860,483,5.83,2.97,,,1,,,,
,L6X6X5/8,,L,US,Steel,AISC v15.0,36,152.4,152.4,15.9,15.9,,,,,,,,0.599,16.6,1000,1000,4.67,4.67,92.2,92.3,166,166,,,,39.8,46,,,,4.37,4.37,1600,408,5.89,2.98,,,1,,,,
,L6X6X9/16,,L,US,Steel,AISC v15.0,32.6,152.4,152.4,14.3,14.3,,,,,,,,0.599,18.4,916,916,4.69,4.69,83.7,83.8,150,150,,,,29.3,41.6,,,,4.32,4.32,1460,370,5.93,2.98,,,1,,,,
,L6X6X1/2,,L,US,Steel,AISC v15.0,29.2,152.4,152.4,12.7,12.7,,,,,,,,0.599,20.5,828,828,4.72,4.72,75.3,75.3,135,135,,,,20.9,37.2,,,,4.24,4.24,1320,335,5.96,3,,,1,,,,
,L6X6X7/16,,L,US,Steel,AISC v15.0,25.6,152.4,152.4,11.1,11.1,,,,,,,,0.599,23.4,733,733,4.73,4.73,66.2,66.3,119,119,,,,14.2,32.8,,,,4.19,4.19,1170,293,5.97,2.99,,,1,,,,
,L6X6X3/8,,L,US,Steel,AISC v15.0,22.2,152.4,152.4,9.5,9.5,,,,,,,,0.599,27,641,641,4.76,4.76,57.6,57.6,103,103,,,,9.07,28.3,,,,4.11,4.11,1020,258,6.02,3.02,,,1,,,,
,L6X6X5/16,,L,US,Steel,AISC v15.0,18.5,152.4,152.4,7.9,7.9,,,,,,,,0.599,32.4,541,541,4.78,4.78,48.3,48.4,86.2,86.2,,,,5.37,23.7,,,,4.06,4.06,866,216,6.05,3.02,,,1,,,,
,L6X4X7/8,,L,US,Steel,AISC v15.0,40.5,152.4,101.6,22.2,22.2,,,,,,,,0.497,12.3,1150,404,4.73,2.8,117,55.2,208,103,,,,84.5,51.6,,,,5.38,2.84,1320,242,5.05,2.17,,,0.421,,,,
,L6X4X3/4,,L,US,Steel,AISC v15.0,35.1,152.4,101.6,19,19,,,,,,,,0.497,14.2,1020,359,4.77,2.83,102,48.3,182,88.8,,,,54.5,44.8,,,,5.26,2.72,1170,211,5.11,2.17,,,0.428,,,,
,L6X4X5/8,,L,US,Steel,AISC v15.0,29.8,152.4,101.6,15.9,15.9,,,,,,,,0.497,16.7,874,311,4.81,2.87,86.4,41.3,155,74.7,,,,32.3,37.8,,,,5.16,2.62,1010,180,5.16,2.18,,,0.435,,,,
,L6X4X9/16,,L,US,Steel,AISC v15.0,26.9,152.4,101.6,14.3,14.3,,,,,,,,0.497,18.5,799,286,4.83,2.89,78.5,37.5,141,67.7,,,,23.8,34.3,,,,5.08,2.54,920,164,5.18,2.19,,,0.438,,,,
,L6X4X1/2,,L,US,Steel,AISC v15.0,24.1,152.4,101.6,12.7,12.7,,,,,,,,0.497,20.6,720,259,4.85,2.91,70.3,33.8,126,60.5,,,,16.9,30.6,,,,5.03,2.49,832,147,5.21,2.19,,,0.44,,,,
,L6X4X7/16,,L,US,Steel,AISC v15.0,21.3,152.4,101.6,11.1,11.1,,,,,,,,0.497,23.4,641,231,4.88,2.93,62.1,29.9,112,53.1,,,,11.5,27,,,,4.95,2.43,741,131,5.24,2.2,,,0.443,,,,
,L6X4X3/8,,L,US,Steel,AISC v15.0,18.3,152.4,101.6,9.5,9.5,,,,,,,,0.497,27.2,558,202,4.89,2.95,53.7,26,96.5,45.7,,,,7.37,23.3,,,,4.9,2.37,645,114,5.26,2.21,,,0.446,,,,
,L6X4X5/16,,L,US,Steel,AISC v15.0,15.3,152.4,101.6,7.9,7.9,,,,,,,,0.497,32.4,475,172,4.93,2.97,45.4,21.9,81.3,38.2,,,,4.33,19.5,,,,4.83,2.31,549,96.1,5.3,2.22,,,0.449,,,,
,L6X3-1/2X1/2,,L,US,Steel,AISC v15.0,22.8,152.4,88.9,12.7,12.7,,,,,,,,0.472,20.7,691,176,4.88,2.47,69,26,123,47.2,,,,16.1,29,,,,5.26,2.11,762,108,5.12,1.93,,,0.343,,,,
,L6X3-1/2X3/8,,L,US,Steel,AISC v15.0,17.4,152.4,88.9,9.5,9.5,,,,,,,,0.472,27.1,537,139,4.92,2.5,52.9,20.1,94.1,35.7,,,,6.99,22.2,,,,5.13,1.98,591,83.7,5.16,1.94,,,0.349,,,,
,L6X3-1/2X5/16,,L,US,Steel,AISC v15.0,14.6,152.4,88.9,7.9,7.9,,,,,,,,0.472,32.4,454,118,4.93,2.52,44.4,17,79.3,29.8,,,,4.12,18.6,,,,5.08,1.92,499,70.8,5.18,1.95,,,0.352,,,,
,L5X5X7/8,,L,US,Steel,AISC v15.0,40.5,127,127,22.2,22.2,,,,,,,,0.497,12.3,741,741,3.79,3.79,84.8,84.8,153,153,,,,86.2,51.6,,,,3.96,3.96,1170,316,4.75,2.48,,,1,,,,
,L5X5X3/4,,L,US,Steel,AISC v15.0,35.1,127,127,19,19,,,,,,,,0.497,14.2,653,653,3.81,3.81,73.8,73.9,133,133,,,,55.4,45,,,,3.86,3.86,1030,273,4.79,2.46,,,1,,,,
,L5X5X5/8,,L,US,Steel,AISC v15.0,29.8,127,127,15.9,15.9,,,,,,,,0.497,16.7,566,566,3.86,3.86,63.1,63.1,114,114,,,,33,38.1,,,,3.73,3.73,899,234,4.86,2.48,,,1,,,,
,L5X5X1/2,,L,US,Steel,AISC v15.0,24.1,127,127,12.7,12.7,,,,,,,,0.497,20.6,470,470,3.9,3.9,51.7,51.7,92.8,92.8,,,,17.4,30.9,,,,3.61,3.61,749,193,4.92,2.5,,,1,,,,
,L5X5X7/16,,L,US,Steel,AISC v15.0,21.3,127,127,11.1,11.1,,,,,,,,0.497,23.4,416,416,3.91,3.91,45.4,45.5,81.9,81.9,,,,11.8,27.2,,,,3.56,3.56,662,168,4.93,2.49,,,1,,,,
,L5X5X3/8,,L,US,Steel,AISC v15.0,18.3,127,127,9.5,9.5,,,,,,,,0.497,27.2,365,365,3.93,3.93,39.5,39.5,71,71,,,,7.62,23.5,,,,3.48,3.48,583,148,4.97,2.5,,,1,,,,
,L5X5X5/16,,L,US,Steel,AISC v15.0,15.3,127,127,7.9,7.9,,,,,,,,0.497,32.4,310,310,3.95,3.95,33.3,33.4,59.8,59.8,,,,4.5,19.8,,,,3.43,3.43,495,125,5,2.51,,,1,,,,
,L5X3-1/2X3/4,,L,US,Steel,AISC v15.0,29.5,127,88.9,19,19,,,,,,,,0.422,14.3,579,230,3.92,2.47,69.8,36.1,125,66.7,,,,45.4,37.7,,,,4.42,2.52,674,134,4.23,1.89,,,0.464,,,,
,L5X3-1/2X5/8,,L,US,Steel,AISC v15.0,25,127,88.9,15.9,15.9,,,,,,,,0.422,16.9,499,200,3.96,2.51,59.4,30.8,107,56.2,,,,27.1,31.8,,,,4.29,2.41,587,114,4.3,1.89,,,0.472,,,,
,L5X3-1/2X1/2,,L,US,Steel,AISC v15.0,20.2,127,88.9,12.7,12.7,,,,,,,,0.422,20.9,416,167,4.02,2.55,48.8,25.3,87.3,45.7,,,,14.3,25.8,,,,4.19,2.29,491,94.1,4.36,1.91,,,0.479,,,,
,L5X3-1/2X3/8,,L,US,Steel,AISC v15.0,15.5,127,88.9,9.5,9.5,,,,,,,,0.422,27.3,323,131,4.05,2.58,37.2,19.5,67,34.7,,,,6.24,19.7,,,,4.06,2.17,381,72,4.4,1.91,,,0.485,,,,
,L5X3-1/2X5/16,,L,US,Steel,AISC v15.0,12.9,127,88.9,7.9,7.9,,,,,,,,0.422,32.6,274,112,4.07,2.6,31.4,16.5,56.5,29,,,,3.68,16.5,,,,3.99,2.11,325,61.2,4.43,1.92,,,0.489,,,,
,L5X3-1/2X1/4,,L,US,Steel,AISC v15.0,10.4,127,88.9,6.4,6.4,,,,,,,,0.422,40.5,223,91.6,4.09,2.62,25.3,13.4,45.6,23.3,,,,1.93,13.4,,,,3.94,2.04,265,49.5,4.46,1.93,,,0.491,,,,
,L5X3X1/2,,L,US,Steel,AISC v15.0,19,127,76.2,12.7,12.7,,,,,,,,0.397,20.8,393,106,4.03,2.09,47.3,18.5,83.9,34.1,,,,13.4,24.2,,,,4.42,1.89,433,64.5,4.23,1.63,,,0.357,,,,
,L5X3X7/16,,L,US,Steel,AISC v15.0,16.8,127,76.2,11.1,11.1,,,,,,,,0.397,23.6,350,95.3,4.05,2.11,41.8,16.5,74.2,29.8,,,,9.16,21.4,,,,4.37,1.83,388,57,4.26,1.63,,,0.361,,,,
,L5X3X3/8,,L,US,Steel,AISC v15.0,14.6,127,76.2,9.5,9.5,,,,,,,,0.397,27.2,306,83.7,4.07,2.13,36.3,14.3,64.4,25.7,,,,5.87,18.5,,,,4.29,1.77,340,49.9,4.29,1.65,,,0.364,,,,
,L5X3X5/16,,L,US,Steel,AISC v15.0,12.2,127,76.2,7.9,7.9,,,,,,,,0.397,32.5,260,71.6,4.09,2.15,30.5,12.1,54.4,21.5,,,,3.46,15.5,,,,4.24,1.71,289,42,4.31,1.64,,,0.368,,,,
,L5X3X1/4,,L,US,Steel,AISC v15.0,9.82,127,76.2,6.4,6.4,,,,,,,,0.397,40.4,212,58.7,4.11,2.17,24.7,9.82,43.9,17.2,,,,1.82,12.5,,,,4.17,1.65,236,34.3,4.35,1.66,,,0.371,,,,
,L4X4X3/4,,L,US,Steel,AISC v15.0,27.5,101.6,101.6,19,19,,,,,,,,0.398,14.5,317,317,3.01,3.01,45.7,45.7,82.3,82.3,,,,42.5,35.1,,,,3.23,3.23,499,135,3.77,1.96,,,1,,,,
,L4X4X5/8,,L,US,Steel,AISC v15.0,23.4,101.6,101.6,15.9,15.9,,,,,,,,0.398,17,276,276,3.04,3.04,39,39,70.1,70.1,,,,25.4,29.7,,,,3.1,3.1,437,115,3.83,1.97,,,1,,,,
,L4X4X1/2,,L,US,Steel,AISC v15.0,19,101.6,101.6,12.7,12.7,,,,,,,,0.398,20.9,230,230,3.08,3.08,32,32.1,57.4,57.4,,,,13.4,24.2,,,,3,3,366,93.7,3.89,1.97,,,1,,,,
,L4X4X7/16,,L,US,Steel,AISC v15.0,16.8,101.6,101.6,11.1,11.1,,,,,,,,0.398,23.7,205,205,3.1,3.1,28.4,28.3,50.8,50.8,,,,9.16,21.3,,,,2.92,2.92,327,82.8,3.92,1.97,,,1,,,,
,L4X4X3/8,,L,US,Steel,AISC v15.0,14.6,101.6,101.6,9.5,9.5,,,,,,,,0.398,27.3,180,180,3.12,3.12,24.6,24.7,44.1,44.1,,,,5.87,18.5,,,,2.87,2.87,288,72,3.95,1.98,,,1,,,,
,L4X4X5/16,,L,US,Steel,AISC v15.0,12.2,101.6,101.6,7.9,7.9,,,,,,,,0.398,32.6,153,153,3.14,3.14,20.7,20.8,37,37,,,,3.46,15.5,,,,2.82,2.82,245,60.8,3.98,1.98,,,1,,,,
,L4X4X1/4,,L,US,Steel,AISC v15.0,9.82,101.6,101.6,6.4,6.4,,,,,,,,0.398,40.5,125,125,3.17,3.17,16.8,16.8,29.8,29.8,,,,1.82,12.5,,,,2.74,2.74,201,49.5,4.01,1.99,,,1,,,,
,L4X3-1/2X1/2,,L,US,Steel,AISC v15.0,17.7,101.6,88.9,12.7,12.7,,,,,,,,0.373,21,221,157,3.13,2.63,31.5,24.6,56.7,44.1,,,,12.5,22.6,,,,3.15,2.52,302,74.5,3.66,1.82,,,0.75,,,,
,L4X3-1/2X3/8,,L,US,Steel,AISC v15.0,13.5,101.6,88.9,9.5,9.5,,,,,,,,0.373,27.5,173,123,3.16,2.67,24.2,19,43.6,33.8,,,,5.49,17.3,,,,3.05,2.41,239,57.9,3.71,1.83,,,0.755,,,,
,L4X3-1/2X5/16,,L,US,Steel,AISC v15.0,11.5,101.6,88.9,7.9,7.9,,,,,,,,0.373,32.5,147,105,3.18,2.69,20.4,16,36.7,28.5,,,,3.25,14.5,,,,2.97,2.34,203,48.3,3.74,1.82,,,0.757,,,,
,L4X3-1/2X1/4,,L,US,Steel,AISC v15.0,9.23,101.6,88.9,6.4,6.4,,,,,,,,0.373,40.4,120,86.2,3.2,2.71,16.5,13,29.7,22.9,,,,1.71,11.7,,,,2.9,2.28,167,39.7,3.77,1.84,,,0.759,,,,
,L4X3X5/8,,L,US,Steel,AISC v15.0,20.2,101.6,76.2,15.9,15.9,,,,,,,,0.347,17.2,250,119,3.12,2.15,37.3,21.9,66.9,40.1,,,,22,25.7,,,,3.48,2.2,303,66.2,3.43,1.6,,,0.534,,,,
,L4X3X1/2,,L,US,Steel,AISC v15.0,16.5,101.6,76.2,12.7,12.7,,,,,,,,0.347,21,209,99.9,3.16,2.18,30.6,18.1,55.1,32.6,,,,11.7,21,,,,3.35,2.09,255,54.1,3.49,1.61,,,0.542,,,,
,L4X3X3/8,,L,US,Steel,AISC v15.0,12.6,101.6,76.2,9.5,9.5,,,,,,,,0.347,27.5,164,78.7,3.2,2.21,23.6,13.9,42.6,24.9,,,,5.12,16.1,,,,3.23,1.97,201,41.6,3.53,1.61,,,0.551,,,,
,L4X3X5/16,,L,US,Steel,AISC v15.0,10.7,101.6,76.2,7.9,7.9,,,,,,,,0.347,32.4,140,67.4,3.22,2.24,20,11.8,35.9,21,,,,3.04,13.5,,,,3.18,1.9,172,35.3,3.57,1.62,,,0.554,,,,
,L4X3X1/4,,L,US,Steel,AISC v15.0,8.63,101.6,76.2,6.4,6.4,,,,,,,,0.347,40.3,114,55.4,3.24,2.25,16.2,9.58,29,16.9,,,,1.61,10.9,,,,3.1,1.84,141,28.8,3.6,1.63,,,0.558,,,,
,L3-1/2X3-1/2X1/2,,L,US,Steel,AISC v15.0,16.5,88.9,88.9,12.7,12.7,,,,,,,,0.347,21,151,151,2.68,2.68,24.3,24.3,43.6,43.6,,,,11.7,21,,,,2.67,2.67,239,62.9,3.38,1.73,,,1,,,,
,L3-1/2X3-1/2X7/16,,L,US,Steel,AISC v15.0,14.6,88.9,88.9,11.1,11.1,,,,,,,,0.347,23.8,135,135,2.69,2.69,21.5,21.6,38.7,38.7,,,,7.99,18.6,,,,2.62,2.62,215,55.4,3.39,1.72,,,1,,,,
,L3-1/2X3-1/2X3/8,,L,US,Steel,AISC v15.0,12.6,88.9,88.9,9.5,9.5,,,,,,,,0.347,27.5,119,119,2.72,2.72,18.8,18.7,33.8,33.8,,,,5.12,16.1,,,,2.54,2.54,189,48.7,3.43,1.74,,,1,,,,
,L3-1/2X3-1/2X5/16,,L,US,Steel,AISC v15.0,10.7,88.9,88.9,7.9,7.9,,,,,,,,0.347,32.4,102,102,2.74,2.74,15.8,15.9,28.5,28.5,,,,3.04,13.5,,,,2.49,2.49,162,41,3.46,1.74,,,1,,,,
,L3-1/2X3-1/2X1/4,,L,US,Steel,AISC v15.0,8.63,88.9,88.9,6.4,6.4,,,,,,,,0.347,40.3,83.2,83.2,2.76,2.76,12.8,12.9,23.1,23.1,,,,1.61,11,,,,2.42,2.42,133,33.4,3.48,1.74,,,1,,,,
,L3-1/2X3X1/2,,L,US,Steel,AISC v15.0,15.2,88.9,76.2,12.7,12.7,,,,,,,,0.322,21.2,144,96.6,2.71,2.23,23.7,17.8,42.8,32.3,,,,10.8,19.5,,,,2.84,2.21,192,47.9,3.14,1.57,,,0.713,,,,
,L3-1/2X3X7/16,,L,US,Steel,AISC v15.0,13.5,88.9,76.2,11.1,11.1,,,,,,,,0.322,23.8,129,87,2.74,2.25,21.1,15.9,38,28.7,,,,7.41,17.2,,,,2.77,2.15,173,42.5,3.17,1.57,,,0.717,,,,
,L3-1/2X3X3/8,,L,US,Steel,AISC v15.0,11.8,88.9,76.2,9.5,9.5,,,,,,,,0.322,27.4,114,76.6,2.76,2.26,18.4,13.9,33.3,24.9,,,,4.75,15,,,,2.72,2.09,153,37.2,3.2,1.58,,,0.72,,,,
,L3-1/2X3X5/16,,L,US,Steel,AISC v15.0,9.82,88.9,76.2,7.9,7.9,,,,,,,,0.322,32.8,97,65.8,2.78,2.29,15.5,11.8,28.2,21,,,,2.83,12.6,,,,2.67,2.03,131,31.6,3.23,1.58,,,0.722,,,,
,L3-1/2X3X1/4,,L,US,Steel,AISC v15.0,8.04,88.9,76.2,6.4,6.4,,,,,,,,0.322,40.1,79.9,54.1,2.8,2.3,12.7,9.57,22.8,17,,,,1.5,10.2,,,,2.59,1.96,108,25.9,3.26,1.59,,,0.725,,,,
,L3-1/2X2-1/2X1/2,,L,US,Steel,AISC v15.0,14,88.9,63.5,12.7,12.7,,,,,,,,0.297,21.2,135,56.6,2.75,1.78,23,12.4,41.3,22.8,,,,9.74,17.9,,,,3.05,1.78,159,32.5,2.98,1.35,,,0.485,,,,
,L3-1/2X2-1/2X3/8,,L,US,Steel,AISC v15.0,10.7,88.9,63.5,9.5,9.5,,,,,,,,0.297,27.7,107,45.4,2.79,1.82,17.8,9.68,32.1,17.5,,,,4.29,13.7,,,,2.92,1.66,127,25.3,3.04,1.36,,,0.495,,,,
,L3-1/2X2-1/2X5/16,,L,US,Steel,AISC v15.0,9.08,88.9,63.5,7.9,7.9,,,,,,,,0.297,32.7,91.6,39,2.82,1.84,15.1,8.22,27.4,14.7,,,,2.54,11.5,,,,2.87,1.61,109,21.6,3.07,1.37,,,0.5,,,,
,L3-1/2X2-1/2X1/4,,L,US,Steel,AISC v15.0,7.29,88.9,63.5,6.4,6.4,,,,,,,,0.297,40.7,75.3,32.3,2.84,1.86,12.3,6.71,22.3,11.9,,,,1.34,9.35,,,,2.79,1.54,89.9,17.7,3.1,1.38,,,0.504,,,,
,L3X3X1/2,,L,US,Steel,AISC v15.0,14,76.2,76.2,12.7,12.7,,,,,,,,0.297,21.2,91.6,91.6,2.27,2.27,17.4,17.4,31.3,31.3,,,,9.57,17.8,,,,2.36,2.36,145,38.4,2.85,1.47,,,1,,,,
,L3X3X7/16,,L,US,Steel,AISC v15.0,12.4,76.2,76.2,11.1,11.1,,,,,,,,0.297,24,82.4,82.4,2.29,2.29,15.5,15.5,27.9,27.9,,,,6.53,15.7,,,,2.3,2.3,131,34,2.89,1.47,,,1,,,,
,L3X3X3/8,,L,US,Steel,AISC v15.0,10.7,76.2,76.2,9.5,9.5,,,,,,,,0.297,27.7,72.8,72.8,2.31,2.31,13.5,13.6,24.3,24.3,,,,4.2,13.6,,,,2.25,2.25,116,29.8,2.92,1.48,,,1,,,,
,L3X3X5/16,,L,US,Steel,AISC v15.0,9.08,76.2,76.2,7.9,7.9,,,,,,,,0.297,32.7,62.4,62.4,2.33,2.33,11.4,11.5,20.6,20.6,,,,2.48,11.5,,,,2.18,2.18,99.9,25.2,2.95,1.48,,,1,,,,
,L3X3X1/4,,L,US,Steel,AISC v15.0,7.29,76.2,76.2,6.4,6.4,,,,,,,,0.297,40.7,51.2,51.2,2.35,2.35,9.26,9.31,16.7,16.7,,,,1.3,9.29,,,,2.12,2.12,82,20.4,2.97,1.48,,,1,,,,
,L3X3X3/16,,L,US,Steel,AISC v15.0,5.52,76.2,76.2,4.8,4.8,,,,,,,,0.297,53.7,39.5,39.5,2.37,2.37,7.04,7.1,12.7,12.7,,,,0.566,7.03,,,,2.06,2.06,63.3,15.5,3,1.49,,,1,,,,
,L3X2-1/2X1/2,,L,US,Steel,AISC v15.0,12.6,76.2,63.5,12.7,12.7,,,,,,,,0.271,21.4,86.2,53.7,2.31,1.82,16.9,12.1,30.5,22,,,,8.87,16.1,,,,2.53,1.89,112,27.7,2.63,1.31,,,0.666,,,,
,L3X2-1/2X7/16,,L,US,Steel,AISC v15.0,11.3,76.2,63.5,11.1,11.1,,,,,,,,0.271,24,77.8,48.7,2.33,1.84,15.1,10.8,27.2,19.5,,,,6.08,14.3,,,,2.47,1.84,102,24.7,2.67,1.31,,,0.671,,,,
,L3X2-1/2X3/8,,L,US,Steel,AISC v15.0,9.82,76.2,63.5,9.5,9.5,,,,,,,,0.271,27.6,68.7,42.9,2.35,1.86,13.1,9.38,23.8,16.9,,,,3.93,12.5,,,,2.41,1.78,90.3,21.4,2.69,1.31,,,0.675,,,,
,L3X2-1/2X5/16,,L,US,Steel,AISC v15.0,8.33,76.2,63.5,7.9,7.9,,,,,,,,0.271,32.6,58.7,37,2.36,1.87,11.1,7.98,20.2,14.3,,,,2.33,10.5,,,,2.35,1.72,77.4,18.1,2.71,1.31,,,0.679,,,,
,L3X2-1/2X1/4,,L,US,Steel,AISC v15.0,6.7,76.2,63.5,6.4,6.4,,,,,,,,0.271,40.5,48.3,30.6,2.38,1.89,9.01,6.51,16.4,11.6,,,,1.23,8.52,,,,2.29,1.66,64.1,14.8,2.74,1.32,,,0.683,,,,
,L3X2-1/2X3/16,,L,US,Steel,AISC v15.0,5.04,76.2,63.5,4.8,4.8,,,,,,,,0.271,53.8,37.4,23.6,2.41,1.91,6.88,4.97,12.5,8.78,,,,0.541,6.45,,,,2.22,1.59,49.9,11.3,2.78,1.32,,,0.687,,,,
,L3X2X1/2,,L,US,Steel,AISC v15.0,11.5,76.2,50.8,12.7,12.7,,,,,,,,0.247,21.6,79.9,27.8,2.34,1.38,16.3,7.7,29.2,14.5,,,,7.99,14.6,,,,2.74,1.47,90.7,17,2.49,1.08,,,0.413,,,,
,L3X2X3/8,,L,US,Steel,AISC v15.0,8.78,76.2,50.8,9.5,9.5,,,,,,,,0.247,28.2,64.1,22.4,2.38,1.41,12.8,6.03,22.8,11.1,,,,3.56,11.3,,,,2.62,1.36,73.3,13.3,2.55,1.08,,,0.426,,,,
,L3X2X5/16,,L,US,Steel,AISC v15.0,7.44,76.2,50.8,7.9,7.9,,,,,,,,0.247,33.2,54.9,19.4,2.4,1.43,10.8,5.14,19.5,9.37,,,,2.12,9.55,,,,2.57,1.3,63.3,11.3,2.57,1.09,,,0.432,,,,
,L3X2X1/4,,L,US,Steel,AISC v15.0,6.1,76.2,50.8,6.4,6.4,,,,,,,,0.247,40.5,45.4,16.2,2.42,1.45,8.83,4.22,15.9,7.59,,,,1.12,7.74,,,,2.49,1.24,52.4,9.28,2.6,1.09,,,0.437,,,,
,L3X2X3/16,,L,US,Steel,AISC v15.0,4.57,76.2,50.8,4.8,4.8,,,,,,,,0.247,54.1,35.3,12.7,2.44,1.46,6.76,3.25,12.2,5.75,,,,0.495,5.92,,,,2.42,1.17,40.7,7.2,2.62,1.1,,,0.442,,,,
,L2-1/2X2-1/2X1/2,,L,US,Steel,AISC v15.0,11.5,63.5,63.5,12.7,12.7,,,,,,,,0.248,21.7,50.8,50.8,1.87,1.87,11.8,11.8,21.1,21.1,,,,7.83,14.6,,,,2.04,2.04,79.9,21.9,2.34,1.23,,,1,,,,
,L2-1/2X2-1/2X3/8,,L,US,Steel,AISC v15.0,8.78,63.5,63.5,9.5,9.5,,,,,,,,0.248,28.3,40.5,40.5,1.9,1.9.9.24,9.14,16.6,16.6,,,,3.47,11.2,,,,1.93,1.93,64.1,16.6,2.4,1.22,,,1,,,,
,L2-1/2X2-1/2X5/16,,L,US,Steel,AISC v15.0,7.44,63.5,63.5,7.9,7.9,,,,,,,,0.248,33.4,34.8,34.8,1.92,1.92,7.76,7.77,14,14,,,,2.06,9.42,,,,1.87,1.87,55.8,14.1,2.43,1.22,,,1,,,,
,L2-1/2X2-1/2X1/4,,L,US,Steel,AISC v15.0,6.1,63.5,63.5,6.4,6.4,,,,,,,,0.248,40.7,28.8,28.8,1.94,1.94,6.33,6.34,11.4,11.4,,,,1.09,7.68,,,,1.81,1.81,46.2,11.5,2.45,1.22,,,1,,,,
,L2-1/2X2-1/2X3/16,,L,US,Steel,AISC v15.0,4.57,63.5,63.5,4.8,4.8,,,,,,,,0.248,54.4,22.3,22.3,1.96,1.96,4.82,4.84,8.67,8.67,,,,0.475,5.81,,,,1.74,1.74,35.8,8.7,2.48,1.22,,,1,,,,
,L2-1/2X2X3/8,,L,US,Steel,AISC v15.0,7.89,63.5,50.8,9.5,9.5,,,,,,,,0.223,28.3,38,21.4,1.95,1.46,8.94,5.91,16.1,10.8,,,,3.11,10,,,,2.1,1.47,47.9,11.4,2.19,1.07,,,0.612,,,,
,L2-1/2X2X5/16,,L,US,Steel,AISC v15.0,6.7,63.5,50.8,7.9,7.9,,,,,,,,0.223,33.3,32.9,18.6,1.96,1.48,7.62,5.06,13.7,9.13,,,,1.85,8.52,,,,2.04,1.41,41.6,9.7,2.21,1.07,,,0.618,,,,
,L2-1/2X2X1/4,,L,US,Steel,AISC v15.0,5.39,63.5,50.8,6.4,6.4,,,,,,,,0.223,41.4,27.3,15.5,1.99,1.5,6.24,4.15,11.3,7.44,,,,0.978,6.9,,,,1.98,1.35,34.8,7.99,2.25,1.08,,,0.624,,,,
,L2-1/2X2X3/16,,L,US,Steel,AISC v15.0,4.09,63.5,50.8,4.8,4.8,,,,,,,,0.223,54.5,21.3,12.2,2.01,1.52,4.79,3.21,8.67,5.69,,,,0.429,5.28,,,,1.92,1.29,27.2,6.16,2.27,1.08,,,0.628,,,,
,L2-1/2X1-1/2X1/4,,L,US,Steel,AISC v15.0,4.75,63.5,38.1,6.4,6.4,,,,,,,,0.198,41.6,24.7,6.66,2.01,1.04,5.95,2.32,10.6,4.28,,,,0.87,6.11,,,,2.2,0.945,27.3,4.07,2.11,0.816,,,0.354,,,,
,L2-1/2X1-1/2X3/16,,L,US,Steel,AISC v15.0,3.63,63.5,38.1,4.8,4.8,,,,,,,,0.198,54.4,19.3,5.24,2.03,1.06,4.57,1.79,8.14,3.24,,,,0.383,4.67,,,,2.13,0.881,21.4,3.14,2.14,0.82,,,0.36,,,,
,L2X2X3/8,,L,US,Steel,AISC v15.0,6.99,50.8,50.8,9.5,9.5,,,,,,,,0.198,28.2,19.8,19.8,1.5,1.5,5.7,5.7,10.3,10.3,,,,2.74,8.84,,,,1.61,1.61,31.2,8.45,1.88,0.978,,,1,,,,
,L2X2X5/16,,L,US,Steel,AISC v15.0,5.83,50.8,50.8,7.9,7.9,,,,,,,,0.198,33.9,17.2,17.2,1.52,1.52,4.87,4.88,8.8,8.8,,,,1.64,7.48,,,,1.55,1.55,27.3,7.16,1.91,0.978,,,1,,,,
,L2X2X1/4,,L,US,Steel,AISC v15.0,4.75,50.8,50.8,6.4,6.4,,,,,,,,0.198,41.6,14.4,14.4,1.54,1.54,4,4.01,7.21,7.21,,,,0.87,6.09,,,,1.49,1.49,22.9,5.91,1.94,0.985,,,1,,,,
,L2X2X3/16,,L,US,Steel,AISC v15.0,3.63,50.8,50.8,4.8,4.8,,,,,,,,0.198,54.4,11.3,11.3,1.56,1.56,3.08,3.09,5.54,5.54,,,,0.383,4.66,,,,1.42,1.42,18,4.54,1.97,0.987,,,1,,,,
,L2X2X1/8,,L,US,Steel,AISC v15.0,2.46,50.8,50.8,3.2,3.2,,,,,,,,0.198,80.4,7.87,7.87,1.58,1.58,2.11,2.11,3.77,3.77,,,,0.122,3.17,,,,1.36,1.36,12.6,3.15,2,0.997,,,1,,,,
